GENE,p.CHANGE,PATHO?,CHR:POS:REF:ALT(GRCh37),rs,effect,GENE,TRANSCRIPT,cCHANGe,pCHAGNE
APP,p.Ile716Val,YES,21:27264099:T:C,,missense_variant,APP,ENST00000346798,c.2146A>G,p.Ile716Val
GRN,p.Ala155fs,YES,17:42428826:CAGGTACCCAGGGGTGGCGGGTGGGTGGGCTGAGCACAGTGTGGCAGGCAGCCGGGCCCCAGTGCCCACCTGCCCTTCTTCATCTGCCCT:C,,frameshift_variant&splice_acceptor_variant&splice_region_variant&intron_variant,GRN,ENST00000589265,c.463-88_463delTACCCAGGGGTGGCGGGTGGGTGGGCTGAGCACAGTGTGGCAGGCAGCCGGGCCCCAGTGCCCACCTGCCCTTCTTCATCTGCCCTAGG,p.Ala155fs
GRN,p.Thr382fs,YES,17:42429128:AC:A,,frameshift_variant,GRN,ENST00000053867,c.1145delC,p.Thr382fs
GRN,p.Arg110X,YES,17:42427098:C:T,rs63750411,stop_gained,GRN,ENST00000053867,c.328C>T,p.Arg110*
LRRK2,p.Gly2019Ser,YES,12:40734202:G:A,rs34637584,missense_variant,LRRK2,ENST00000298910,c.6055G>A,p.Gly2019Ser
MAPT,p.Arg406Trp,YES,17:44101427:C:T,rs63750424,missense_variant,MAPT,ENST00000351559,c.1216C>T,p.Arg406Trp
MAPT,p.Gln424Lys,YES,17:44101481:C:A,rs63750191,missense_variant,MAPT,ENST00000351559,c.1270C>A,p.Gln424Lys
PARK2,p.Gln34fs,YES,6:162864410:CCT:C,,frameshift_variant,PARK2,ENST00000366898,c.101_102delAG,p.Gln34fs
PARK2,p.Met192Leu,YES,6:162475167:T:G,rs9456735,missense_variant,PARK2,ENST00000366898,c.574A>C,p.Met192Leu
PARK2,p.Thr240Met,YES,6:162394349:G:A,rs137853054,missense_variant,PARK2,ENST00000366898,c.719C>T,p.Thr240Met
PARK2,p.Arg366Trp,YES,6:161807897:G:A,rs56092260,missense_variant,PARK2,ENST00000366898,c.1096C>T,p.Arg366Trp
PSEN1,p.Ala79Val,YES,14:73637653:C:T,rs63749824,missense_variant,PSEN1,ENST00000324501,c.236C>T,p.Ala79Val
PSEN1,p.Leu85Pro,YES,14:73637671:T:C,,missense_variant,PSEN1,ENST00000324501,c.254T>C,p.Leu85Pro
PSEN1,p.Gly206Ala,YES,14:73659420:G:C,rs63750082,missense_variant,PSEN1,ENST00000324501,c.617G>C,p.Gly206Ala
PSEN1,p.Leu226Arg,YES,14:73659480:T:G,,missense_variant,PSEN1,ENST00000324501,c.677T>G,p.Leu226Arg
PSEN1,p.Arg269Gly,YES,14:73664774:C:G,,missense_variant,PSEN1,ENST00000324501,c.805C>G,p.Arg269Gly
PSEN2,p.Asn141Ile,YES,1:227073304:A:T,,missense_variant,PSEN2,ENST00000366783,c.422A>T,p.Asn141Ile
PSEN2,p.Met174Val,YES,1:227075813:A:G,rs61757781,missense_variant,PSEN2,ENST00000366783,c.520A>G,p.Met174Val
VCP,p.Arg155His,YES,9:35065360:C:T,,missense_variant,VCP,ENST00000358901,c.464G>A,p.Arg155His
