#OTU ID	k__Fungi;__;__;__;__;__	k__Fungi;p__Aphelidiomycota;c__Aphelidiomycetes;o__GS16;f__unidentified;g__unidentified	k__Fungi;p__Ascomycota;__;__;__;__	k__Fungi;p__Ascomycota;c__Archaeorhizomycetes;o__Archaeorhizomycetales;f__Archaeorhizomycetaceae;g__Archaeorhizomyces	k__Fungi;p__Ascomycota;c__Dothideomycetes;__;__;__	k__Fungi;p__Ascomycota;c__Dothideomycetes;o__Capnodiales;__;__	k__Fungi;p__Ascomycota;c__Dothideomycetes;o__Capnodiales;f__Cladosporiaceae;g__Cladosporium	k__Fungi;p__Ascomycota;c__Dothideomycetes;o__Capnodiales;f__Mycosphaerellaceae;g__Mycosphaerella	k__Fungi;p__Ascomycota;c__Dothideomycetes;o__Capnodiales;f__Mycosphaerellaceae;g__Septoria	k__Fungi;p__Ascomycota;c__Dothideomycetes;o__Capnodiales;f__unidentified;g__unidentified	k__Fungi;p__Ascomycota;c__Dothideomycetes;o__Dothideomycetes_ord_Incertae_sedis;f__Eremomycetaceae;g__Arthrographis	k__Fungi;p__Ascomycota;c__Dothideomycetes;o__Minutisphaerales;f__Minutisphaeraceae;g__Minutisphaera	k__Fungi;p__Ascomycota;c__Dothideomycetes;o__Pleosporales;__;__	k__Fungi;p__Ascomycota;c__Dothideomycetes;o__Pleosporales;f__Coniothyriaceae;g__Coniothyrium	k__Fungi;p__Ascomycota;c__Dothideomycetes;o__Pleosporales;f__Corynesporascaceae;g__Corynespora	k__Fungi;p__Ascomycota;c__Dothideomycetes;o__Pleosporales;f__Cucurbitariaceae;g__Pyrenochaeta	k__Fungi;p__Ascomycota;c__Dothideomycetes;o__Pleosporales;f__Cucurbitariaceae;g__Pyrenochaetopsis	k__Fungi;p__Ascomycota;c__Dothideomycetes;o__Pleosporales;f__Dictyosporiaceae;g__Dictyosporium	k__Fungi;p__Ascomycota;c__Dothideomycetes;o__Pleosporales;f__Didymellaceae;__	k__Fungi;p__Ascomycota;c__Dothideomycetes;o__Pleosporales;f__Didymellaceae;g__Peyronellaea	k__Fungi;p__Ascomycota;c__Dothideomycetes;o__Pleosporales;f__Didymellaceae;g__unidentified	k__Fungi;p__Ascomycota;c__Dothideomycetes;o__Pleosporales;f__Didymosphaeriaceae;__	k__Fungi;p__Ascomycota;c__Dothideomycetes;o__Pleosporales;f__Didymosphaeriaceae;g__Paraconiothyrium	k__Fungi;p__Ascomycota;c__Dothideomycetes;o__Pleosporales;f__Didymosphaeriaceae;g__Paraphaeosphaeria	k__Fungi;p__Ascomycota;c__Dothideomycetes;o__Pleosporales;f__Lentitheciaceae;__	k__Fungi;p__Ascomycota;c__Dothideomycetes;o__Pleosporales;f__Lentitheciaceae;g__Darksidea	k__Fungi;p__Ascomycota;c__Dothideomycetes;o__Pleosporales;f__Lentitheciaceae;g__Lentithecium	k__Fungi;p__Ascomycota;c__Dothideomycetes;o__Pleosporales;f__Leptosphaeriaceae;g__Leptosphaeria	k__Fungi;p__Ascomycota;c__Dothideomycetes;o__Pleosporales;f__Leptosphaeriaceae;g__Plenodomus	k__Fungi;p__Ascomycota;c__Dothideomycetes;o__Pleosporales;f__Lophiostomataceae;__	k__Fungi;p__Ascomycota;c__Dothideomycetes;o__Pleosporales;f__Melanommataceae;g__Melanodiplodia	k__Fungi;p__Ascomycota;c__Dothideomycetes;o__Pleosporales;f__Periconiaceae;g__Periconia	k__Fungi;p__Ascomycota;c__Dothideomycetes;o__Pleosporales;f__Phaeosphaeriaceae;__	k__Fungi;p__Ascomycota;c__Dothideomycetes;o__Pleosporales;f__Phaeosphaeriaceae;g__Leptospora	k__Fungi;p__Ascomycota;c__Dothideomycetes;o__Pleosporales;f__Phaeosphaeriaceae;g__Neosetophoma	k__Fungi;p__Ascomycota;c__Dothideomycetes;o__Pleosporales;f__Phaeosphaeriaceae;g__Ophiosphaerella	k__Fungi;p__Ascomycota;c__Dothideomycetes;o__Pleosporales;f__Phaeosphaeriaceae;g__Paraphoma	k__Fungi;p__Ascomycota;c__Dothideomycetes;o__Pleosporales;f__Phaeosphaeriaceae;g__Phaeosphaeria	k__Fungi;p__Ascomycota;c__Dothideomycetes;o__Pleosporales;f__Phaeosphaeriaceae;g__Setophoma	k__Fungi;p__Ascomycota;c__Dothideomycetes;o__Pleosporales;f__Phaeosphaeriaceae;g__unidentified	k__Fungi;p__Ascomycota;c__Dothideomycetes;o__Pleosporales;f__Pleosporaceae;g__Alternaria	k__Fungi;p__Ascomycota;c__Dothideomycetes;o__Pleosporales;f__Pleosporaceae;g__Curvularia	k__Fungi;p__Ascomycota;c__Dothideomycetes;o__Pleosporales;f__Pleosporaceae;g__Exserohilum	k__Fungi;p__Ascomycota;c__Dothideomycetes;o__Pleosporales;f__Pleosporaceae;g__Neocamarosporium	k__Fungi;p__Ascomycota;c__Dothideomycetes;o__Pleosporales;f__Pleosporaceae;g__Stemphylium	k__Fungi;p__Ascomycota;c__Dothideomycetes;o__Pleosporales;f__Pleosporales_fam_Incertae_sedis;g__Pseudorobillarda	k__Fungi;p__Ascomycota;c__Dothideomycetes;o__Pleosporales;f__Sporormiaceae;__	k__Fungi;p__Ascomycota;c__Dothideomycetes;o__Pleosporales;f__Sporormiaceae;g__Preussia	k__Fungi;p__Ascomycota;c__Dothideomycetes;o__Pleosporales;f__Sporormiaceae;g__Sporormiella	k__Fungi;p__Ascomycota;c__Dothideomycetes;o__Pleosporales;f__Sporormiaceae;g__Westerdykella	k__Fungi;p__Ascomycota;c__Dothideomycetes;o__Pleosporales;f__Thyridariaceae;g__Roussoella	k__Fungi;p__Ascomycota;c__Dothideomycetes;o__Pleosporales;f__Torulaceae;g__Dendryphion	k__Fungi;p__Ascomycota;c__Dothideomycetes;o__Pleosporales;f__Torulaceae;g__Torula	k__Fungi;p__Ascomycota;c__Dothideomycetes;o__Pleosporales;f__Trematosphaeriaceae;g__Trematosphaeria	k__Fungi;p__Ascomycota;c__Dothideomycetes;o__Pleosporales;f__unidentified;g__unidentified	k__Fungi;p__Ascomycota;c__Eurotiomycetes;__;__;__	k__Fungi;p__Ascomycota;c__Eurotiomycetes;o__Chaetothyriales;__;__	k__Fungi;p__Ascomycota;c__Eurotiomycetes;o__Chaetothyriales;f__Chaetothyriaceae;g__unidentified	k__Fungi;p__Ascomycota;c__Eurotiomycetes;o__Chaetothyriales;f__Cyphellophoraceae;g__Cyphellophora	k__Fungi;p__Ascomycota;c__Eurotiomycetes;o__Chaetothyriales;f__Herpotrichiellaceae;__	k__Fungi;p__Ascomycota;c__Eurotiomycetes;o__Chaetothyriales;f__Herpotrichiellaceae;g__Cladophialophora	k__Fungi;p__Ascomycota;c__Eurotiomycetes;o__Chaetothyriales;f__Herpotrichiellaceae;g__Exophiala	k__Fungi;p__Ascomycota;c__Eurotiomycetes;o__Chaetothyriales;f__Herpotrichiellaceae;g__unidentified	k__Fungi;p__Ascomycota;c__Eurotiomycetes;o__Chaetothyriales;f__Trichomeriaceae;g__Knufia	k__Fungi;p__Ascomycota;c__Eurotiomycetes;o__Chaetothyriales;f__unidentified;g__unidentified	k__Fungi;p__Ascomycota;c__Eurotiomycetes;o__Eurotiales;__;__	k__Fungi;p__Ascomycota;c__Eurotiomycetes;o__Eurotiales;f__Aspergillaceae;__	k__Fungi;p__Ascomycota;c__Eurotiomycetes;o__Eurotiales;f__Aspergillaceae;g__Aspergillus	k__Fungi;p__Ascomycota;c__Eurotiomycetes;o__Eurotiales;f__Aspergillaceae;g__Penicillium	k__Fungi;p__Ascomycota;c__Eurotiomycetes;o__Eurotiales;f__Thermoascaceae;g__Byssochlamys	k__Fungi;p__Ascomycota;c__Eurotiomycetes;o__Eurotiales;f__Trichocomaceae;g__Sagenomella	k__Fungi;p__Ascomycota;c__Eurotiomycetes;o__Eurotiales;f__Trichocomaceae;g__Talaromyces	k__Fungi;p__Ascomycota;c__Eurotiomycetes;o__Onygenales;__;__	k__Fungi;p__Ascomycota;c__Eurotiomycetes;o__Onygenales;f__Arachnomycetaceae;g__Arachnomyces	k__Fungi;p__Ascomycota;c__Eurotiomycetes;o__Onygenales;f__Onygenaceae;g__Auxarthron	k__Fungi;p__Ascomycota;c__Eurotiomycetes;o__Onygenales;f__Onygenales_fam_Incertae_sedis;g__Chrysosporium	k__Fungi;p__Ascomycota;c__Eurotiomycetes;o__Onygenales;f__unidentified;g__unidentified	k__Fungi;p__Ascomycota;c__Lecanoromycetes;o__unidentified;f__unidentified;g__unidentified	k__Fungi;p__Ascomycota;c__Leotiomycetes;o__Helotiales;__;__	k__Fungi;p__Ascomycota;c__Leotiomycetes;o__Helotiales;f__Helotiaceae;__	k__Fungi;p__Ascomycota;c__Leotiomycetes;o__Helotiales;f__Helotiaceae;g__Articulospora	k__Fungi;p__Ascomycota;c__Leotiomycetes;o__Helotiales;f__Helotiaceae;g__Glarea	k__Fungi;p__Ascomycota;c__Leotiomycetes;o__Helotiales;f__Helotiaceae;g__Hymenoscyphus	k__Fungi;p__Ascomycota;c__Leotiomycetes;o__Helotiales;f__Helotiaceae;g__Scytalidium	k__Fungi;p__Ascomycota;c__Leotiomycetes;o__Helotiales;f__Helotiaceae;g__Tetracladium	k__Fungi;p__Ascomycota;c__Leotiomycetes;o__Helotiales;f__Helotiales_fam_Incertae_sedis;g__Cadophora	k__Fungi;p__Ascomycota;c__Leotiomycetes;o__Helotiales;f__Helotiales_fam_Incertae_sedis;g__Chalara	k__Fungi;p__Ascomycota;c__Leotiomycetes;o__Helotiales;f__Helotiales_fam_Incertae_sedis;g__Leohumicola	k__Fungi;p__Ascomycota;c__Leotiomycetes;o__Helotiales;f__Helotiales_fam_Incertae_sedis;g__Spirosphaera	k__Fungi;p__Ascomycota;c__Leotiomycetes;o__Helotiales;f__Hyaloscyphaceae;__	k__Fungi;p__Ascomycota;c__Leotiomycetes;o__Helotiales;f__Hyaloscyphaceae;g__Cistella	k__Fungi;p__Ascomycota;c__Leotiomycetes;o__Helotiales;f__Hyaloscyphaceae;g__Lachnum	k__Fungi;p__Ascomycota;c__Leotiomycetes;o__Helotiales;f__Hyaloscyphaceae;g__Microscypha	k__Fungi;p__Ascomycota;c__Leotiomycetes;o__Helotiales;f__Myxotrichaceae;g__Oidiodendron	k__Fungi;p__Ascomycota;c__Leotiomycetes;o__Helotiales;f__Rutstroemiaceae;g__Rutstroemia	k__Fungi;p__Ascomycota;c__Leotiomycetes;o__Helotiales;f__Sclerotiniaceae;g__Pycnopeziza	k__Fungi;p__Ascomycota;c__Leotiomycetes;o__Helotiales;f__Vibrisseaceae;g__Phialocephala	k__Fungi;p__Ascomycota;c__Leotiomycetes;o__Thelebolales;f__Pseudeurotiaceae;g__Pseudogymnoascus	k__Fungi;p__Ascomycota;c__Leotiomycetes;o__Thelebolales;f__unidentified;g__unidentified	k__Fungi;p__Ascomycota;c__Orbiliomycetes;__;__;__	k__Fungi;p__Ascomycota;c__Orbiliomycetes;o__Orbiliales;f__Orbiliaceae;g__Arthrobotrys	k__Fungi;p__Ascomycota;c__Orbiliomycetes;o__Orbiliales;f__Orbiliaceae;g__unidentified	k__Fungi;p__Ascomycota;c__Orbiliomycetes;o__unidentified;f__unidentified;g__unidentified	k__Fungi;p__Ascomycota;c__Pezizomycetes;o__Pezizales;__;__	k__Fungi;p__Ascomycota;c__Pezizomycetes;o__Pezizales;f__Ascobolaceae;__	k__Fungi;p__Ascomycota;c__Pezizomycetes;o__Pezizales;f__Ascobolaceae;g__Ascobolus	k__Fungi;p__Ascomycota;c__Pezizomycetes;o__Pezizales;f__Ascodesmidaceae;g__Cephaliophora	k__Fungi;p__Ascomycota;c__Pezizomycetes;o__Pezizales;f__Pezizaceae;__	k__Fungi;p__Ascomycota;c__Pezizomycetes;o__Pezizales;f__Pezizaceae;g__Iodophanus	k__Fungi;p__Ascomycota;c__Pezizomycetes;o__Pezizales;f__Pezizaceae;g__Peziza	k__Fungi;p__Ascomycota;c__Pezizomycetes;o__Pezizales;f__Pezizaceae;g__unidentified	k__Fungi;p__Ascomycota;c__Pezizomycetes;o__Pezizales;f__Pyronemataceae;__	k__Fungi;p__Ascomycota;c__Pezizomycetes;o__Pezizales;f__Pyronemataceae;g__Byssonectria	k__Fungi;p__Ascomycota;c__Pezizomycetes;o__Pezizales;f__Pyronemataceae;g__Pseudaleuria	k__Fungi;p__Ascomycota;c__Pezizomycetes;o__Pezizales;f__Pyronemataceae;g__Scutellinia	k__Fungi;p__Ascomycota;c__Pezizomycetes;o__Pezizales;f__Pyronemataceae;g__unidentified	k__Fungi;p__Ascomycota;c__Saccharomycetes;o__Saccharomycetales;__;__	k__Fungi;p__Ascomycota;c__Saccharomycetes;o__Saccharomycetales;f__Debaryomycetaceae;g__Debaryomyces	k__Fungi;p__Ascomycota;c__Saccharomycetes;o__Saccharomycetales;f__Phaffomycetaceae;g__Cyberlindnera	k__Fungi;p__Ascomycota;c__Saccharomycetes;o__Saccharomycetales;f__Saccharomycetales_fam_Incertae_sedis;g__Candida	k__Fungi;p__Ascomycota;c__Saccharomycetes;o__Saccharomycetales;f__unidentified;g__unidentified	k__Fungi;p__Ascomycota;c__Sordariomycetes;__;__;__	k__Fungi;p__Ascomycota;c__Sordariomycetes;o__Branch06;f__unidentified;g__unidentified	k__Fungi;p__Ascomycota;c__Sordariomycetes;o__Chaetosphaeriales;f__Chaetosphaeriaceae;g__Chaetosphaeria	k__Fungi;p__Ascomycota;c__Sordariomycetes;o__Chaetosphaeriales;f__Chaetosphaeriaceae;g__unidentified	k__Fungi;p__Ascomycota;c__Sordariomycetes;o__Coniochaetales;f__Coniochaetaceae;__	k__Fungi;p__Ascomycota;c__Sordariomycetes;o__Coniochaetales;f__Coniochaetaceae;g__Coniochaeta	k__Fungi;p__Ascomycota;c__Sordariomycetes;o__Coniochaetales;f__Coniochaetaceae;g__Lecythophora	k__Fungi;p__Ascomycota;c__Sordariomycetes;o__Coniochaetales;f__Coniochaetaceae;g__unidentified	k__Fungi;p__Ascomycota;c__Sordariomycetes;o__Glomerellales;f__Plectosphaerellaceae;g__Acrostalagmus	k__Fungi;p__Ascomycota;c__Sordariomycetes;o__Glomerellales;f__Plectosphaerellaceae;g__Lectera	k__Fungi;p__Ascomycota;c__Sordariomycetes;o__Glomerellales;f__Plectosphaerellaceae;g__Plectosphaerella	k__Fungi;p__Ascomycota;c__Sordariomycetes;o__Glomerellales;f__Plectosphaerellaceae;g__Verticillium	k__Fungi;p__Ascomycota;c__Sordariomycetes;o__Glomerellales;f__Plectosphaerellaceae;g__unidentified	k__Fungi;p__Ascomycota;c__Sordariomycetes;o__Hypocreales;__;__	k__Fungi;p__Ascomycota;c__Sordariomycetes;o__Hypocreales;f__Bionectriaceae;g__Clonostachys	k__Fungi;p__Ascomycota;c__Sordariomycetes;o__Hypocreales;f__Bionectriaceae;g__Gliomastix	k__Fungi;p__Ascomycota;c__Sordariomycetes;o__Hypocreales;f__Bionectriaceae;g__Hydropisphaera	k__Fungi;p__Ascomycota;c__Sordariomycetes;o__Hypocreales;f__Bionectriaceae;g__Nectriopsis	k__Fungi;p__Ascomycota;c__Sordariomycetes;o__Hypocreales;f__Bionectriaceae;g__Valsonectria	k__Fungi;p__Ascomycota;c__Sordariomycetes;o__Hypocreales;f__Clavicipitaceae;__	k__Fungi;p__Ascomycota;c__Sordariomycetes;o__Hypocreales;f__Clavicipitaceae;g__Metarhizium	k__Fungi;p__Ascomycota;c__Sordariomycetes;o__Hypocreales;f__Clavicipitaceae;g__Periglandula	k__Fungi;p__Ascomycota;c__Sordariomycetes;o__Hypocreales;f__Clavicipitaceae;g__unidentified	k__Fungi;p__Ascomycota;c__Sordariomycetes;o__Hypocreales;f__Hypocreaceae;g__Trichoderma	k__Fungi;p__Ascomycota;c__Sordariomycetes;o__Hypocreales;f__Hypocreales_fam_Incertae_sedis;g__Acremonium	k__Fungi;p__Ascomycota;c__Sordariomycetes;o__Hypocreales;f__Hypocreales_fam_Incertae_sedis;g__Fusariella	k__Fungi;p__Ascomycota;c__Sordariomycetes;o__Hypocreales;f__Hypocreales_fam_Incertae_sedis;g__Sarocladium	k__Fungi;p__Ascomycota;c__Sordariomycetes;o__Hypocreales;f__Hypocreales_fam_Incertae_sedis;g__Stilbella	k__Fungi;p__Ascomycota;c__Sordariomycetes;o__Hypocreales;f__Hypocreales_fam_Incertae_sedis;g__Trichothecium	k__Fungi;p__Ascomycota;c__Sordariomycetes;o__Hypocreales;f__Nectriaceae;__	k__Fungi;p__Ascomycota;c__Sordariomycetes;o__Hypocreales;f__Nectriaceae;g__Cosmospora	k__Fungi;p__Ascomycota;c__Sordariomycetes;o__Hypocreales;f__Nectriaceae;g__Fusarium	k__Fungi;p__Ascomycota;c__Sordariomycetes;o__Hypocreales;f__Nectriaceae;g__Fusicolla	k__Fungi;p__Ascomycota;c__Sordariomycetes;o__Hypocreales;f__Nectriaceae;g__Mariannaea	k__Fungi;p__Ascomycota;c__Sordariomycetes;o__Hypocreales;f__Nectriaceae;g__Neonectria	k__Fungi;p__Ascomycota;c__Sordariomycetes;o__Hypocreales;f__Nectriaceae;g__Volutella	k__Fungi;p__Ascomycota;c__Sordariomycetes;o__Hypocreales;f__Niessliaceae;g__Eucasphaeria	k__Fungi;p__Ascomycota;c__Sordariomycetes;o__Hypocreales;f__Niessliaceae;g__Niesslia	k__Fungi;p__Ascomycota;c__Sordariomycetes;o__Hypocreales;f__Ophiocordycipitaceae;__	k__Fungi;p__Ascomycota;c__Sordariomycetes;o__Hypocreales;f__Ophiocordycipitaceae;g__Purpureocillium	k__Fungi;p__Ascomycota;c__Sordariomycetes;o__Hypocreales;f__Ophiocordycipitaceae;g__unidentified	k__Fungi;p__Ascomycota;c__Sordariomycetes;o__Hypocreales;f__Stachybotryaceae;__	k__Fungi;p__Ascomycota;c__Sordariomycetes;o__Hypocreales;f__Stachybotryaceae;g__Achroiostachys	k__Fungi;p__Ascomycota;c__Sordariomycetes;o__Hypocreales;f__Stachybotryaceae;g__Alfaria	k__Fungi;p__Ascomycota;c__Sordariomycetes;o__Hypocreales;f__Stachybotryaceae;g__Myrothecium	k__Fungi;p__Ascomycota;c__Sordariomycetes;o__Hypocreales;f__unidentified;g__unidentified	k__Fungi;p__Ascomycota;c__Sordariomycetes;o__Microascales;__;__	k__Fungi;p__Ascomycota;c__Sordariomycetes;o__Microascales;f__Graphiaceae;g__Graphium	k__Fungi;p__Ascomycota;c__Sordariomycetes;o__Microascales;f__Halosphaeriaceae;g__unidentified	k__Fungi;p__Ascomycota;c__Sordariomycetes;o__Microascales;f__Microascaceae;__	k__Fungi;p__Ascomycota;c__Sordariomycetes;o__Microascales;f__Microascaceae;g__Acaulium	k__Fungi;p__Ascomycota;c__Sordariomycetes;o__Microascales;f__Microascaceae;g__Cephalotrichum	k__Fungi;p__Ascomycota;c__Sordariomycetes;o__Microascales;f__Microascaceae;g__Kernia	k__Fungi;p__Ascomycota;c__Sordariomycetes;o__Microascales;f__Microascaceae;g__Scedosporium	k__Fungi;p__Ascomycota;c__Sordariomycetes;o__Myrmecridiales;f__Myrmecridiaceae;g__Myrmecridium	k__Fungi;p__Ascomycota;c__Sordariomycetes;o__Myrmecridiales;f__unidentified;g__unidentified	k__Fungi;p__Ascomycota;c__Sordariomycetes;o__Pleurotheciales;f__Pleurotheciaceae;g__Pleurotheciella	k__Fungi;p__Ascomycota;c__Sordariomycetes;o__Sordariales;__;__	k__Fungi;p__Ascomycota;c__Sordariomycetes;o__Sordariales;f__Cephalothecaceae;g__Cephalotheca	k__Fungi;p__Ascomycota;c__Sordariomycetes;o__Sordariales;f__Chaetomiaceae;__	k__Fungi;p__Ascomycota;c__Sordariomycetes;o__Sordariales;f__Chaetomiaceae;g__Acrophialophora	k__Fungi;p__Ascomycota;c__Sordariomycetes;o__Sordariales;f__Chaetomiaceae;g__Botryotrichum	k__Fungi;p__Ascomycota;c__Sordariomycetes;o__Sordariales;f__Chaetomiaceae;g__Chaetomidium	k__Fungi;p__Ascomycota;c__Sordariomycetes;o__Sordariales;f__Chaetomiaceae;g__Chaetomium	k__Fungi;p__Ascomycota;c__Sordariomycetes;o__Sordariales;f__Chaetomiaceae;g__Dichotomopilus	k__Fungi;p__Ascomycota;c__Sordariomycetes;o__Sordariales;f__Chaetomiaceae;g__Melanocarpus	k__Fungi;p__Ascomycota;c__Sordariomycetes;o__Sordariales;f__Chaetomiaceae;g__Trichocladium	k__Fungi;p__Ascomycota;c__Sordariomycetes;o__Sordariales;f__Chaetomiaceae;g__Zopfiella	k__Fungi;p__Ascomycota;c__Sordariomycetes;o__Sordariales;f__Chaetomiaceae;g__unidentified	k__Fungi;p__Ascomycota;c__Sordariomycetes;o__Sordariales;f__Lasiosphaeriaceae;__	k__Fungi;p__Ascomycota;c__Sordariomycetes;o__Sordariales;f__Lasiosphaeriaceae;g__Apodus	k__Fungi;p__Ascomycota;c__Sordariomycetes;o__Sordariales;f__Lasiosphaeriaceae;g__Cercophora	k__Fungi;p__Ascomycota;c__Sordariomycetes;o__Sordariales;f__Lasiosphaeriaceae;g__Cladorrhinum	k__Fungi;p__Ascomycota;c__Sordariomycetes;o__Sordariales;f__Lasiosphaeriaceae;g__Podospora	k__Fungi;p__Ascomycota;c__Sordariomycetes;o__Sordariales;f__Lasiosphaeriaceae;g__Schizothecium	k__Fungi;p__Ascomycota;c__Sordariomycetes;o__Sordariales;f__Lasiosphaeriaceae;g__unidentified	k__Fungi;p__Ascomycota;c__Sordariomycetes;o__Sordariales;f__Sordariaceae;__	k__Fungi;p__Ascomycota;c__Sordariomycetes;o__Sordariales;f__Sordariaceae;g__Neurospora	k__Fungi;p__Ascomycota;c__Sordariomycetes;o__Sordariales;f__Sordariales_fam_Incertae_sedis;g__Staphylotrichum	k__Fungi;p__Ascomycota;c__Sordariomycetes;o__Sordariales;f__unidentified;g__unidentified	k__Fungi;p__Ascomycota;c__Sordariomycetes;o__Trichosphaeriales;f__Trichosphaeriaceae;g__Nigrospora	k__Fungi;p__Ascomycota;c__Sordariomycetes;o__Xylariales;__;__	k__Fungi;p__Ascomycota;c__Sordariomycetes;o__Xylariales;f__Apiosporaceae;g__Arthrinium	k__Fungi;p__Ascomycota;c__Sordariomycetes;o__Xylariales;f__Diatrypaceae;g__Monosporascus	k__Fungi;p__Ascomycota;c__Sordariomycetes;o__Xylariales;f__Microdochiaceae;g__Idriella	k__Fungi;p__Ascomycota;c__Sordariomycetes;o__Xylariales;f__Microdochiaceae;g__Microdochium	k__Fungi;p__Ascomycota;c__Sordariomycetes;o__Xylariales;f__Microdochiaceae;g__unidentified	k__Fungi;p__Ascomycota;c__Sordariomycetes;o__Xylariales;f__Xylariaceae;g__Entoleuca	k__Fungi;p__Ascomycota;c__Sordariomycetes;o__Xylariales;f__Xylariaceae;g__Xylaria	k__Fungi;p__Ascomycota;c__Sordariomycetes;o__Xylariales;f__Xylariales_fam_Incertae_sedis;g__Fusidium	k__Fungi;p__Ascomycota;c__Sordariomycetes;o__Xylariales;f__unidentified;g__unidentified	k__Fungi;p__Ascomycota;c__Xylonomycetes;o__Symbiotaphrinales;f__Symbiotaphrinaceae;g__Symbiotaphrina	k__Fungi;p__Basidiomycota;__;__;__;__	k__Fungi;p__Basidiomycota;c__Agaricomycetes;__;__;__	k__Fungi;p__Basidiomycota;c__Agaricomycetes;o__Agaricales;__;__	k__Fungi;p__Basidiomycota;c__Agaricomycetes;o__Agaricales;f__Agaricaceae;g__Agaricus	k__Fungi;p__Basidiomycota;c__Agaricomycetes;o__Agaricales;f__Agaricaceae;g__Chlorophyllum	k__Fungi;p__Basidiomycota;c__Agaricomycetes;o__Agaricales;f__Agaricaceae;g__Coprinus	k__Fungi;p__Basidiomycota;c__Agaricomycetes;o__Agaricales;f__Agaricaceae;g__Leucoagaricus	k__Fungi;p__Basidiomycota;c__Agaricomycetes;o__Agaricales;f__Agaricaceae;g__Tulostoma	k__Fungi;p__Basidiomycota;c__Agaricomycetes;o__Agaricales;f__Bolbitiaceae;g__Agrocybe	k__Fungi;p__Basidiomycota;c__Agaricomycetes;o__Agaricales;f__Bolbitiaceae;g__Bolbitius	k__Fungi;p__Basidiomycota;c__Agaricomycetes;o__Agaricales;f__Bolbitiaceae;g__Conocybe	k__Fungi;p__Basidiomycota;c__Agaricomycetes;o__Agaricales;f__Bolbitiaceae;g__Panaeolus	k__Fungi;p__Basidiomycota;c__Agaricomycetes;o__Agaricales;f__Clavariaceae;g__unidentified	k__Fungi;p__Basidiomycota;c__Agaricomycetes;o__Agaricales;f__Entolomataceae;g__Clitopilus	k__Fungi;p__Basidiomycota;c__Agaricomycetes;o__Agaricales;f__Entolomataceae;g__Entoloma	k__Fungi;p__Basidiomycota;c__Agaricomycetes;o__Agaricales;f__Lycoperdaceae;__	k__Fungi;p__Basidiomycota;c__Agaricomycetes;o__Agaricales;f__Lycoperdaceae;g__Bovista	k__Fungi;p__Basidiomycota;c__Agaricomycetes;o__Agaricales;f__Lycoperdaceae;g__Calvatia	k__Fungi;p__Basidiomycota;c__Agaricomycetes;o__Agaricales;f__Lycoperdaceae;g__Lycoperdon	k__Fungi;p__Basidiomycota;c__Agaricomycetes;o__Agaricales;f__Marasmiaceae;g__Crinipellis	k__Fungi;p__Basidiomycota;c__Agaricomycetes;o__Agaricales;f__Marasmiaceae;g__Marasmius	k__Fungi;p__Basidiomycota;c__Agaricomycetes;o__Agaricales;f__Mycenastraceae;g__Mycenastrum	k__Fungi;p__Basidiomycota;c__Agaricomycetes;o__Agaricales;f__Nidulariaceae;g__Cyathus	k__Fungi;p__Basidiomycota;c__Agaricomycetes;o__Agaricales;f__Pleurotaceae;g__Hohenbuehelia	k__Fungi;p__Basidiomycota;c__Agaricomycetes;o__Agaricales;f__Pluteaceae;g__Pluteus	k__Fungi;p__Basidiomycota;c__Agaricomycetes;o__Agaricales;f__Psathyrellaceae;g__Coprinellus	k__Fungi;p__Basidiomycota;c__Agaricomycetes;o__Agaricales;f__Psathyrellaceae;g__Coprinopsis	k__Fungi;p__Basidiomycota;c__Agaricomycetes;o__Agaricales;f__Psathyrellaceae;g__Psathyrella	k__Fungi;p__Basidiomycota;c__Agaricomycetes;o__Agaricales;f__Stephanosporaceae;g__unidentified	k__Fungi;p__Basidiomycota;c__Agaricomycetes;o__Agaricales;f__Strophariaceae;g__unidentified	k__Fungi;p__Basidiomycota;c__Agaricomycetes;o__Agaricales;f__Tricholomataceae;g__Clitocybe	k__Fungi;p__Basidiomycota;c__Agaricomycetes;o__Agaricales;f__Tricholomataceae;g__Delicatula	k__Fungi;p__Basidiomycota;c__Agaricomycetes;o__Agaricales;f__Tricholomataceae;g__Floccularia	k__Fungi;p__Basidiomycota;c__Agaricomycetes;o__Agaricales;f__Tricholomataceae;g__Hemimycena	k__Fungi;p__Basidiomycota;c__Agaricomycetes;o__Agaricales;f__Tricholomataceae;g__Melanoleuca	k__Fungi;p__Basidiomycota;c__Agaricomycetes;o__Agaricales;f__Tricholomataceae;g__Mycenella	k__Fungi;p__Basidiomycota;c__Agaricomycetes;o__Agaricales;f__Typhulaceae;g__Typhula	k__Fungi;p__Basidiomycota;c__Agaricomycetes;o__Agaricales;f__unidentified;g__unidentified	k__Fungi;p__Basidiomycota;c__Agaricomycetes;o__Auriculariales;f__unidentified;g__unidentified	k__Fungi;p__Basidiomycota;c__Agaricomycetes;o__Cantharellales;f__Cantharellales_fam_Incertae_sedis;g__Minimedusa	k__Fungi;p__Basidiomycota;c__Agaricomycetes;o__Cantharellales;f__Ceratobasidiaceae;__	k__Fungi;p__Basidiomycota;c__Agaricomycetes;o__Cantharellales;f__Ceratobasidiaceae;g__Ceratobasidium	k__Fungi;p__Basidiomycota;c__Agaricomycetes;o__Cantharellales;f__Ceratobasidiaceae;g__Thanatephorus	k__Fungi;p__Basidiomycota;c__Agaricomycetes;o__Cantharellales;f__Ceratobasidiaceae;g__Waitea	k__Fungi;p__Basidiomycota;c__Agaricomycetes;o__Cantharellales;f__Ceratobasidiaceae;g__unidentified	k__Fungi;p__Basidiomycota;c__Agaricomycetes;o__Geastrales;f__Geastraceae;g__Geastrum	k__Fungi;p__Basidiomycota;c__Agaricomycetes;o__Hymenochaetales;f__Schizoporaceae;g__Hyphodontia	k__Fungi;p__Basidiomycota;c__Agaricomycetes;o__Hymenochaetales;f__Schizoporaceae;g__Lyomyces	k__Fungi;p__Basidiomycota;c__Agaricomycetes;o__Polyporales;f__Fomitopsidaceae;g__Skeletocutis	k__Fungi;p__Basidiomycota;c__Agaricomycetes;o__Polyporales;f__Ganodermataceae;g__Ganoderma	k__Fungi;p__Basidiomycota;c__Agaricomycetes;o__Polyporales;f__Hyphodermataceae;g__Hyphoderma	k__Fungi;p__Basidiomycota;c__Agaricomycetes;o__Polyporales;f__Meruliaceae;g__Irpex	k__Fungi;p__Basidiomycota;c__Agaricomycetes;o__Polyporales;f__Meruliaceae;g__Uncobasidium	k__Fungi;p__Basidiomycota;c__Agaricomycetes;o__Polyporales;f__Podoscyphaceae;g__Podoscypha	k__Fungi;p__Basidiomycota;c__Agaricomycetes;o__Polyporales;f__Xenasmataceae;g__Phlebiella	k__Fungi;p__Basidiomycota;c__Agaricomycetes;o__Thelephorales;f__Thelephoraceae;g__Amaurodon	k__Fungi;p__Basidiomycota;c__Agaricomycetes;o__Trechisporales;f__unidentified;g__unidentified	k__Fungi;p__Basidiomycota;c__Agaricomycetes;o__unidentified;f__unidentified;g__unidentified	k__Fungi;p__Basidiomycota;c__Agaricostilbomycetes;o__Agaricostilbales;f__Kondoaceae;g__Kondoa	k__Fungi;p__Basidiomycota;c__Cystobasidiomycetes;o__Cystobasidiales;f__Cystobasidiaceae;g__Occultifur	k__Fungi;p__Basidiomycota;c__Exobasidiomycetes;o__Entylomatales;f__Entylomatales_fam_Incertae_sedis;g__Tilletiopsis	k__Fungi;p__Basidiomycota;c__Geminibasidiomycetes;o__Geminibasidiales;f__Geminibasidiaceae;g__Basidioascus	k__Fungi;p__Basidiomycota;c__Malasseziomycetes;o__Malasseziales;f__Malasseziaceae;g__Malassezia	k__Fungi;p__Basidiomycota;c__Malasseziomycetes;o__Malasseziales;f__unidentified;g__unidentified	k__Fungi;p__Basidiomycota;c__Microbotryomycetes;__;__;__	k__Fungi;p__Basidiomycota;c__Microbotryomycetes;o__Kriegeriales;f__Camptobasidiaceae;g__Glaciozyma	k__Fungi;p__Basidiomycota;c__Microbotryomycetes;o__Leucosporidiales;f__Leucosporidiaceae;g__Leucosporidium	k__Fungi;p__Basidiomycota;c__Microbotryomycetes;o__Leucosporidiales;f__unidentified;g__unidentified	k__Fungi;p__Basidiomycota;c__Microbotryomycetes;o__Microbotryomycetes_ord_Incertae_sedis;f__Microbotryomycetes_fam_Incertae_sedis;g__Colacogloea	k__Fungi;p__Basidiomycota;c__Microbotryomycetes;o__Sporidiobolales;f__Sporidiobolaceae;g__Sporobolomyces	k__Fungi;p__Basidiomycota;c__Pucciniomycetes;o__Platygloeales;__;__	k__Fungi;p__Basidiomycota;c__Tremellomycetes;__;__;__	k__Fungi;p__Basidiomycota;c__Tremellomycetes;o__Cystofilobasidiales;f__Mrakiaceae;g__Mrakia	k__Fungi;p__Basidiomycota;c__Tremellomycetes;o__Cystofilobasidiales;f__Mrakiaceae;g__Tausonia	k__Fungi;p__Basidiomycota;c__Tremellomycetes;o__Filobasidiales;f__Piskurozymaceae;g__Solicoccozyma	k__Fungi;p__Basidiomycota;c__Tremellomycetes;o__Holtermanniales;f__Holtermanniales_fam_Incertae_sedis;g__Holtermanniella	k__Fungi;p__Basidiomycota;c__Tremellomycetes;o__Tremellales;f__Bulleribasidiaceae;g__Hannaella	k__Fungi;p__Basidiomycota;c__Tremellomycetes;o__Tremellales;f__Bulleribasidiaceae;g__Vishniacozyma	k__Fungi;p__Basidiomycota;c__Tremellomycetes;o__Tremellales;f__Cryptococcaceae;g__Cryptococcus	k__Fungi;p__Basidiomycota;c__Tremellomycetes;o__Tremellales;f__Tremellaceae;g__Cryptococcus	k__Fungi;p__Basidiomycota;c__Ustilaginomycetes;o__Urocystidales;f__Urocystidaceae;g__Urocystis	k__Fungi;p__Basidiomycota;c__Ustilaginomycetes;o__Ustilaginales;f__Ustilaginaceae;g__Moesziomyces	k__Fungi;p__Basidiomycota;c__Ustilaginomycetes;o__Ustilaginales;f__Ustilaginaceae;g__Tranzscheliella	k__Fungi;p__Basidiomycota;c__Ustilaginomycetes;o__Ustilaginales;f__Ustilaginaceae;g__Ustilago	k__Fungi;p__Basidiomycota;c__Wallemiomycetes;o__Wallemiales;f__Wallemiaceae;g__Wallemia	k__Fungi;p__Blastocladiomycota;c__Blastocladiomycetes;o__Blastocladiales;f__Blastocladiaceae;g__Allomyces	k__Fungi;p__Blastocladiomycota;c__Blastocladiomycetes;o__Blastocladiales;f__Catenariaceae;g__unidentified	k__Fungi;p__Chytridiomycota;__;__;__;__	k__Fungi;p__Chytridiomycota;c__Chytridiomycetes;o__unidentified;f__unidentified;g__unidentified	k__Fungi;p__Chytridiomycota;c__GS14;o__unidentified;f__unidentified;g__unidentified	k__Fungi;p__Chytridiomycota;c__Rhizophlyctidomycetes;o__Rhizophlyctidales;f__Rhizophlyctidaceae;g__Rhizophlyctis	k__Fungi;p__Chytridiomycota;c__Rhizophlyctidomycetes;o__Rhizophlyctidales;f__Sonoraphlyctidaceae;g__Sonoraphlyctis	k__Fungi;p__Chytridiomycota;c__Spizellomycetes;o__Spizellomycetales;__;__	k__Fungi;p__Chytridiomycota;c__Spizellomycetes;o__Spizellomycetales;f__Powellomycetaceae;g__Powellomyces	k__Fungi;p__Chytridiomycota;c__Spizellomycetes;o__Spizellomycetales;f__Powellomycetaceae;g__unidentified	k__Fungi;p__Chytridiomycota;c__Spizellomycetes;o__Spizellomycetales;f__Spizellomycetaceae;g__Kochiomyces	k__Fungi;p__Chytridiomycota;c__Spizellomycetes;o__Spizellomycetales;f__Spizellomycetaceae;g__Spizellomyces	k__Fungi;p__Chytridiomycota;c__unidentified;o__unidentified;f__unidentified;g__unidentified	k__Fungi;p__Glomeromycota;c__Archaeosporomycetes;o__Archaeosporales;__;__	k__Fungi;p__Glomeromycota;c__Archaeosporomycetes;o__Archaeosporales;f__Archaeosporaceae;g__unidentified	k__Fungi;p__Glomeromycota;c__Glomeromycetes;__;__;__	k__Fungi;p__Glomeromycota;c__Glomeromycetes;o__Diversisporales;f__unidentified;g__unidentified	k__Fungi;p__Glomeromycota;c__Glomeromycetes;o__Glomerales;f__Claroideoglomeraceae;g__Claroideoglomus	k__Fungi;p__Glomeromycota;c__Glomeromycetes;o__Glomerales;f__Glomeraceae;__	k__Fungi;p__Glomeromycota;c__Glomeromycetes;o__Glomerales;f__Glomeraceae;g__Glomus	k__Fungi;p__Glomeromycota;c__Glomeromycetes;o__Glomerales;f__Glomeraceae;g__Rhizophagus	k__Fungi;p__Glomeromycota;c__Glomeromycetes;o__Glomerales;f__Glomeraceae;g__Septoglomus	k__Fungi;p__Glomeromycota;c__Glomeromycetes;o__Glomerales;f__Glomeraceae;g__unidentified	k__Fungi;p__Glomeromycota;c__Paraglomeromycetes;o__Paraglomerales;f__Paraglomeraceae;g__Paraglomus	k__Fungi;p__Kickxellomycota;c__Kickxellomycetes;o__Kickxellales;f__Kickxellaceae;g__Coemansia	k__Fungi;p__Kickxellomycota;c__Kickxellomycetes;o__Kickxellales;f__Kickxellaceae;g__Ramicandelaber	k__Fungi;p__Mortierellomycota;__;__;__;__	k__Fungi;p__Mortierellomycota;c__Mortierellomycetes;o__Mortierellales;__;__	k__Fungi;p__Mortierellomycota;c__Mortierellomycetes;o__Mortierellales;f__Mortierellaceae;g__Mortierella	k__Fungi;p__Olpidiomycota;c__Olpidiomycetes;o__Olpidiales;f__Olpidiaceae;g__Olpidium	k__Fungi;p__Olpidiomycota;c__Olpidiomycetes;o__Olpidiales;f__Olpidiaceae;g__unidentified	k__Fungi;p__Rozellomycota;__;__;__;__	k__Fungi;p__Rozellomycota;c__Rozellomycotina_cls_Incertae_sedis;o__GS11;f__unidentified;g__unidentified	k__Fungi;p__Rozellomycota;c__unidentified;o__unidentified;f__unidentified;g__unidentified	k__Fungi;p__unidentified;c__unidentified;o__unidentified;f__unidentified;g__unidentified
s1	257	2	4	0	0	0	2	0	1	0	0	0	11	0	1	0	0	1	0	0	0	0	0	1	0	0	0	0	0	0	0	1	0	0	0	0	2	0	0	0	0	0	0	0	0	0	1	0	0	0	0	0	0	0	0	0	0	0	0	0	0	0	0	0	0	2	0	0	12	0	0	0	3	1	0	0	0	0	0	0	0	0	0	2	0	0	0	0	0	0	1	0	0	0	0	0	0	0	0	0	2	0	0	4	0	0	14	0	0	0	5	0	0	0	93	70	0	0	0	1	2	5	0	0	0	0	0	2	0	0	0	0	0	0	2	0	0	0	2	0	0	3	0	0	0	3	0	0	0	0	1	0	31	1	0	1	0	0	0	0	0	0	5	0	0	0	5	0	0	0	0	0	0	0	0	0	0	0	3	0	0	0	305	0	3	0	0	0	3	0	1	0	0	0	0	0	1	0	2	0	0	0	0	0	3	0	0	0	0	0	0	0	0	0	0	7	0	0	3	0	0	0	0	4	0	0	0	10	13	0	4	2	0	0	1	0	0	9	0	3	0	0	0	0	0	0	0	0	0	0	0	0	0	0	0	0	0	0	0	0	0	0	1	0	0	0	3	0	0	0	1	0	0	0	0	1	0	0	0	0	1	0	1	0	0	0	0	0	0	0	6	1	0	0	0	0	1	0	0	0	0	0	0	0	0	0	0	0	0	7	121	0	0	0	0	0	0	0	0	0	0	0	0	0	0	0	1	2	0	0	16	0	72
s10	48	1	0	0	0	0	0	0	0	0	0	1	3	0	0	0	0	0	0	0	0	0	0	0	0	0	0	0	0	0	0	1	0	0	0	0	0	0	1	0	1	0	0	0	0	0	0	0	0	0	0	0	0	0	0	0	2	0	0	0	0	6	0	0	1	0	0	0	86	0	0	0	20	1	0	1	0	0	0	0	0	0	0	1	0	16	2	0	0	0	1	0	2	0	0	0	0	7	0	0	0	1	1	0	0	0	0	0	0	0	0	0	0	4	0	120	0	0	0	0	0	1	1	0	0	1	0	0	0	0	0	0	0	0	1	0	0	0	3	0	0	3	0	0	2	3	0	0	0	0	0	0	45	0	1	2	0	0	0	0	0	0	0	0	0	0	2	0	0	0	0	1	271	0	0	0	0	0	2	0	2	0	199	0	10	0	0	7	0	0	5	1	0	0	0	1	0	0	0	1	0	0	0	1	1	0	0	0	0	0	0	0	0	0	6	2	0	0	0	0	0	0	0	0	0	0	0	9	2	1	1	0	0	0	0	0	0	0	0	0	0	3	0	0	0	0	0	0	0	0	0	0	0	0	0	0	0	0	0	0	0	0	0	0	0	0	0	0	0	0	0	0	0	0	0	0	0	0	0	0	1	0	0	0	0	0	0	0	0	0	0	0	53	0	0	0	22	0	0	0	0	0	0	0	0	0	0	0	0	0	2	1	0	0	0	0	0	0	0	0	0	0	0	0	0	0	127	0	1	0	0	2	41
s11	126	0	10	0	1	1	4	1	0	0	0	0	0	0	0	0	0	0	0	0	0	0	0	2	0	0	0	0	0	0	0	3	0	0	0	0	0	0	1	0	0	0	0	0	0	0	0	8	0	0	0	0	0	0	0	0	0	0	0	0	1	6	0	0	0	0	0	2	112	0	0	0	0	0	0	0	0	0	0	0	0	0	0	2	0	17	35	1	0	2	0	0	3	0	0	0	0	7	0	0	0	1	7	0	0	0	0	0	0	0	0	0	0	0	0	47	0	0	0	0	0	0	0	1	0	1	2	0	0	0	0	0	0	0	1	0	0	0	30	0	0	1	0	0	35	0	0	0	0	4	0	0	80	0	1	4	0	0	0	0	1	0	0	0	0	0	6	0	0	0	0	2	274	0	0	0	0	0	20	0	11	0	6	3	18	0	0	11	0	0	0	0	0	0	0	0	0	0	0	3	0	0	0	0	1	0	0	0	0	0	0	0	0	0	1	6	0	0	0	0	4	0	0	0	0	0	0	2	4	1	0	0	0	0	0	0	0	0	0	0	0	2	0	0	0	0	0	0	0	0	0	0	0	0	0	0	0	0	0	0	0	0	2	0	0	0	0	0	0	0	10	0	0	0	0	0	0	0	0	0	2	0	0	1	0	1	25	0	0	0	0	0	2	1	0	0	3	0	2	0	0	0	0	0	0	0	0	0	0	6	3	8	7	0	0	0	0	0	0	0	0	0	0	3	0	0	109	2	0	0	0	2	44
s13	173	0	0	0	0	0	0	9	0	0	0	0	3	0	0	0	2	0	0	0	0	0	0	0	0	0	0	0	0	0	0	0	0	0	0	0	0	0	0	0	0	0	0	0	0	0	0	443	0	0	0	0	0	0	0	0	0	0	0	0	0	0	0	0	0	0	0	0	0	0	0	0	6	11	0	0	0	0	0	0	0	0	0	0	0	0	0	0	0	4	0	0	0	0	0	0	0	4	0	0	0	0	0	0	0	0	0	0	0	0	0	0	0	0	0	3	0	0	0	0	1	0	0	0	0	0	0	0	0	0	0	0	0	3	0	0	0	0	0	0	0	0	0	0	7	0	0	0	0	0	0	0	272	0	0	0	0	0	0	0	0	0	2	0	0	0	8	0	0	0	0	0	0	0	0	0	0	0	8	0	0	0	0	0	0	0	0	0	0	0	4	0	0	0	0	6	0	0	0	0	0	0	0	0	0	0	0	0	0	0	0	0	0	0	125	0	0	0	0	0	0	0	0	0	0	0	0	0	0	0	0	0	0	0	0	0	0	0	0	0	0	0	0	0	0	0	0	0	0	0	0	0	0	0	0	0	0	0	0	0	0	0	0	0	0	0	0	0	0	0	9	0	0	0	0	8	9	0	0	0	0	0	0	0	0	0	0	0	0	0	0	0	0	0	0	0	0	0	0	0	16	0	0	0	0	0	0	0	0	0	14	0	0	0	0	0	0	0	0	0	0	0	0	0	0	0	9	0	0	0	0	0	10
s14	409	0	0	0	0	0	0	18	0	0	0	0	0	0	0	0	0	0	0	0	0	0	0	0	0	0	0	0	0	0	0	0	0	0	0	0	0	0	0	0	5	0	0	0	0	0	0	0	0	0	0	0	0	0	0	0	0	0	0	0	0	21	0	0	0	0	0	0	14	0	0	0	0	0	0	0	0	0	0	0	0	0	0	0	0	0	0	0	0	0	0	0	0	0	0	0	0	0	0	0	0	0	0	16	0	0	0	0	0	0	0	0	0	0	4	0	0	0	0	0	0	0	0	0	0	0	0	0	0	0	0	0	0	0	0	0	27	0	0	0	0	0	0	0	0	10	0	0	0	0	0	0	367	0	0	21	0	0	0	0	0	0	0	0	0	0	12	0	0	0	0	0	8	0	0	0	0	0	0	0	0	0	10	0	0	0	0	0	0	0	0	0	0	0	0	0	0	0	0	0	0	0	0	0	0	0	0	0	0	0	0	0	0	0	0	0	0	0	0	0	0	0	0	0	0	0	0	0	66	0	0	0	0	0	0	0	0	0	0	0	0	0	0	0	0	0	0	0	0	0	0	0	0	0	0	0	0	0	0	0	0	0	0	0	0	0	0	0	0	0	8	0	0	0	0	35	0	0	0	0	0	0	0	0	0	0	0	0	0	0	0	0	0	0	3	0	0	0	0	0	0	0	0	0	0	0	0	0	0	0	0	0	0	0	0	0	0	0	0	0	0	0	0	0	0	0	53	0	0	0	0	0	62
s16	389	0	4	0	0	0	0	0	1	0	0	0	12	4	0	0	0	6	0	0	0	4	0	0	0	0	0	0	0	0	0	10	0	0	0	0	0	4	0	0	5	0	0	0	0	0	0	0	0	0	0	0	0	0	0	0	0	0	0	0	0	0	4	0	0	0	0	2	14	0	0	12	10	6	0	0	0	0	0	0	0	0	0	9	0	0	0	0	0	0	3	0	0	0	0	0	0	4	0	0	0	0	0	4	0	0	14	0	0	0	0	0	0	0	31	145	0	7	0	0	0	0	0	0	0	0	0	0	0	0	0	0	0	0	0	0	18	0	0	2	0	2	0	0	0	0	0	0	0	0	0	0	150	3	0	0	0	0	0	0	0	0	0	0	0	0	31	0	0	0	0	0	8	0	0	0	0	0	0	0	0	0	22	0	4	0	0	0	0	7	0	0	0	0	0	0	0	0	0	0	0	0	0	0	13	0	0	0	0	0	0	0	0	0	0	0	0	0	0	0	0	0	0	0	0	0	0	10	11	0	0	7	0	0	0	0	0	0	0	0	0	0	0	0	0	0	0	0	0	0	0	0	0	0	0	0	0	0	0	0	0	0	0	0	0	0	0	0	0	0	71	0	0	0	0	2	1	0	0	0	0	0	0	0	3	0	0	0	0	0	0	0	0	0	0	0	39	0	0	0	0	0	0	0	0	0	0	0	0	0	19	0	0	0	0	0	0	0	0	0	0	0	0	0	0	0	3	0	0	0	0	2	37
s17	356	1	2	0	0	0	0	0	0	0	0	0	1	0	0	0	1	0	0	0	0	0	0	0	1	0	0	0	0	0	0	3	0	0	0	0	0	0	0	0	0	0	0	0	0	0	1	9	0	0	0	0	0	0	0	0	0	0	0	0	0	2	0	0	0	0	0	0	5	0	0	0	1	0	0	1	7	0	0	0	0	0	0	4	0	0	0	0	0	0	2	0	0	0	0	0	0	6	0	0	0	0	0	3	2	0	0	0	0	0	1	0	0	0	10	374	0	0	1	0	0	0	0	1	0	0	0	0	0	0	0	1	0	4	1	0	0	0	1	0	0	0	0	0	6	3	0	0	0	0	0	0	75	21	0	0	1	0	0	0	1	0	4	2	0	0	29	0	0	0	0	3	19	0	1	0	0	0	2	0	0	0	51	0	2	0	0	10	0	3	0	0	0	0	0	3	0	0	1	5	0	0	0	0	1	1	1	0	0	0	0	0	0	0	0	4	0	0	0	0	4	0	0	0	0	0	0	0	3	1	3	2	0	0	1	0	0	1	0	0	0	0	0	0	0	0	0	0	0	0	0	0	0	0	0	0	0	0	0	0	0	0	1	0	0	0	0	0	0	0	4	0	0	0	0	0	0	0	9	0	0	0	0	0	0	0	0	0	0	0	1	0	0	1	0	0	58	0	0	0	0	0	0	0	0	0	0	0	0	0	5	0	0	0	0	0	0	0	0	0	0	0	0	0	0	0	3	0	0	0	0	2	19
s19	677	0	1	1	0	0	1	0	0	0	0	0	2	0	0	0	0	1	1	0	0	0	0	1	0	1	0	0	0	0	0	1	0	0	2	0	1	0	0	0	0	0	0	0	0	0	0	2	0	0	0	0	0	1	0	1	0	0	0	0	0	8	0	0	0	0	0	0	0	0	1	0	2	1	1	0	0	0	0	0	0	0	0	3	0	0	0	0	0	0	1	0	0	0	0	0	0	0	0	0	0	0	0	0	0	0	2	0	0	0	8	0	0	0	39	2	0	0	0	0	3	3	2	0	0	2	0	2	0	0	0	0	0	0	0	0	3	0	0	0	0	0	0	0	1	11	0	1	0	0	0	0	46	0	0	0	0	0	0	0	0	0	0	1	0	0	9	0	0	0	0	0	0	0	0	0	0	0	21	0	1	0	0	3	3	0	0	7	0	2	5	0	0	0	0	2	0	0	0	0	0	0	8	0	2	0	0	0	0	0	0	0	1	5	4	0	0	0	5	0	12	0	0	0	0	0	0	40	15	1	17	0	0	0	1	0	0	0	0	0	0	0	0	0	0	0	0	0	0	1	0	0	0	0	0	0	3	0	0	0	0	0	0	0	0	0	0	0	0	0	4	0	0	0	2	5	0	0	1	0	0	0	0	0	0	0	0	0	0	0	0	0	0	0	0	0	5	0	0	0	0	6	0	0	0	0	4	0	0	0	32	0	0	0	0	0	2	0	0	0	0	0	0	0	0	0	9	0	0	0	0	1	93
s2	272	1	3	0	0	0	1	0	2	0	0	0	4	0	0	0	0	2	0	1	0	0	0	2	0	1	0	0	0	0	0	0	0	0	0	0	0	0	0	0	30	0	0	0	0	0	0	67	0	2	0	0	0	0	0	0	0	0	0	0	0	1	0	0	0	0	6	0	7	0	0	0	0	0	0	0	0	0	0	0	0	0	0	0	0	0	0	0	0	0	6	0	0	0	0	0	0	0	0	0	0	0	0	1	0	0	9	0	0	0	4	0	0	0	127	101	0	0	0	0	1	0	26	0	0	0	0	2	0	0	0	0	0	0	1	0	0	1	1	0	0	8	0	0	0	1	0	0	0	0	0	0	41	0	0	6	0	0	0	0	0	0	18	0	0	0	5	0	0	0	0	0	0	0	0	0	0	0	0	0	7	0	201	0	0	0	0	0	1	0	0	0	0	0	0	0	0	0	0	0	0	0	0	0	1	0	0	0	0	0	0	0	0	6	2	0	0	0	0	0	2	0	0	0	0	0	0	9	0	0	4	0	1	0	0	0	0	0	0	0	0	0	0	0	0	0	0	0	0	0	0	0	0	0	0	0	0	0	0	0	0	0	1	0	0	0	0	0	0	0	0	0	2	0	0	0	0	0	0	0	0	0	0	0	0	0	0	0	0	1	7	2	0	0	0	0	4	0	0	2	0	0	0	0	0	0	0	0	0	0	24	0	0	0	0	0	0	0	0	0	0	0	0	0	0	0	4	3	0	0	91	2	31
s20	92	0	0	0	0	0	0	7	1	0	0	0	3	0	0	0	1	0	0	0	0	0	0	0	0	0	0	0	0	0	0	3	0	0	0	0	1	0	0	0	8	0	0	1	0	0	0	15	7	0	0	0	0	0	0	0	0	0	0	0	0	6	0	0	0	0	0	14	8	0	0	3	0	0	0	1	0	0	0	0	0	0	0	0	0	3	0	0	0	0	0	0	0	0	0	0	0	0	0	0	0	0	0	0	0	0	0	0	0	0	0	0	0	0	7	129	0	0	0	0	11	26	0	0	0	5	1	8	1	0	0	1	0	0	4	0	0	0	6	0	0	2	0	0	27	0	0	0	0	2	0	0	72	1	0	1	1	0	5	0	0	0	1	2	0	0	2	0	0	0	0	0	6	0	0	0	0	0	2	0	4	0	20	1	10	0	0	0	1	3	16	0	12	0	0	3	0	0	0	0	0	0	0	0	0	0	3	0	0	0	0	0	0	0	5	3	0	2	58	0	3	0	0	1	0	0	0	0	0	0	3	1	0	0	0	0	0	0	0	0	0	0	0	0	0	0	0	0	0	0	0	0	0	0	0	0	321	0	0	0	0	0	0	0	0	0	0	0	0	0	6	0	1	0	0	2	0	0	0	0	0	0	0	0	0	0	1	0	2	0	1	2	1	0	0	0	23	0	0	0	0	2	0	0	0	0	0	0	0	0	28	0	0	0	0	0	0	0	0	0	0	0	0	0	0	0	103	0	0	0	0	1	29
s22	220	0	0	0	0	0	0	0	0	0	0	0	4	0	0	0	0	4	0	0	0	2	0	3	0	0	0	0	0	0	0	0	1	0	0	0	0	0	0	0	0	0	0	0	0	0	0	0	0	0	0	0	0	0	0	0	0	0	0	0	0	0	0	0	0	0	0	10	9	0	0	0	1	2	0	0	0	0	0	0	0	0	0	8	0	0	0	0	0	0	0	0	0	0	0	0	0	0	0	0	0	0	0	0	0	1	0	0	0	0	0	0	0	0	4	91	0	0	0	0	0	1	0	0	0	0	0	0	0	0	0	0	0	0	0	0	0	0	0	0	0	0	0	0	4	0	0	0	1	0	0	0	439	0	0	0	0	0	0	0	0	0	3	1	0	0	30	0	0	0	0	0	5	0	0	0	0	0	0	0	2	0	7	0	1	0	0	10	0	107	0	0	0	0	0	1	0	0	0	0	0	0	0	0	0	0	0	0	0	0	0	0	0	6	0	3	0	4	0	0	0	0	0	0	0	0	0	4	23	2	7	2	0	0	0	0	0	0	0	0	0	0	0	0	0	0	0	0	0	0	0	0	0	0	0	0	0	0	0	0	0	0	0	0	0	0	5	0	0	0	0	0	0	0	0	1	0	0	0	0	0	0	0	0	0	0	0	0	0	0	0	0	0	0	0	0	59	0	0	0	2	0	0	0	0	0	0	0	0	7	6	0	0	0	0	0	0	0	0	0	0	0	0	0	0	0	6	5	0	0	0	0	55
s23	407	0	9	0	0	0	2	2	0	0	0	0	13	0	0	0	4	16	3	0	0	3	0	0	0	1	0	1	0	0	0	0	1	0	0	0	0	0	0	0	2	0	0	0	0	0	0	0	0	2	0	0	0	0	0	0	0	0	0	0	0	13	0	0	0	0	0	6	19	0	1	23	2	2	0	0	1	0	0	0	0	0	0	6	0	0	0	0	0	0	0	0	0	0	0	0	0	2	0	0	0	0	0	0	0	0	0	0	0	0	0	0	0	0	53	22	0	0	0	0	0	5	73	0	0	0	0	0	0	0	0	0	0	0	9	0	0	0	0	0	0	3	0	0	10	0	0	0	0	1	1	0	112	0	2	0	0	0	0	0	0	2	2	0	0	0	14	0	0	0	0	0	7	1	0	0	0	0	1	0	7	0	52	1	6	0	0	3	0	9	0	0	0	0	0	0	0	0	0	0	0	0	2	0	0	0	0	0	0	0	0	0	0	7	1	0	0	0	0	0	16	0	0	0	0	0	0	37	7	0	2	5	0	0	0	0	0	0	0	0	0	0	0	0	0	0	0	0	0	0	0	0	0	0	0	0	0	0	1	0	0	0	0	0	3	0	0	0	0	0	7	0	0	0	0	0	0	0	0	0	0	0	0	0	0	0	0	0	0	0	0	0	0	0	0	0	10	0	0	0	30	0	0	0	0	0	0	0	0	0	0	0	0	0	0	0	0	0	0	0	0	0	0	0	0	0	18	28	0	0	1	6	51
s25	79	0	10	0	0	0	0	0	0	0	0	0	0	0	0	0	0	0	0	0	0	0	0	0	0	6	0	0	0	0	0	23	0	0	0	0	0	0	0	0	0	0	0	0	0	0	0	20	0	0	0	0	0	0	0	0	0	0	0	0	0	23	0	0	0	0	0	0	50	1	0	13	0	0	0	7	7	0	0	0	0	0	0	0	0	0	0	10	0	0	0	0	0	0	0	0	0	13	0	0	0	17	0	0	0	0	0	0	0	0	0	0	0	0	0	10	0	0	0	0	0	4	0	0	0	0	6	0	0	0	0	0	0	29	0	1	0	0	0	0	0	7	0	0	41	0	0	0	0	0	0	0	218	12	50	1	0	0	0	0	0	0	0	0	0	0	30	0	0	3	0	0	0	0	0	0	0	0	0	0	10	0	6	0	158	0	0	4	0	0	2	0	0	0	0	0	0	0	0	0	0	0	6	0	0	0	0	0	0	0	0	0	0	0	22	0	0	0	0	1	13	0	0	0	0	0	0	8	11	0	0	11	0	0	0	0	0	0	0	0	0	0	0	0	0	0	0	0	0	0	0	0	0	0	0	0	0	0	0	0	0	0	0	0	0	0	15	0	0	0	0	0	0	0	0	0	0	0	0	0	0	0	0	0	0	0	0	0	0	0	0	0	0	0	0	0	2	0	0	0	0	0	0	0	0	0	0	0	0	0	32	0	0	0	0	0	0	0	0	0	0	0	0	0	0	0	126	2	0	0	0	0	49
s28	5	0	0	0	0	0	0	0	0	0	0	0	0	0	0	0	0	0	0	0	0	0	0	0	0	0	0	0	0	0	0	0	0	0	0	0	0	0	0	0	0	0	0	0	0	0	0	0	0	0	0	0	0	0	0	0	0	0	0	0	0	0	0	0	0	0	0	67	0	0	0	0	0	0	0	0	2	0	0	0	0	0	0	0	0	0	0	3	0	0	6	0	0	0	0	1039	0	0	0	0	0	0	0	0	0	0	0	0	0	0	0	0	0	0	0	9	0	0	0	0	0	0	0	0	0	0	0	0	0	0	0	0	0	0	0	0	0	0	0	0	0	0	0	0	0	0	0	0	0	0	0	0	10	0	0	0	0	0	0	0	0	0	0	0	0	0	0	0	0	0	0	0	5	0	0	0	0	0	0	0	0	0	0	0	0	0	0	0	0	0	0	0	0	0	0	0	0	3	0	0	0	0	0	0	0	0	0	0	0	0	0	0	0	0	0	0	0	0	0	0	0	0	0	0	0	0	0	0	0	0	0	0	0	0	0	0	0	0	0	0	0	0	0	0	0	0	0	0	0	0	0	0	0	0	0	0	0	0	0	0	0	0	0	0	0	0	0	0	0	0	0	0	0	0	0	6	0	0	0	0	0	0	0	0	0	0	0	0	0	0	0	0	0	0	0	0	0	0	0	0	0	0	0	0	0	0	0	0	0	0	0	0	0	0	0	0	0	0	0	0	0	0	0	0	0	0	14	0	0	0	0	0	0
s31	57	0	1	0	0	1	0	0	0	0	0	0	0	0	0	0	0	0	0	0	0	0	0	0	0	0	0	0	0	0	0	20	0	0	0	0	0	0	0	0	26	0	0	0	0	0	0	10	0	0	0	0	0	0	0	3	0	0	0	0	0	6	0	0	0	0	0	7	26	0	0	0	0	0	0	1	0	0	0	0	0	0	0	0	0	5	0	0	0	0	0	0	0	0	0	249	0	3	0	0	0	0	0	0	0	0	0	0	0	0	60	0	0	0	2	20	0	0	0	0	0	0	0	0	0	0	0	0	0	0	0	0	0	0	0	0	0	0	0	0	0	7	0	0	5	0	0	0	0	0	0	0	107	16	2	30	0	0	0	0	0	0	0	0	0	0	8	0	0	0	0	0	64	0	0	0	0	0	0	0	18	0	43	6	74	0	0	0	0	0	51	0	0	0	0	14	0	0	0	0	0	0	0	0	0	0	0	0	0	0	0	0	0	0	3	2	0	0	0	0	0	0	0	0	0	0	0	0	8	0	21	0	0	0	0	0	0	0	0	0	0	0	0	0	0	0	0	0	0	0	0	0	0	0	0	0	0	0	0	0	6	0	0	0	0	0	0	0	0	0	0	0	0	0	0	0	0	0	0	0	0	0	0	0	0	0	0	0	0	0	0	0	0	0	0	0	8	0	0	0	0	0	0	0	0	0	0	0	0	0	0	0	0	0	0	0	0	0	0	0	0	0	0	0	0	0	169	0	2	0	0	0	8
s34	145	0	3	0	0	0	0	0	0	0	0	0	0	0	0	0	0	6	0	0	0	0	0	0	0	0	0	0	0	0	0	0	0	0	0	0	0	0	0	0	3	0	0	0	0	0	0	0	0	0	0	0	0	0	0	0	0	0	0	0	0	0	0	0	0	0	9	20	0	0	0	0	6	0	0	0	0	0	0	0	0	0	0	0	0	0	0	0	0	0	0	0	0	0	0	125	0	5	0	0	0	0	0	0	0	0	0	0	0	0	0	0	0	0	154	20	0	0	0	0	0	0	0	0	0	13	0	0	0	0	0	0	0	0	0	0	0	0	0	0	0	0	0	0	13	0	0	0	0	0	0	0	120	4	0	0	0	0	0	0	0	0	9	0	0	0	5	0	0	0	0	0	144	0	0	0	0	0	0	0	0	0	0	0	11	0	0	0	0	0	12	0	0	0	0	0	0	0	0	0	0	0	0	0	0	0	0	0	0	0	0	0	5	0	5	6	0	0	0	0	10	0	0	0	0	0	0	6	20	0	0	0	0	0	0	0	0	0	0	0	0	0	0	0	0	0	0	0	0	0	0	0	0	0	0	0	0	0	0	0	0	0	0	0	0	0	0	0	0	0	0	0	0	0	11	4	0	0	0	0	0	0	0	0	0	0	0	0	0	0	0	0	0	0	0	0	0	0	170	0	0	0	0	0	0	0	0	0	0	0	44	0	0	0	0	0	0	0	0	0	0	0	0	0	0	0	14	0	0	0	0	14	33
s35	177	0	0	0	0	0	0	4	0	0	0	0	4	0	0	0	4	0	0	0	0	0	0	0	0	0	0	0	0	0	0	0	0	0	0	0	12	0	0	0	0	0	0	0	0	0	0	0	0	0	0	0	0	0	0	0	0	0	14	0	0	0	0	0	0	0	0	29	0	2	10	14	5	0	0	6	0	0	0	0	0	0	0	9	109	9	0	0	0	0	0	0	0	0	0	192	0	10	0	0	0	0	0	0	0	0	0	0	0	0	0	0	0	0	0	42	0	0	0	0	0	1	11	0	0	0	0	0	0	0	0	0	0	6	0	0	0	0	0	0	0	0	0	0	0	0	0	0	0	71	0	0	183	35	0	9	0	0	0	0	0	0	0	0	0	0	41	0	0	0	0	0	3	0	0	0	0	0	0	0	0	0	12	0	0	0	0	6	0	0	6	0	0	0	0	0	0	0	0	0	0	0	8	0	0	0	0	0	0	0	0	0	0	0	1	0	0	0	0	0	19	0	0	0	0	0	0	0	0	0	0	0	0	0	0	0	0	0	0	0	0	0	0	0	0	0	0	0	0	0	0	0	0	0	0	0	0	0	0	0	0	0	0	0	0	0	0	0	0	0	0	0	0	1	0	0	0	0	0	0	0	0	0	0	0	0	0	0	0	0	0	0	0	0	0	0	0	0	0	0	0	0	0	0	0	0	0	0	0	0	4	0	0	11	0	0	0	0	0	0	0	0	0	0	0	0	71	0	0	0	0	6	12
s37	151	74	12	0	0	0	0	0	0	0	0	0	19	0	2	0	0	0	0	2	0	0	0	0	0	0	0	0	0	9	0	0	0	0	0	0	0	0	0	0	1	0	0	0	0	0	0	0	0	0	0	0	0	0	0	0	0	0	0	0	0	0	0	0	0	0	0	26	0	0	0	0	0	0	0	0	0	0	0	0	0	0	0	0	0	0	0	0	0	0	10	0	0	0	0	116	0	0	0	0	0	0	0	0	0	0	0	0	0	0	0	0	0	0	55	2	0	0	0	0	0	0	0	0	0	15	0	0	0	0	0	0	0	0	0	0	11	13	0	0	0	0	0	0	0	0	0	0	0	0	0	0	114	0	0	0	0	0	0	0	0	0	0	0	0	0	0	0	0	0	0	0	0	0	0	0	0	0	0	0	0	0	423	0	0	0	0	0	0	25	0	0	0	0	0	0	0	0	0	0	0	0	0	0	0	0	0	0	0	0	0	0	0	0	0	0	0	0	0	0	0	0	0	0	0	0	0	0	0	0	0	0	0	0	0	0	0	0	0	0	0	0	0	0	0	0	0	0	0	0	0	0	0	0	0	0	0	0	0	0	0	0	0	0	0	0	0	0	0	0	0	0	0	0	0	0	0	0	0	0	0	0	0	0	0	0	0	0	0	0	0	0	0	0	0	0	0	0	0	0	0	0	0	0	0	0	0	0	0	0	34	0	0	0	0	3	0	0	0	0	0	0	0	0	0	0	33	0	0	0	0	0	19
s4	182	1	0	0	0	0	0	0	0	0	1	0	11	0	0	6	0	2	0	0	0	0	0	0	0	0	0	0	0	0	0	1	0	0	0	0	0	0	0	0	3	0	0	0	0	0	0	2	0	0	0	0	0	0	0	0	0	0	0	0	0	3	3	0	0	0	0	7	5	0	0	2	0	5	0	0	0	0	0	0	0	0	0	2	1	9	0	0	0	0	2	0	0	0	0	0	0	7	0	0	0	0	0	0	0	0	0	0	0	0	12	2	5	0	2	81	0	0	0	0	2	0	0	0	0	0	0	11	0	0	0	0	0	0	0	0	0	0	2	0	1	2	0	1	35	2	0	0	0	1	0	0	93	3	0	8	0	0	0	0	1	0	2	1	0	0	27	2	0	0	0	0	16	0	0	0	0	0	3	0	8	0	84	0	10	0	0	8	0	0	0	0	0	0	0	0	0	0	0	0	0	0	0	0	1	0	5	0	0	0	0	0	0	0	7	2	0	0	0	0	10	0	0	0	0	0	0	174	13	0	16	7	0	0	1	0	0	2	0	0	0	0	0	0	0	0	0	0	0	0	0	0	0	0	0	0	0	0	0	0	0	0	0	0	0	0	0	0	0	0	2	0	0	0	0	0	0	0	0	0	0	0	0	0	0	2	2	0	0	0	1	0	0	0	0	0	7	0	0	0	1	0	0	0	0	0	0	0	0	0	18	0	0	0	0	0	0	0	0	0	0	0	0	0	0	0	44	2	1	0	0	1	170
s40	269	0	0	0	0	0	0	15	0	0	0	0	0	0	0	0	0	0	0	0	0	0	0	0	0	0	0	0	0	0	0	0	0	0	0	0	0	0	0	0	0	0	0	0	0	0	0	0	0	0	0	0	0	0	0	0	0	0	0	0	0	0	0	0	0	0	0	24	0	0	0	0	0	0	0	0	0	0	0	0	0	0	0	0	0	0	0	0	0	0	0	0	0	0	0	272	0	0	0	0	0	0	0	0	0	0	0	0	0	0	0	0	0	0	0	0	0	0	0	0	0	0	0	0	0	0	0	0	0	36	0	0	0	0	0	0	0	0	0	0	0	0	0	0	0	52	0	0	0	0	0	0	260	0	0	0	0	0	0	0	0	0	32	0	0	0	38	0	0	0	0	0	0	0	0	0	0	0	0	0	0	0	41	0	0	0	0	0	0	0	0	0	0	0	0	0	0	0	0	0	0	0	0	0	0	0	0	0	0	0	0	0	0	0	0	0	0	0	0	0	0	0	0	0	0	0	0	0	0	0	0	0	0	0	0	0	0	0	0	0	0	0	0	0	0	0	0	0	0	0	0	0	0	0	0	0	0	0	0	0	0	0	0	0	0	0	0	0	0	0	0	0	0	21	0	0	0	0	0	0	0	0	0	0	0	0	0	0	0	0	0	0	0	0	0	0	0	0	0	0	0	0	0	0	0	0	0	0	0	0	0	0	0	0	0	0	0	0	0	0	0	0	0	0	0	0	55	0	0	0	0	0	54
s49	60	0	2	0	0	0	1	1	2	0	0	1	1	0	7	2	0	0	0	0	1	0	0	0	0	0	0	3	0	0	0	1	0	1	0	0	0	0	5	0	0	0	0	0	0	0	0	1	0	0	0	0	0	0	0	0	0	0	0	0	0	5	0	0	0	0	0	0	9	0	0	0	0	0	0	0	0	0	0	0	0	0	0	1	9	1	2	1	0	0	0	2	1	0	0	0	0	3	0	0	0	0	0	0	0	0	0	0	0	0	0	0	0	0	0	534	0	0	0	0	0	0	0	0	0	1	59	0	0	0	0	0	0	1	0	2	0	0	22	0	0	1	0	0	5	0	0	0	0	0	0	0	22	4	1	10	0	0	0	0	0	0	0	0	0	0	1	0	0	0	0	0	101	0	0	0	0	0	1	0	5	0	5	9	8	0	0	3	0	0	0	1	1	0	0	12	0	0	0	0	4	0	0	0	0	0	0	0	0	13	1	0	0	0	4	2	0	18	0	0	0	0	0	0	1	0	0	0	1	0	0	2	0	0	0	0	1	0	0	0	0	2	0	0	0	0	0	0	0	0	0	0	0	0	0	0	0	0	0	0	0	0	0	0	0	0	0	0	0	0	2	0	0	0	0	0	0	0	0	0	0	0	0	0	0	0	0	0	0	0	0	0	5	0	0	0	22	0	0	0	0	0	0	0	1	0	3	4	14	1	3	0	0	0	0	0	0	0	0	0	0	0	0	0	0	0	98	0	0	0	0	0	35
s5	250	0	1	0	1	0	1	1	0	0	0	0	14	0	0	3	4	0	0	0	0	0	0	3	0	0	0	0	0	0	0	0	0	0	0	0	0	0	0	0	0	0	0	0	0	0	1	0	0	0	0	0	0	0	0	0	0	0	0	0	0	0	0	0	0	0	0	14	17	0	0	1	0	1	0	2	4	0	0	0	0	0	0	4	0	3	0	0	0	0	0	0	0	0	0	0	0	1	0	0	0	0	0	0	0	0	0	0	0	0	0	1	0	0	0	9	0	0	0	0	0	0	4	0	0	0	1	7	0	0	0	0	0	0	4	0	1	2	31	0	1	2	0	0	5	13	0	0	0	2	2	0	132	3	0	4	0	0	0	0	0	0	1	1	0	0	19	0	0	0	0	0	22	0	0	0	0	0	19	0	3	0	66	0	11	0	0	11	0	2	0	0	0	0	0	0	0	0	0	3	1	0	3	0	5	0	0	0	0	0	0	0	0	0	1	2	0	0	0	0	2	0	0	0	0	0	0	25	5	2	10	0	0	0	1	0	0	0	0	0	0	0	0	0	0	0	0	0	0	0	0	0	0	0	0	0	0	0	0	0	0	0	0	0	0	0	0	0	0	0	1	0	0	0	0	3	0	1	0	0	2	0	0	0	0	0	0	0	0	0	0	0	0	0	0	0	11	0	0	0	1	0	0	0	0	0	0	0	0	2	7	0	0	0	0	0	0	0	0	0	0	0	0	0	0	0	44	0	0	0	0	1	331
s50	258	0	13	0	0	0	0	0	3	0	0	0	1	0	2	4	0	0	0	0	2	0	0	0	0	3	0	3	0	0	0	15	0	0	0	0	1	0	7	0	0	0	0	0	0	0	0	3	0	0	0	0	0	0	0	0	4	0	0	0	1	4	0	4	0	0	0	0	16	0	0	3	0	0	0	0	0	0	0	1	0	2	0	0	3	15	0	2	0	0	0	20	0	0	0	0	0	2	0	0	4	0	3	0	0	0	0	0	0	0	0	0	0	0	0	283	0	0	0	0	2	0	4	0	0	0	4	0	0	0	0	0	0	1	2	1	0	0	3	0	0	3	0	0	8	0	0	0	0	0	0	0	50	6	2	5	0	0	0	0	4	0	0	0	0	1	7	0	0	2	0	0	46	0	0	0	0	0	2	0	17	2	0	9	35	0	0	4	0	0	4	4	24	0	0	1	0	0	0	6	0	0	0	0	0	1	2	0	0	0	0	0	0	0	0	0	0	2	0	0	0	0	0	29	0	0	0	3	2	0	1	0	0	0	0	0	2	0	0	0	0	0	0	0	0	0	0	0	0	0	0	0	0	0	0	0	0	0	0	0	0	0	2	0	0	0	0	0	0	0	9	0	0	0	0	0	0	0	0	0	0	0	0	0	0	0	0	0	2	0	0	0	10	0	0	0	3	0	0	0	0	0	0	0	0	0	0	0	0	4	4	0	0	0	4	0	0	1	0	0	0	0	0	11	0	0	116	0	0	0	0	0	20
s52	122	0	9	0	0	0	2	1	11	0	0	0	0	0	15	0	1	0	0	0	0	0	0	0	0	0	5	3	0	0	0	0	0	5	8	0	0	0	2	0	28	0	0	0	2	0	0	7	0	0	0	0	0	0	0	0	0	0	0	0	0	19	0	0	1	0	0	0	4	0	0	0	0	0	1	0	0	0	0	0	1	0	0	2	1	7	0	2	0	0	0	0	0	0	0	0	0	3	0	0	0	1	0	31	0	0	0	0	9	2	0	2	0	11	0	264	0	0	0	0	0	6	0	0	2	0	3	0	0	0	0	0	0	0	0	4	0	0	5	1	0	0	0	0	9	0	2	0	0	0	0	0	30	1	2	0	0	0	0	0	0	0	0	0	1	0	2	0	1	5	0	0	7	0	0	0	0	0	0	0	2	0	10	3	17	0	0	0	0	0	14	1	7	0	0	8	0	1	0	0	0	0	0	0	0	0	1	0	0	0	2	0	0	0	0	15	0	0	0	0	0	0	0	3	0	0	0	1	0	0	0	1	0	0	0	0	0	0	0	0	0	0	0	0	0	0	5	0	0	0	0	0	0	5	0	0	0	0	0	0	0	0	0	0	0	0	0	0	0	0	0	0	1	0	0	0	0	0	0	0	0	0	0	0	0	0	2	0	0	0	0	0	1	0	0	0	59	0	0	0	0	0	7	16	0	0	0	0	0	5	16	0	0	0	0	0	0	0	0	0	0	0	0	4	0	0	238	0	0	0	0	1	60
s53	213	0	2	0	0	0	0	4	0	0	0	0	12	0	14	3	0	0	0	0	0	0	0	0	0	0	0	1	0	0	0	0	0	2	1	0	3	0	4	3	1	2	0	0	0	0	0	1	0	0	0	1	0	0	0	0	0	0	0	2	0	10	0	2	0	0	0	0	6	0	0	0	0	0	0	0	0	0	0	0	0	1	0	2	5	5	0	0	0	0	0	0	0	0	0	0	0	4	0	0	8	0	0	4	0	0	3	0	0	0	0	0	0	0	0	229	0	0	0	0	0	2	2	0	0	2	2	1	2	0	0	0	0	0	0	0	0	0	0	0	1	0	0	0	6	0	0	3	0	0	0	0	37	0	4	1	0	0	0	0	0	0	0	0	0	0	7	0	0	0	0	0	3	0	0	2	3	0	0	0	6	0	4	0	17	0	0	0	0	0	2	0	1	0	0	3	0	0	0	0	0	0	0	0	0	0	4	0	0	0	0	0	0	1	7	2	1	0	0	0	1	0	0	0	0	0	0	12	1	0	4	10	0	0	0	0	0	0	1	0	0	0	0	0	0	0	0	0	0	0	0	0	0	0	0	0	0	0	0	0	0	0	0	0	0	0	0	0	0	0	0	0	0	0	0	0	0	0	0	0	0	0	0	0	0	0	0	0	0	0	3	0	0	0	0	0	30	0	0	0	0	0	0	0	0	0	0	0	3	3	2	0	0	0	0	0	2	0	0	0	0	0	0	5	0	0	342	0	0	0	0	0	76
s55	313	4	7	0	0	0	0	0	0	1	0	0	5	0	4	1	0	0	0	0	0	0	0	0	2	1	0	4	0	0	0	0	1	0	1	0	0	0	2	0	5	0	0	0	0	0	0	1	0	0	0	0	0	1	3	0	1	0	0	0	0	7	0	3	0	0	0	0	8	0	0	0	0	0	0	0	0	0	0	0	0	0	0	1	10	0	0	0	1	0	0	0	0	0	0	0	0	4	0	0	4	0	0	12	0	0	3	0	0	0	5	0	0	0	0	184	0	0	0	0	0	0	1	0	0	1	0	0	0	0	0	1	0	0	0	0	0	0	2	0	0	2	0	0	1	0	0	0	0	0	1	0	44	3	2	0	0	0	0	0	0	0	0	0	0	0	11	0	0	0	0	0	6	0	0	0	0	0	4	0	8	0	1	1	34	0	0	5	0	0	5	0	0	0	0	4	0	0	0	9	0	0	3	1	0	5	1	0	0	0	5	0	0	0	8	3	0	0	0	0	8	0	0	0	0	0	0	2	7	0	0	0	0	0	0	0	0	0	2	0	0	0	0	0	0	0	0	0	0	0	0	0	0	1	0	0	0	0	0	0	0	0	0	0	0	0	4	0	0	0	0	0	0	0	0	0	0	0	0	0	0	0	0	0	0	0	1	0	0	0	1	0	1	0	0	0	15	0	0	0	0	0	0	0	0	0	0	0	0	1	4	0	0	0	0	0	0	0	0	0	3	0	0	24	0	0	249	5	0	0	0	2	68
s56	472	0	0	0	0	0	4	0	0	0	0	0	0	0	4	0	0	0	2	0	0	0	0	0	0	2	0	6	0	0	0	0	0	0	0	0	0	0	2	0	7	0	0	0	0	0	0	2	0	0	0	0	0	0	0	0	8	0	0	0	0	9	0	0	0	0	0	0	1	0	0	1	0	0	0	2	0	3	0	0	0	3	3	0	5	3	0	0	0	0	0	0	0	0	0	0	0	1	0	0	0	0	8	0	0	0	0	0	0	0	0	0	0	0	0	68	0	0	0	0	5	3	0	0	0	2	11	0	2	0	0	0	1	0	0	4	0	0	0	0	0	8	0	0	0	0	0	0	0	0	0	0	45	4	3	0	0	0	0	0	4	0	0	1	0	0	3	0	0	0	0	0	6	0	0	0	0	0	3	0	5	0	19	0	47	0	0	2	0	0	11	0	0	0	0	0	0	0	0	4	0	0	0	0	0	0	2	0	1	0	5	0	0	0	3	0	0	0	0	0	1	0	0	0	0	0	0	6	0	0	0	0	0	0	0	0	0	0	0	0	0	0	0	0	0	0	0	0	0	1	0	0	0	4	0	0	0	0	0	0	0	0	0	0	0	0	0	0	0	0	0	0	0	0	0	0	0	0	0	0	0	0	0	0	0	0	0	0	0	0	0	0	0	0	0	0	6	0	0	0	0	0	0	0	0	0	0	0	0	5	11	0	0	0	0	0	0	0	0	0	1	0	0	6	0	0	267	0	0	0	0	0	41
s58	98	0	7	0	0	0	5	0	2	0	0	0	2	0	3	15	0	0	0	0	0	0	0	0	0	0	0	11	0	0	0	0	0	0	0	0	0	0	2	2	8	0	0	0	0	0	0	6	0	0	0	3	0	0	0	0	1	0	0	0	3	29	0	0	0	0	0	0	9	0	0	0	0	0	0	0	2	0	1	0	0	1	0	0	0	0	0	0	0	0	0	0	0	1	0	0	0	2	0	0	6	0	0	4	0	0	0	0	0	0	0	0	0	0	0	229	0	0	0	0	0	4	1	0	0	0	0	0	0	0	0	1	0	0	0	0	0	0	12	0	2	13	1	0	1	1	2	0	0	0	1	0	24	5	4	30	0	0	0	1	0	0	0	0	0	0	4	0	0	0	0	0	29	0	0	0	0	0	1	0	12	0	16	4	13	0	0	1	0	0	15	1	0	0	0	0	0	0	0	2	0	0	0	4	0	0	2	0	0	0	0	0	0	2	14	0	0	0	0	0	5	0	0	34	0	0	21	3	0	0	0	0	0	0	0	0	0	0	0	0	0	0	0	0	0	0	0	0	0	0	0	0	0	10	0	0	0	0	0	0	0	0	0	0	0	140	0	0	0	0	0	0	0	0	0	0	0	0	0	0	0	0	0	0	0	0	0	0	0	0	0	0	5	0	0	0	10	2	0	0	0	0	0	0	0	0	0	0	0	0	16	0	0	0	0	0	0	0	0	0	5	0	0	0	0	0	220	0	0	0	0	0	23
s59	134	0	4	0	0	0	0	0	0	0	0	0	35	0	8	0	0	0	0	0	1	0	0	0	0	0	0	2	0	0	0	0	0	0	0	1	0	0	0	0	6	0	0	0	0	0	0	1	0	0	0	0	0	0	0	0	0	0	0	0	0	6	2	0	0	0	0	0	21	0	0	0	0	0	0	3	0	0	7	0	0	6	0	0	2	0	0	0	0	0	0	0	0	0	0	0	0	1	11	0	7	0	0	0	0	3	0	0	0	0	13	0	0	38	0	89	0	0	0	0	0	2	6	0	0	0	0	0	0	0	0	0	0	0	0	0	0	0	0	0	8	0	0	0	2	0	0	1	0	0	3	0	39	14	0	7	0	0	0	0	4	0	0	0	0	0	9	0	0	0	0	0	10	0	0	0	0	0	6	0	9	0	19	3	34	0	0	3	0	0	9	0	3	0	0	14	0	0	0	4	0	0	0	0	0	4	4	0	0	0	1	0	0	0	0	0	0	0	0	0	0	0	70	1	0	0	8	12	5	0	0	0	0	0	0	4	0	0	0	0	0	0	0	0	0	0	0	0	0	0	45	0	0	60	0	0	0	16	0	0	0	0	1	0	0	0	0	0	2	0	0	0	0	0	0	0	0	0	0	0	0	0	0	0	0	0	0	0	0	0	0	0	1	0	0	0	50	0	0	0	0	0	0	0	0	0	0	0	0	21	16	0	0	0	0	0	1	2	0	0	2	0	3	11	0	0	173	0	0	0	0	0	46
s61	211	0	15	0	3	0	2	0	1	0	0	0	0	0	8	1	0	0	0	0	1	0	0	0	2	0	0	8	0	0	0	0	0	3	1	0	2	1	10	0	17	0	0	0	0	0	0	2	0	0	0	0	0	0	0	0	8	0	0	0	0	12	2	0	7	0	0	0	7	0	0	0	0	0	0	0	0	0	0	0	0	0	0	0	3	9	0	0	0	0	1	0	0	0	0	0	0	2	1	0	0	0	0	0	0	0	0	0	5	0	0	0	0	0	0	247	0	0	0	0	2	4	4	0	0	0	0	0	0	0	0	1	0	4	0	1	0	0	0	1	1	1	0	0	6	0	2	1	0	0	4	0	42	1	10	3	0	0	0	0	2	0	0	0	0	0	3	0	0	5	0	0	1	0	0	0	0	0	6	0	12	0	9	2	18	0	0	5	0	0	3	3	3	0	0	32	0	0	0	0	0	0	0	0	0	0	3	0	0	0	1	0	0	0	6	0	0	2	0	0	0	0	0	22	0	0	0	6	8	0	2	0	0	0	0	0	0	0	0	0	0	0	4	0	0	0	0	0	0	14	0	0	0	0	0	0	0	0	0	0	0	0	0	0	0	0	0	0	0	0	0	0	0	0	0	0	0	0	0	0	0	0	0	0	0	4	1	0	0	0	0	0	4	0	0	0	21	0	0	0	0	0	11	0	0	0	0	0	0	21	34	0	0	0	0	3	0	0	0	0	0	0	0	0	0	0	129	0	0	0	0	3	86
s62	177	0	13	1	0	0	1	1	3	0	0	0	0	0	15	5	0	0	0	6	0	0	0	0	0	0	0	17	0	0	0	0	0	0	0	0	0	0	6	0	12	0	0	0	0	0	0	3	0	0	3	0	0	0	5	0	0	0	0	0	0	43	0	0	0	0	0	0	27	0	0	0	0	0	0	1	0	0	0	0	2	9	0	2	24	9	0	2	0	0	0	0	0	0	0	0	2	3	0	0	0	0	0	0	0	0	0	0	0	0	0	0	0	0	0	32	0	0	0	2	0	0	0	0	0	1	6	0	0	0	0	17	0	0	0	0	0	0	0	0	0	1	0	3	0	5	0	0	0	0	10	0	38	9	6	26	0	0	0	0	3	0	0	0	1	0	9	0	0	0	0	0	3	0	0	0	0	5	0	0	6	0	16	1	72	0	0	2	0	0	10	0	0	0	0	10	0	0	0	4	0	0	5	0	0	0	0	0	0	0	0	0	0	0	1	11	0	5	0	0	0	0	0	5	2	0	0	29	0	0	0	0	0	0	0	0	0	0	0	0	4	0	0	0	0	0	0	0	0	8	0	0	0	0	0	0	0	0	2	0	0	0	0	0	0	0	0	0	0	0	0	0	0	0	0	1	0	0	0	0	0	0	0	0	0	0	0	0	0	0	2	0	5	0	0	0	18	0	0	0	0	0	0	0	0	0	2	0	0	0	23	0	0	0	0	1	0	0	0	0	1	0	0	0	0	0	247	25	0	0	0	6	76
s64	357	0	3	0	2	0	0	0	5	0	0	0	1	0	9	0	0	0	0	0	1	0	0	0	0	0	0	5	0	0	0	0	0	0	0	0	0	0	2	0	12	0	0	0	0	0	0	2	0	0	0	0	0	0	0	0	3	0	0	0	0	2	0	0	0	0	0	0	29	0	0	2	1	0	0	0	0	0	0	0	2	17	0	0	15	1	0	9	0	0	0	0	0	0	0	0	0	4	0	0	0	0	0	0	0	4	0	0	0	0	0	0	0	9	0	127	0	0	0	0	7	1	0	0	0	0	0	0	0	0	0	2	0	0	1	2	0	0	0	0	1	0	0	0	2	0	0	1	0	0	11	0	49	0	2	9	0	0	0	0	0	0	0	0	0	1	13	0	0	4	0	0	8	0	0	0	0	0	1	0	19	0	7	0	34	0	0	5	0	0	9	0	0	0	0	23	0	0	0	1	0	0	0	0	0	0	0	0	0	5	6	0	0	1	0	1	0	0	0	0	0	0	0	2	0	0	0	3	0	0	0	0	0	0	0	0	0	0	0	0	0	0	0	0	0	0	0	0	0	0	5	2	0	1	0	0	0	17	0	0	0	0	0	0	0	0	0	0	0	0	0	0	0	0	0	2	0	0	0	0	0	0	0	0	0	0	2	0	0	0	0	0	1	0	0	0	31	0	0	0	0	0	0	0	0	0	6	0	0	40	16	0	0	0	0	0	0	2	0	0	0	0	0	6	0	0	163	0	0	0	0	2	18
s65	169	0	1	0	0	0	3	0	1	0	0	0	5	0	4	3	0	0	0	0	4	0	0	0	2	3	0	5	0	0	0	1	0	2	6	0	0	0	4	0	2	0	0	0	0	0	0	0	0	0	0	0	0	0	1	0	4	0	0	0	0	3	0	0	0	0	0	0	2	0	0	0	0	2	0	0	0	0	0	0	0	15	0	0	9	0	0	1	0	0	0	0	0	0	0	0	0	0	0	0	0	0	0	7	0	0	0	0	0	0	394	0	0	0	0	112	0	0	0	0	3	0	0	0	0	0	1	0	1	0	0	1	0	0	0	0	0	0	2	0	0	0	0	0	5	1	0	0	0	0	0	0	16	4	1	3	0	0	0	0	0	0	0	0	0	0	4	0	0	0	0	0	8	0	0	0	0	0	4	0	16	0	8	0	21	0	0	2	0	0	2	0	10	0	0	6	0	0	0	3	0	0	0	0	0	0	4	0	0	0	0	0	0	0	0	0	0	0	0	0	0	0	0	53	0	0	0	13	7	0	0	0	0	0	0	0	0	0	0	0	0	0	0	0	0	0	4	0	0	0	0	0	0	3	0	0	0	0	0	0	0	0	0	0	0	0	0	0	0	0	0	0	0	0	0	1	0	0	0	0	0	0	0	0	0	0	10	8	0	0	0	0	0	0	0	0	4	0	0	0	0	0	0	0	0	0	0	0	0	23	18	0	0	0	1	0	0	0	0	2	0	0	0	0	0	0	101	0	0	0	0	3	27
s67	334	0	5	2	0	0	0	0	1	0	0	0	3	0	0	5	0	0	4	0	0	0	0	0	0	0	0	6	0	0	0	0	0	0	0	0	0	0	0	0	11	0	0	0	0	0	0	0	0	0	0	0	0	0	0	0	0	0	0	0	0	0	0	0	0	0	0	0	14	0	0	0	0	0	0	0	0	0	0	0	0	3	0	0	17	0	0	0	0	0	0	0	0	0	0	0	0	3	0	0	0	0	0	0	0	0	0	0	0	0	0	0	0	0	0	162	0	0	0	0	0	9	0	0	0	0	0	0	0	0	3	0	0	0	1	10	0	0	7	0	9	0	0	0	0	0	0	0	0	0	0	0	27	6	0	0	0	0	0	0	3	0	0	0	0	0	2	0	0	0	0	0	20	0	0	0	0	0	0	0	0	0	8	0	13	0	0	1	0	0	8	0	1	4	0	10	0	0	0	0	0	0	0	0	0	6	4	0	0	0	0	8	0	0	0	0	0	0	0	0	0	0	0	0	5	0	0	18	0	0	0	0	0	6	0	0	0	0	0	0	0	0	0	0	0	0	0	0	0	0	0	0	0	1	0	0	0	0	0	0	0	0	0	0	0	0	0	0	0	0	0	0	0	0	0	0	2	0	0	0	0	0	0	0	0	0	0	0	0	0	0	0	4	0	0	0	21	0	0	0	0	0	0	0	0	0	2	0	0	14	10	0	0	0	0	0	2	9	0	0	0	0	0	24	0	0	246	0	0	0	0	0	75
s68	184	0	4	0	1	0	0	0	0	0	0	0	1	0	1	0	0	0	0	0	0	0	0	0	0	0	0	11	0	0	1	0	0	0	0	0	0	2	0	0	7	0	0	0	0	0	0	0	0	0	0	0	0	0	0	0	2	0	0	0	2	3	0	0	0	0	0	0	7	0	0	0	0	0	0	0	0	0	0	0	0	4	0	2	1	1	0	2	0	0	0	0	0	0	5	0	0	1	0	0	0	0	0	0	0	0	0	0	0	0	7	0	0	0	0	284	0	0	0	0	0	3	0	0	0	0	1	0	0	0	2	5	0	0	0	1	0	0	7	0	1	1	0	0	4	0	0	0	0	0	0	0	20	6	2	1	0	0	0	0	1	0	0	0	0	0	3	0	0	0	0	0	44	8	0	0	0	0	1	0	4	0	205	2	3	0	0	0	0	0	9	0	0	0	0	9	0	0	0	0	0	0	0	2	1	0	0	0	0	53	0	0	0	0	8	6	0	6	0	0	0	0	0	4	0	0	0	4	0	0	0	0	0	0	0	0	0	0	0	0	0	0	0	0	0	0	0	3	0	5	0	0	0	0	0	0	0	0	0	0	0	0	0	0	0	0	0	0	0	0	0	0	0	0	0	1	0	0	0	0	0	0	0	0	0	0	0	0	0	0	0	0	3	0	0	0	24	0	0	0	0	0	0	0	0	0	2	0	4	19	18	0	0	0	0	0	0	0	0	0	0	0	0	0	0	0	80	0	0	1	0	1	48
s7	254	0	2	0	0	0	0	0	0	0	0	0	9	0	0	5	0	1	0	0	0	0	0	0	0	11	0	0	0	0	0	2	0	0	0	0	0	0	0	0	0	0	2	0	0	0	0	20	0	0	0	0	0	0	0	0	0	0	0	0	0	3	0	0	0	0	0	6	78	0	0	0	0	2	0	1	0	0	0	0	0	0	0	6	0	8	1	0	0	0	0	0	0	0	0	4	0	8	0	0	0	0	0	0	0	0	0	0	0	0	0	0	0	0	0	168	0	0	0	0	0	0	0	0	0	0	3	0	0	2	0	0	0	0	0	0	0	0	0	0	0	0	0	0	20	0	0	0	0	0	0	0	59	5	3	0	0	0	0	0	0	0	0	0	0	0	8	0	0	0	0	0	252	0	0	0	0	0	0	0	0	0	0	0	0	0	0	7	0	0	0	0	0	0	0	2	0	0	0	6	0	0	0	0	0	0	0	0	0	0	0	0	0	0	0	0	0	0	0	0	0	0	0	0	0	0	0	4	0	0	13	0	0	0	0	0	0	0	0	0	0	0	0	0	0	0	0	0	0	0	0	0	0	0	0	0	0	0	0	0	0	6	0	0	0	0	0	0	0	0	0	0	0	0	0	0	0	0	0	0	0	0	0	0	0	0	0	0	0	0	0	0	0	0	0	0	49	0	0	0	0	0	0	0	0	0	0	0	0	3	1	0	0	0	0	0	0	0	0	0	0	0	0	0	0	0	4	0	4	0	0	16	111
s70	226	0	2	0	0	0	0	0	1	0	0	0	0	0	3	0	0	1	2	3	0	0	0	0	0	2	0	0	0	0	0	0	0	0	2	3	0	0	0	0	0	0	0	0	0	0	0	2	0	0	0	0	0	0	0	0	1	0	0	0	11	10	0	1	0	0	0	0	10	0	0	0	0	0	0	0	2	0	0	0	0	0	0	0	3	0	0	4	0	0	0	0	0	0	0	0	0	1	0	0	0	8	0	4	0	0	0	0	0	0	2	0	0	0	0	316	0	0	0	0	0	0	2	0	7	2	2	0	0	0	0	0	0	0	0	0	0	0	2	0	0	1	0	0	6	0	2	0	0	0	0	0	56	6	6	8	0	0	0	0	8	0	0	1	0	0	1	0	0	0	0	0	5	0	0	0	0	0	0	0	6	0	2	9	21	0	0	1	0	0	4	1	1	0	0	13	0	0	0	0	0	0	0	0	0	0	3	0	0	0	4	1	0	0	0	2	0	0	0	0	0	0	0	0	0	0	0	6	4	0	0	0	0	0	0	0	0	0	0	0	5	0	0	0	0	0	0	0	0	3	0	0	0	0	0	0	0	0	0	1	0	0	0	0	0	0	0	0	0	0	5	0	0	0	0	3	0	0	0	0	0	0	0	0	0	0	0	0	0	0	0	0	2	0	0	0	37	0	0	0	0	0	0	0	0	0	0	0	0	7	7	0	0	0	0	0	0	0	0	0	0	1	0	7	0	1	210	0	0	0	0	2	65
s71	229	0	6	0	6	1	0	0	2	0	0	0	5	0	12	0	0	0	2	0	7	0	0	1	0	0	0	7	0	0	0	0	0	0	17	0	0	0	3	0	2	0	0	0	0	0	0	3	0	0	0	0	0	0	0	0	3	0	0	0	0	0	0	0	0	0	0	0	1	0	0	0	0	0	0	0	1	0	0	0	2	8	0	2	2	0	0	0	0	0	6	0	0	0	0	8	0	0	0	0	0	0	0	1	0	0	0	0	0	0	0	0	0	0	0	195	0	0	0	0	3	0	0	0	0	1	1	0	0	0	0	0	0	0	4	0	0	0	3	0	0	1	0	0	4	2	0	0	0	0	0	0	35	4	0	3	0	0	0	0	0	0	0	0	0	1	4	0	0	0	0	0	67	0	0	3	0	0	7	0	0	0	34	8	14	0	1	3	0	0	17	7	3	0	0	18	0	0	0	0	0	3	0	3	0	0	1	0	0	0	2	0	0	0	6	0	0	1	0	0	0	0	0	9	0	0	0	0	0	0	0	1	0	0	0	0	0	0	0	0	0	0	0	0	0	0	0	0	0	2	9	3	0	0	0	5	0	0	0	0	0	0	4	0	0	0	0	0	0	0	0	0	0	0	0	0	0	0	0	0	0	0	0	0	0	0	4	0	0	0	0	0	3	0	0	0	28	0	0	0	0	0	0	0	0	0	0	0	5	6	37	0	0	0	0	0	0	0	0	0	0	0	0	17	0	0	201	0	0	0	0	2	37
s74	99	0	4	0	0	0	3	1	1	0	0	0	0	0	0	7	0	0	0	0	0	0	0	0	0	0	0	1	0	0	0	3	0	0	2	0	0	0	12	0	12	0	0	0	0	0	0	1	0	0	0	0	0	0	2	0	0	15	0	0	0	2	0	0	0	0	0	0	13	0	0	0	3	1	0	0	0	0	0	0	0	0	0	2	5	17	0	0	0	0	0	0	0	0	0	0	1	1	0	1	0	0	14	1	0	0	0	0	0	0	47	0	0	0	0	204	2	0	0	0	0	4	0	0	0	0	2	3	0	0	1	0	0	0	0	0	0	0	2	1	0	1	0	0	1	3	0	0	0	0	0	0	53	0	5	2	0	0	0	0	0	0	0	1	0	0	6	0	0	0	0	0	21	0	0	0	0	0	6	0	9	0	0	0	21	0	0	5	0	0	15	0	0	0	0	9	0	0	0	3	1	0	0	0	0	0	1	0	0	16	6	0	0	0	7	3	0	0	0	2	3	0	0	5	0	0	0	4	0	0	0	0	0	0	0	0	0	0	0	0	0	0	0	0	0	0	0	0	0	0	0	0	0	0	0	0	0	0	1	0	0	0	0	0	0	0	0	0	0	0	19	0	0	0	0	0	0	0	0	0	0	0	0	0	0	3	0	0	0	0	0	0	1	0	0	0	32	0	0	0	0	0	0	52	0	0	0	0	5	3	6	0	0	0	0	0	0	1	0	0	0	0	0	81	0	0	187	0	0	0	0	0	79
s76	83	0	2	0	0	0	0	0	0	0	0	0	2	0	1	1	0	0	0	0	0	0	0	0	0	0	0	30	0	0	0	0	0	0	0	0	0	0	4	0	1	0	0	1	0	0	0	0	0	0	0	0	0	0	0	0	0	6	0	0	0	11	0	0	0	0	0	0	2	0	0	0	0	0	0	0	0	0	0	0	0	0	0	0	3	26	0	1	0	0	0	21	3	0	0	0	0	2	0	0	4	0	28	0	0	0	0	5	0	0	132	0	0	0	0	326	0	0	0	0	1	1	0	0	0	0	0	0	0	0	0	1	0	0	0	7	0	0	0	0	3	4	0	0	4	1	0	0	0	1	0	0	24	1	1	8	0	0	0	0	0	0	0	1	0	0	3	0	0	0	0	0	0	0	0	0	0	0	0	1	1	0	2	1	13	0	0	7	0	0	8	0	0	0	0	16	0	0	0	1	0	0	0	0	0	0	1	0	0	0	4	2	0	3	0	0	0	0	0	0	1	0	0	0	0	0	0	4	0	0	0	0	0	0	0	0	0	0	11	0	0	0	0	0	0	0	0	0	0	0	0	6	1	2	0	0	0	0	0	0	0	0	0	0	0	0	0	0	0	0	0	0	1	0	0	0	0	0	0	0	0	0	0	0	0	0	0	0	0	0	0	0	1	0	0	0	10	0	0	0	0	0	0	2	0	0	0	0	0	0	16	0	0	0	0	0	0	0	0	0	0	1	0	3	0	0	236	0	0	0	0	0	58
s77	168	0	9	0	0	0	0	0	3	0	0	0	0	0	0	1	0	0	0	0	0	0	0	0	0	0	0	5	0	0	0	6	0	0	0	0	0	0	1	0	0	0	0	0	0	0	0	0	0	0	0	0	0	0	0	0	1	7	0	0	0	16	0	0	3	0	0	0	12	0	0	0	0	0	0	0	0	0	1	0	0	0	0	0	1	12	0	1	0	0	0	0	0	0	0	0	0	1	0	0	1	0	5	0	0	0	0	0	0	0	320	0	0	19	0	117	0	0	0	0	5	1	0	0	0	0	1	0	0	0	0	0	0	0	0	1	0	0	0	0	0	0	0	0	3	0	0	0	0	0	0	0	41	7	2	4	0	0	0	0	0	0	0	1	0	0	1	0	0	0	0	0	8	0	0	0	0	0	0	0	0	0	0	2	23	0	0	2	0	0	6	0	0	0	0	2	0	0	0	4	0	0	0	3	0	0	2	1	0	6	1	0	0	0	3	0	0	2	0	0	4	0	0	2	0	0	0	5	2	6	0	10	0	0	0	0	0	0	0	0	0	0	0	0	0	0	0	0	0	0	11	0	0	0	0	0	0	0	0	0	0	0	3	0	0	0	0	0	0	0	3	0	0	0	0	0	0	0	0	0	0	0	0	0	0	17	0	0	0	0	0	0	3	0	0	0	7	0	0	0	0	0	0	0	0	0	0	0	0	7	2	0	0	0	0	0	0	0	0	0	1	0	0	5	0	0	189	0	0	0	0	0	50
s78	140	0	9	0	0	0	2	0	0	0	0	0	1	0	1	1	0	0	0	0	0	0	0	0	0	2	1	3	0	0	0	0	0	0	4	0	2	0	7	0	9	0	0	2	0	0	0	4	0	0	0	0	0	0	0	0	1	1	0	1	0	4	0	0	0	0	0	0	4	0	0	0	0	1	0	0	0	0	0	0	0	0	0	0	6	3	0	0	0	0	0	0	0	0	0	2	0	1	0	2	0	0	0	0	0	0	0	0	0	0	0	0	0	81	0	301	0	0	0	0	0	3	1	0	0	0	0	0	0	0	0	0	0	0	0	0	0	0	2	0	0	6	0	0	1	0	3	0	0	0	0	0	32	2	6	0	0	0	0	0	0	0	0	2	0	0	7	0	0	0	0	1	6	0	0	0	1	0	0	0	6	0	7	0	13	0	0	1	0	0	14	0	4	0	0	9	0	0	0	0	0	0	0	1	0	0	4	0	0	0	0	0	0	0	4	1	1	3	0	2	4	4	0	0	2	0	0	4	0	9	2	0	0	0	0	0	0	0	0	0	0	0	0	2	0	0	0	0	0	12	5	0	0	8	0	0	0	0	0	0	0	0	0	0	0	0	0	0	0	0	0	0	0	0	0	0	0	0	0	0	0	0	0	0	0	1	1	0	0	0	0	0	3	0	0	1	67	0	0	0	0	0	0	18	0	0	0	5	11	5	5	0	0	0	0	0	0	0	0	0	0	0	0	5	0	0	166	0	0	0	0	5	85
s8	141	3	7	0	4	0	2	1	0	0	0	0	1	0	0	0	0	0	0	0	0	0	0	0	0	4	0	0	0	0	0	0	0	0	0	0	0	0	1	0	0	0	0	0	0	0	0	3	0	0	0	0	0	0	0	0	0	0	0	0	0	13	0	0	0	0	2	67	14	0	0	0	0	1	0	1	0	0	0	0	0	0	0	2	0	10	0	0	0	0	0	0	0	0	0	0	0	6	0	0	0	0	0	0	0	0	0	0	0	0	0	0	0	0	2	156	0	0	0	0	1	3	17	0	0	0	0	1	0	0	0	0	0	0	0	0	0	0	0	0	0	4	0	0	63	5	0	2	0	2	0	0	128	22	2	18	0	0	0	0	4	0	1	3	0	0	8	1	0	0	0	0	165	0	0	0	0	0	3	0	9	0	0	0	9	0	0	6	0	0	0	0	0	0	0	7	0	0	0	1	0	0	1	0	0	0	4	0	0	0	0	0	0	0	8	0	0	0	0	0	4	0	0	0	0	0	0	11	23	0	25	3	0	0	0	0	0	0	0	0	0	0	0	0	0	0	0	0	0	0	0	0	0	0	0	0	0	0	0	0	0	0	0	0	0	0	0	0	0	0	0	0	0	0	0	2	0	0	5	0	0	0	0	0	0	2	1	0	0	0	0	0	0	1	0	0	8	0	0	0	0	0	0	0	0	0	0	0	4	0	2	0	0	0	0	0	0	0	0	0	0	0	0	0	0	0	74	1	1	0	0	8	55
s80	250	2	6	0	0	0	4	1	12	0	0	0	2	0	5	2	0	0	0	0	1	0	0	0	0	0	3	1	4	0	3	0	0	0	5	0	0	0	8	0	9	0	0	1	0	0	0	3	0	0	0	0	0	0	0	0	0	3	0	0	3	17	0	0	0	0	0	0	1	0	0	0	0	0	0	0	0	0	2	0	1	1	0	3	2	8	0	1	0	0	0	0	0	0	0	0	0	1	0	0	1	0	21	18	0	0	0	0	3	0	4	0	0	0	10	259	0	0	0	0	1	5	0	0	0	2	7	0	1	0	0	0	0	0	0	2	0	0	0	0	0	2	0	0	7	0	0	0	0	1	0	0	45	12	0	0	0	0	0	0	1	0	0	0	0	0	0	0	0	0	0	0	3	0	0	0	0	0	3	0	4	0	0	0	16	0	0	1	0	0	1	0	1	0	0	4	0	0	0	7	0	0	0	0	0	0	0	0	0	0	1	2	0	0	5	0	0	0	0	0	0	0	0	0	1	0	0	7	7	0	0	2	0	0	0	0	0	0	0	0	0	0	0	0	0	0	0	0	0	0	0	0	0	0	0	0	0	0	0	0	0	0	0	0	0	0	0	0	0	0	0	0	0	0	0	2	0	0	0	0	0	0	0	0	0	0	4	0	0	0	1	0	1	0	0	0	19	0	0	0	0	0	0	16	0	0	4	0	0	6	36	0	0	0	0	0	0	2	1	0	0	0	0	11	0	0	183	0	0	0	0	1	50
s81	180	0	2	0	0	0	0	0	1	0	0	1	0	0	2	7	2	0	0	0	0	0	0	0	0	0	2	3	4	0	0	0	0	0	2	0	0	0	3	0	2	0	0	0	0	0	0	0	0	0	0	0	0	0	0	0	0	1	0	0	1	5	0	0	1	0	0	0	8	0	0	0	1	1	0	0	0	0	1	0	0	1	0	0	5	14	0	0	0	0	0	0	5	0	0	0	0	2	0	2	0	0	76	0	0	0	0	0	2	0	2	0	0	0	0	150	0	0	0	0	0	0	0	0	2	0	7	0	0	0	1	0	0	0	0	1	0	0	2	0	0	1	0	0	0	1	0	0	0	0	0	1	12	2	2	0	0	0	0	0	0	0	0	0	0	0	5	0	0	0	0	0	0	0	0	0	1	0	0	0	2	0	1	0	9	0	0	0	0	0	3	0	0	0	0	3	0	0	0	0	0	0	0	0	0	0	0	0	0	0	3	0	0	1	385	9	0	1	0	0	6	0	0	0	1	0	0	0	5	0	0	1	0	0	0	0	0	0	0	0	0	0	0	0	0	0	0	0	0	13	0	0	0	0	0	0	0	0	0	0	0	0	0	0	0	0	0	0	0	0	0	0	0	0	0	4	1	0	0	0	0	0	0	0	0	1	2	0	0	0	0	0	0	0	0	0	11	0	0	0	0	0	0	4	0	0	0	0	0	2	26	0	0	0	1	0	0	1	0	0	0	0	0	10	0	0	115	0	0	0	0	3	18
s83	168	0	1	0	0	0	0	2	2	1	1	0	0	0	3	8	0	0	0	1	0	0	0	0	0	0	0	5	0	0	1	2	0	0	4	0	1	0	7	0	10	0	0	0	0	0	0	2	0	0	0	0	0	0	1	0	2	3	0	0	3	11	0	0	0	0	0	0	14	0	0	0	0	0	0	0	0	0	2	0	1	2	0	1	10	27	0	0	0	0	0	0	0	0	0	0	2	0	0	0	2	4	15	3	0	0	0	0	2	0	1	0	0	0	0	159	0	0	0	0	1	2	5	0	1	0	6	1	1	0	0	2	0	0	2	13	0	0	3	0	1	4	0	0	1	0	0	0	0	0	0	0	30	4	3	2	0	0	0	0	1	0	0	0	0	0	3	0	0	0	0	0	5	0	0	0	0	0	4	0	7	0	0	2	26	0	0	3	0	0	11	1	0	0	0	0	0	0	0	2	1	0	0	1	0	1	3	0	0	7	0	0	0	0	13	0	0	0	0	0	2	0	0	0	16	0	0	6	0	0	2	0	0	0	0	0	0	0	0	0	0	0	0	0	0	0	0	0	0	0	0	0	0	2	0	0	0	0	0	2	0	0	0	0	0	0	0	0	0	4	0	0	0	0	0	1	0	0	0	0	0	1	0	0	0	0	5	0	1	0	1	0	2	0	0	0	12	0	0	0	4	0	1	0	0	0	0	3	0	8	18	0	1	0	0	0	0	0	0	0	0	0	0	2	0	0	311	0	0	0	0	0	107
s84	215	0	1	0	0	0	0	2	2	0	0	0	3	0	3	0	0	0	2	0	2	0	0	0	1	0	0	4	0	0	0	1	0	0	0	0	0	0	11	0	6	0	0	0	0	0	0	0	0	0	0	0	1	0	0	0	0	4	0	0	0	4	0	0	0	0	0	5	11	0	0	0	0	0	0	1	0	0	1	0	0	1	8	1	5	5	0	0	0	0	2	0	0	0	0	0	2	1	0	0	1	0	0	0	0	0	0	0	0	0	3	0	0	0	0	341	0	0	0	0	0	0	1	0	0	0	3	0	2	0	0	0	0	2	7	0	0	0	6	1	0	2	0	0	7	0	0	0	0	0	0	0	52	5	5	16	0	1	0	0	1	0	0	0	0	0	3	0	0	1	0	1	9	0	0	0	0	0	0	0	5	0	1	1	34	0	0	1	0	0	1	0	2	0	0	17	0	0	0	0	3	0	0	0	0	0	3	0	0	0	3	0	0	0	5	0	0	0	0	0	0	0	0	0	0	0	0	3	0	0	0	2	0	0	0	0	0	0	7	0	0	0	0	0	0	0	0	0	0	0	0	2	0	0	0	0	0	1	0	0	0	0	0	0	0	0	0	0	0	0	1	3	0	0	0	0	0	0	0	0	0	0	0	0	0	0	4	0	0	0	0	0	11	0	0	0	6	0	0	0	0	0	0	0	0	0	0	0	0	2	5	0	0	0	0	0	0	0	0	0	0	0	0	15	0	0	194	0	0	0	0	2	60
s85	244	0	6	0	0	0	1	1	1	0	0	0	0	0	0	4	0	0	0	0	0	0	0	0	0	0	1	2	0	0	0	5	0	0	12	1	0	0	0	0	26	0	0	0	0	0	0	8	0	0	0	0	2	0	0	0	6	19	0	0	0	12	0	0	0	0	0	0	17	0	0	0	0	0	0	0	0	0	8	0	13	0	0	2	3	30	1	0	0	0	0	0	1	0	0	0	0	0	0	0	5	0	94	0	0	0	0	0	0	0	38	0	0	0	0	70	0	0	0	0	1	4	0	0	1	0	4	2	0	0	2	0	0	0	2	1	0	0	0	0	1	0	0	0	3	1	0	0	0	0	0	0	52	0	3	0	0	0	0	0	2	0	0	0	0	0	6	0	0	1	0	0	6	0	0	1	0	0	0	0	3	0	5	2	20	0	3	1	0	0	3	0	0	0	0	5	0	0	0	1	0	1	0	0	0	0	0	0	0	1	1	0	0	0	15	0	0	1	0	0	1	0	0	0	0	0	0	8	2	0	1	0	0	0	0	0	0	0	0	0	0	2	0	0	0	0	0	0	0	0	0	1	0	0	0	0	0	0	0	0	0	0	0	0	0	0	0	1	0	9	0	0	0	0	0	0	0	0	0	0	3	0	0	0	0	0	4	0	0	0	0	0	1	0	0	0	70	0	0	0	0	0	0	21	0	0	0	0	16	8	19	0	0	0	1	0	0	0	0	0	0	1	0	2	0	0	178	0	0	0	0	0	32
s86	211	0	4	0	0	0	2	0	9	0	0	0	1	0	0	3	0	0	0	2	0	0	0	0	0	0	4	2	0	0	1	1	0	0	4	0	0	0	1	3	18	0	0	0	0	0	0	0	0	0	0	0	0	0	0	0	0	9	0	0	2	15	0	0	0	0	0	0	9	0	1	0	0	1	0	0	0	2	0	0	0	3	0	1	0	6	0	0	0	0	0	1	2	0	0	0	5	6	0	0	1	0	30	0	0	0	0	0	0	0	0	0	0	0	0	98	0	0	0	0	0	6	0	0	0	0	10	3	10	0	1	2	0	0	1	5	0	0	0	0	0	3	0	0	20	0	0	0	0	1	0	0	40	3	0	7	0	0	0	0	0	0	0	0	1	0	7	0	0	0	0	0	4	0	0	0	2	0	0	0	37	0	4	0	26	0	0	21	0	0	1	2	0	0	3	3	0	0	0	0	1	0	0	0	0	0	2	0	0	0	9	0	0	2	8	0	0	7	0	0	0	0	0	9	0	0	0	9	6	0	4	0	0	0	0	0	0	0	0	0	0	0	0	0	0	0	0	0	0	0	0	0	6	1	0	0	0	0	0	0	0	0	4	0	0	0	0	0	0	0	3	0	0	0	0	0	0	0	0	2	2	0	0	0	0	4	0	0	0	0	0	0	4	0	0	0	54	0	0	0	0	0	0	15	0	4	12	0	0	12	1	0	0	0	0	0	0	0	0	0	0	0	0	2	0	0	238	0	0	0	0	0	67
s88	238	0	6	0	0	0	10	1	0	0	0	0	8	0	6	4	0	0	30	0	1	0	0	0	2	0	0	9	0	0	0	0	0	0	2	0	0	0	7	2	7	0	0	0	0	0	0	0	0	0	0	0	0	0	0	0	0	1	0	0	0	4	0	0	0	0	0	5	8	0	0	1	0	0	0	0	0	0	2	0	0	0	0	0	2	6	0	1	0	0	0	2	0	0	0	0	1	2	4	0	2	0	29	0	0	0	0	0	0	0	2	0	0	2	0	61	0	0	0	0	2	4	0	0	0	0	0	0	1	0	1	0	0	0	1	5	0	0	1	0	0	0	0	0	12	0	0	0	0	0	0	0	35	10	0	1	0	0	0	0	1	0	0	0	0	0	6	0	0	0	0	0	7	0	0	0	0	0	8	0	6	0	1	0	12	0	0	0	0	0	9	3	3	0	0	5	0	0	0	0	0	0	0	0	0	3	4	0	0	0	6	0	0	0	3	0	0	0	0	0	4	0	0	0	7	0	0	0	0	0	2	0	0	0	6	0	0	0	0	0	0	0	0	0	3	0	0	0	0	0	0	0	0	0	0	0	0	0	0	0	0	0	0	0	0	0	0	0	0	2	2	0	0	0	0	0	0	0	0	0	0	0	0	0	0	2	4	0	2	0	9	1	1	0	1	0	62	0	0	0	0	0	0	17	0	0	0	0	4	17	19	0	0	0	0	0	0	0	1	0	0	0	0	67	0	0	176	0	0	0	0	0	142
s89	440	0	1	2	0	0	16	1	1	0	0	0	0	0	4	1	0	0	1	0	1	0	1	0	0	0	0	0	0	0	0	1	1	4	21	0	0	0	8	0	28	0	0	0	1	3	0	3	0	0	0	1	0	0	0	0	0	2	0	0	0	4	0	0	0	0	0	6	5	0	0	0	0	0	0	0	0	0	1	0	7	2	2	0	0	1	1	0	0	0	0	0	0	0	0	0	1	0	0	0	0	0	9	0	0	0	0	0	0	0	3	0	0	0	0	92	0	0	0	0	0	6	0	0	0	0	1	0	0	0	1	1	0	2	0	1	0	0	1	0	1	0	0	0	2	1	1	1	0	0	0	0	42	10	1	2	0	1	0	0	0	0	0	0	0	0	4	0	0	0	0	0	4	0	0	0	0	0	4	0	2	0	1	0	16	1	0	0	0	0	5	0	1	0	0	2	0	0	0	0	0	0	0	1	0	0	2	0	0	0	1	0	0	0	0	0	0	0	0	0	0	0	0	0	2	2	0	1	0	0	5	1	0	0	0	0	0	0	0	0	0	0	0	0	12	0	0	0	0	11	0	0	0	0	0	0	0	0	0	0	0	0	1	0	0	0	0	0	0	2	0	0	0	0	0	0	0	0	0	0	0	0	0	0	0	0	1	0	0	0	0	0	2	0	0	0	26	0	0	0	0	0	0	0	0	0	0	0	0	0	152	0	0	0	0	0	0	1	0	0	0	0	0	0	1	0	126	0	0	0	0	0	28
s91	231	0	9	0	0	0	3	0	2	0	0	0	5	0	3	5	0	0	0	0	0	0	0	0	0	0	0	4	0	0	0	1	0	0	0	0	0	0	3	0	14	1	0	0	4	0	0	0	0	0	0	0	0	0	0	0	0	7	0	1	0	10	8	0	0	0	0	3	23	0	0	0	1	0	0	0	0	0	0	0	0	4	0	0	5	2	0	1	0	0	2	0	0	0	0	0	1	8	0	0	5	0	0	10	0	0	0	1	0	0	2	0	0	0	0	90	0	0	0	0	1	1	0	0	0	2	2	0	4	0	3	2	0	0	0	8	0	0	26	0	0	7	0	0	15	1	0	6	0	1	0	0	69	13	0	9	0	0	0	0	3	0	0	0	0	0	3	0	0	0	0	0	10	0	0	0	0	0	0	0	1	0	0	6	18	0	0	0	0	0	8	0	0	0	0	0	0	0	0	0	0	6	0	0	0	11	0	0	0	0	0	0	0	0	0	6	0	0	0	0	17	0	0	0	0	0	1	0	0	0	0	0	0	0	0	1	0	0	0	0	0	0	0	0	0	0	0	0	0	0	0	9	0	0	2	0	0	0	0	0	0	0	0	4	0	0	0	0	0	0	4	0	0	0	0	4	0	0	0	0	0	0	0	0	0	0	1	0	0	0	0	0	15	0	0	0	10	0	0	0	0	0	0	0	0	0	21	0	0	0	33	0	0	0	0	1	0	0	0	0	0	0	0	3	0	0	204	0	0	0	0	8	120
s92	106	0	11	0	0	0	2	0	0	0	0	0	0	0	0	14	0	0	0	0	0	0	0	0	0	0	1	3	0	0	0	0	0	0	0	0	0	0	3	0	12	0	0	0	0	0	0	2	0	0	0	0	0	0	0	0	0	0	0	0	0	14	0	0	1	0	0	0	19	0	0	0	3	0	0	0	6	0	0	0	0	0	0	0	1	6	0	0	0	0	0	0	0	0	0	0	0	0	0	0	0	0	5	0	0	0	0	0	0	0	0	0	0	0	0	252	0	0	0	0	1	0	0	0	0	2	0	0	1	0	0	0	0	0	6	6	0	0	1	0	4	5	0	0	9	0	0	0	0	0	0	0	32	82	8	29	0	0	0	0	0	0	0	0	0	0	0	0	0	1	0	0	34	0	0	0	0	0	0	0	6	0	2	0	5	0	0	5	0	0	1	0	0	0	0	0	0	1	0	1	0	0	0	0	0	0	1	0	0	0	0	0	0	0	3	0	0	3	0	0	11	0	0	0	0	0	0	7	3	0	2	0	0	0	0	0	0	0	0	0	0	0	0	0	0	0	0	0	0	0	0	0	0	3	0	0	0	0	0	0	0	0	0	0	0	0	0	0	0	0	4	0	0	0	0	4	0	0	0	0	1	0	0	0	0	0	0	0	0	0	0	0	1	0	0	0	16	0	0	0	0	0	0	0	0	0	0	0	0	2	0	0	0	0	1	0	3	2	0	0	0	0	0	10	0	0	299	0	0	0	0	1	89
s94	176	0	4	0	0	0	0	0	0	0	0	0	1	0	1	8	0	0	0	0	2	0	0	0	0	0	0	2	0	0	0	1	0	0	2	0	0	0	5	0	3	0	0	0	0	0	0	0	0	0	0	0	0	0	8	0	0	3	0	0	0	10	2	0	1	0	0	1	1	0	0	0	0	0	0	0	0	0	0	1	0	1	0	0	1	16	0	0	0	0	0	0	0	0	0	0	0	0	0	0	0	0	15	3	0	0	0	0	0	0	0	0	0	0	0	161	0	0	0	0	4	0	3	0	0	0	3	0	0	0	1	2	0	1	0	33	0	0	4	0	0	0	0	0	0	0	0	0	0	0	0	0	44	0	0	0	0	0	0	0	0	0	0	0	0	0	5	0	0	0	2	0	0	0	0	0	0	0	0	0	7	0	0	0	18	0	0	6	0	0	0	8	0	0	3	3	0	0	0	0	0	0	0	0	0	0	0	0	0	17	0	0	0	1	4	1	0	0	0	0	1	0	0	0	7	0	0	2	1	0	0	0	0	0	0	0	0	0	0	0	0	2	0	0	0	0	0	0	4	0	0	0	0	2	0	0	0	0	0	0	0	0	0	0	0	0	0	0	0	1	0	0	0	0	0	0	0	0	0	0	0	0	0	0	0	0	0	0	0	0	4	0	3	0	0	0	16	0	0	0	9	0	0	0	0	0	0	0	0	72	14	0	0	0	1	0	0	0	0	0	0	0	0	0	0	0	318	0	0	0	0	0	113
s95	105	0	4	0	0	0	0	0	4	0	0	0	2	0	7	0	0	0	10	0	1	0	0	0	0	1	0	0	4	0	0	1	1	0	4	0	0	3	3	0	1	1	0	0	0	0	0	0	0	0	0	0	0	0	0	0	2	4	0	0	0	2	0	0	0	0	0	0	33	0	0	0	0	0	1	0	0	0	0	0	2	0	0	0	1	1	0	0	0	0	0	0	1	0	0	0	0	4	0	0	0	0	1	0	0	0	0	0	0	0	0	0	0	0	0	256	0	0	0	0	0	0	0	0	0	0	2	0	1	0	0	0	0	0	1	0	0	0	1	0	0	0	0	0	6	0	0	2	0	0	0	0	38	6	0	4	0	0	0	0	1	0	0	1	0	0	3	0	0	0	0	0	12	0	0	0	0	0	2	0	7	0	6	2	14	0	0	2	0	0	16	3	1	0	0	69	0	0	0	0	0	0	0	1	0	2	0	0	0	0	1	0	0	0	5	2	5	0	0	0	6	0	0	4	0	0	0	5	0	0	0	0	0	0	0	0	0	0	9	0	0	0	0	0	0	1	0	17	0	9	0	1	25	0	0	0	0	0	0	0	0	0	0	0	0	0	0	0	0	0	2	0	0	0	0	0	0	0	0	0	0	2	0	0	0	1	6	2	0	0	7	1	0	0	0	0	118	0	0	0	0	0	0	0	0	0	0	0	6	9	70	0	0	0	0	0	0	0	0	0	0	0	0	3	0	0	135	0	0	0	0	0	54
