Samples	k__Fungi;__;__;__;__;__	k__Fungi;p__Aphelidiomycota;c__Aphelidiomycetes;o__GS16;f__unidentified;g__unidentified	k__Fungi;p__Ascomycota;__;__;__;__	k__Fungi;p__Ascomycota;c__Dothideomycetes;__;__;__	k__Fungi;p__Ascomycota;c__Dothideomycetes;o__Botryosphaeriales;f__Botryosphaeriaceae;g__Macrophomina	k__Fungi;p__Ascomycota;c__Dothideomycetes;o__Capnodiales;f__Cladosporiaceae;g__Cladosporium	k__Fungi;p__Ascomycota;c__Dothideomycetes;o__Capnodiales;f__Mycosphaerellaceae;g__Mycocentrospora	k__Fungi;p__Ascomycota;c__Dothideomycetes;o__Capnodiales;f__Mycosphaerellaceae;g__Mycosphaerella	k__Fungi;p__Ascomycota;c__Dothideomycetes;o__Capnodiales;f__Mycosphaerellaceae;g__Septoria	k__Fungi;p__Ascomycota;c__Dothideomycetes;o__Dothideales;f__Aureobasidiaceae;g__Kabatiella	k__Fungi;p__Ascomycota;c__Dothideomycetes;o__Dothideomycetes_ord_Incertae_sedis;f__Eremomycetaceae;g__Arthrographis	k__Fungi;p__Ascomycota;c__Dothideomycetes;o__Minutisphaerales;f__Minutisphaeraceae;g__Minutisphaera	k__Fungi;p__Ascomycota;c__Dothideomycetes;o__Pleosporales;__;__	k__Fungi;p__Ascomycota;c__Dothideomycetes;o__Pleosporales;f__Coniothyriaceae;g__Coniothyrium	k__Fungi;p__Ascomycota;c__Dothideomycetes;o__Pleosporales;f__Corynesporascaceae;g__Corynespora	k__Fungi;p__Ascomycota;c__Dothideomycetes;o__Pleosporales;f__Cucurbitariaceae;g__Pyrenochaetopsis	k__Fungi;p__Ascomycota;c__Dothideomycetes;o__Pleosporales;f__Dictyosporiaceae;g__Dictyosporium	k__Fungi;p__Ascomycota;c__Dothideomycetes;o__Pleosporales;f__Dictyosporiaceae;g__unidentified	k__Fungi;p__Ascomycota;c__Dothideomycetes;o__Pleosporales;f__Didymellaceae;__	k__Fungi;p__Ascomycota;c__Dothideomycetes;o__Pleosporales;f__Didymellaceae;g__Neoascochyta	k__Fungi;p__Ascomycota;c__Dothideomycetes;o__Pleosporales;f__Didymellaceae;g__Peyronellaea	k__Fungi;p__Ascomycota;c__Dothideomycetes;o__Pleosporales;f__Didymellaceae;g__unidentified	k__Fungi;p__Ascomycota;c__Dothideomycetes;o__Pleosporales;f__Didymosphaeriaceae;g__Verrucoconiothyrium	k__Fungi;p__Ascomycota;c__Dothideomycetes;o__Pleosporales;f__Leptosphaeriaceae;g__Leptosphaeria	k__Fungi;p__Ascomycota;c__Dothideomycetes;o__Pleosporales;f__Leptosphaeriaceae;g__Plenodomus	k__Fungi;p__Ascomycota;c__Dothideomycetes;o__Pleosporales;f__Melanommataceae;__	k__Fungi;p__Ascomycota;c__Dothideomycetes;o__Pleosporales;f__Melanommataceae;g__Melanodiplodia	k__Fungi;p__Ascomycota;c__Dothideomycetes;o__Pleosporales;f__Periconiaceae;g__Periconia	k__Fungi;p__Ascomycota;c__Dothideomycetes;o__Pleosporales;f__Phaeosphaeriaceae;__	k__Fungi;p__Ascomycota;c__Dothideomycetes;o__Pleosporales;f__Phaeosphaeriaceae;g__Chaetosphaeronema	k__Fungi;p__Ascomycota;c__Dothideomycetes;o__Pleosporales;f__Phaeosphaeriaceae;g__Leptospora	k__Fungi;p__Ascomycota;c__Dothideomycetes;o__Pleosporales;f__Phaeosphaeriaceae;g__Neosetophoma	k__Fungi;p__Ascomycota;c__Dothideomycetes;o__Pleosporales;f__Phaeosphaeriaceae;g__Ophiosphaerella	k__Fungi;p__Ascomycota;c__Dothideomycetes;o__Pleosporales;f__Phaeosphaeriaceae;g__Phaeosphaeria	k__Fungi;p__Ascomycota;c__Dothideomycetes;o__Pleosporales;f__Phaeosphaeriaceae;g__Sclerostagonospora	k__Fungi;p__Ascomycota;c__Dothideomycetes;o__Pleosporales;f__Phaeosphaeriaceae;g__Setophoma	k__Fungi;p__Ascomycota;c__Dothideomycetes;o__Pleosporales;f__Phaeosphaeriaceae;g__unidentified	k__Fungi;p__Ascomycota;c__Dothideomycetes;o__Pleosporales;f__Pleomassariaceae;g__Tumularia	k__Fungi;p__Ascomycota;c__Dothideomycetes;o__Pleosporales;f__Pleosporaceae;g__Alternaria	k__Fungi;p__Ascomycota;c__Dothideomycetes;o__Pleosporales;f__Pleosporaceae;g__Bipolaris	k__Fungi;p__Ascomycota;c__Dothideomycetes;o__Pleosporales;f__Pleosporaceae;g__Curvularia	k__Fungi;p__Ascomycota;c__Dothideomycetes;o__Pleosporales;f__Pleosporaceae;g__Dendryphiella	k__Fungi;p__Ascomycota;c__Dothideomycetes;o__Pleosporales;f__Pleosporaceae;g__Drechslera	k__Fungi;p__Ascomycota;c__Dothideomycetes;o__Pleosporales;f__Pleosporales_fam_Incertae_sedis;g__Pseudorobillarda	k__Fungi;p__Ascomycota;c__Dothideomycetes;o__Pleosporales;f__Sporormiaceae;__	k__Fungi;p__Ascomycota;c__Dothideomycetes;o__Pleosporales;f__Sporormiaceae;g__Preussia	k__Fungi;p__Ascomycota;c__Dothideomycetes;o__Pleosporales;f__Sporormiaceae;g__Sporormiella	k__Fungi;p__Ascomycota;c__Dothideomycetes;o__Pleosporales;f__Sporormiaceae;g__Westerdykella	k__Fungi;p__Ascomycota;c__Dothideomycetes;o__Pleosporales;f__Sporormiaceae;g__unidentified	k__Fungi;p__Ascomycota;c__Dothideomycetes;o__Pleosporales;f__Tetraplosphaeriaceae;g__Tetraplosphaeria	k__Fungi;p__Ascomycota;c__Dothideomycetes;o__Pleosporales;f__Thyridariaceae;g__Roussoella	k__Fungi;p__Ascomycota;c__Dothideomycetes;o__Pleosporales;f__Torulaceae;g__Dendryphion	k__Fungi;p__Ascomycota;c__Dothideomycetes;o__Pleosporales;f__Torulaceae;g__Torula	k__Fungi;p__Ascomycota;c__Dothideomycetes;o__Tubeufiales;f__Tubeufiaceae;g__Helicosporium	k__Fungi;p__Ascomycota;c__Dothideomycetes;o__Tubeufiales;f__Tubeufiaceae;g__unidentified	k__Fungi;p__Ascomycota;c__Eurotiomycetes;__;__;__	k__Fungi;p__Ascomycota;c__Eurotiomycetes;o__Chaetothyriales;f__Chaetothyriaceae;g__unidentified	k__Fungi;p__Ascomycota;c__Eurotiomycetes;o__Chaetothyriales;f__Cyphellophoraceae;g__Cyphellophora	k__Fungi;p__Ascomycota;c__Eurotiomycetes;o__Chaetothyriales;f__Herpotrichiellaceae;__	k__Fungi;p__Ascomycota;c__Eurotiomycetes;o__Chaetothyriales;f__Herpotrichiellaceae;g__Cladophialophora	k__Fungi;p__Ascomycota;c__Eurotiomycetes;o__Chaetothyriales;f__Herpotrichiellaceae;g__Exophiala	k__Fungi;p__Ascomycota;c__Eurotiomycetes;o__Chaetothyriales;f__Trichomeriaceae;g__Knufia	k__Fungi;p__Ascomycota;c__Eurotiomycetes;o__Eurotiales;__;__	k__Fungi;p__Ascomycota;c__Eurotiomycetes;o__Eurotiales;f__Aspergillaceae;__	k__Fungi;p__Ascomycota;c__Eurotiomycetes;o__Eurotiales;f__Aspergillaceae;g__Aspergillus	k__Fungi;p__Ascomycota;c__Eurotiomycetes;o__Eurotiales;f__Aspergillaceae;g__Penicillium	k__Fungi;p__Ascomycota;c__Eurotiomycetes;o__Eurotiales;f__Thermoascaceae;g__Byssochlamys	k__Fungi;p__Ascomycota;c__Eurotiomycetes;o__Eurotiales;f__Trichocomaceae;g__Sagenomella	k__Fungi;p__Ascomycota;c__Eurotiomycetes;o__Eurotiales;f__Trichocomaceae;g__Talaromyces	k__Fungi;p__Ascomycota;c__Eurotiomycetes;o__Eurotiales;f__Trichocomaceae;g__Thermomyces	k__Fungi;p__Ascomycota;c__Eurotiomycetes;o__Onygenales;__;__	k__Fungi;p__Ascomycota;c__Eurotiomycetes;o__Onygenales;f__Arachnomycetaceae;g__Arachnomyces	k__Fungi;p__Ascomycota;c__Eurotiomycetes;o__Onygenales;f__Gymnoascaceae;g__Gymnoascus	k__Fungi;p__Ascomycota;c__Eurotiomycetes;o__Onygenales;f__unidentified;g__unidentified	k__Fungi;p__Ascomycota;c__Leotiomycetes;o__Helotiales;__;__	k__Fungi;p__Ascomycota;c__Leotiomycetes;o__Helotiales;f__Dermateaceae;g__Mollisia	k__Fungi;p__Ascomycota;c__Leotiomycetes;o__Helotiales;f__Helotiaceae;__	k__Fungi;p__Ascomycota;c__Leotiomycetes;o__Helotiales;f__Helotiaceae;g__Hymenoscyphus	k__Fungi;p__Ascomycota;c__Leotiomycetes;o__Helotiales;f__Helotiaceae;g__Scytalidium	k__Fungi;p__Ascomycota;c__Leotiomycetes;o__Helotiales;f__Helotiaceae;g__Tetracladium	k__Fungi;p__Ascomycota;c__Leotiomycetes;o__Helotiales;f__Helotiales_fam_Incertae_sedis;g__Cadophora	k__Fungi;p__Ascomycota;c__Leotiomycetes;o__Helotiales;f__Helotiales_fam_Incertae_sedis;g__Leohumicola	k__Fungi;p__Ascomycota;c__Leotiomycetes;o__Helotiales;f__Helotiales_fam_Incertae_sedis;g__Mycoarthris	k__Fungi;p__Ascomycota;c__Leotiomycetes;o__Helotiales;f__Hyaloscyphaceae;g__Cistella	k__Fungi;p__Ascomycota;c__Leotiomycetes;o__Helotiales;f__Hyaloscyphaceae;g__Lachnum	k__Fungi;p__Ascomycota;c__Leotiomycetes;o__Helotiales;f__Leotiaceae;g__Neobulgaria	k__Fungi;p__Ascomycota;c__Leotiomycetes;o__Helotiales;f__Myxotrichaceae;g__Oidiodendron	k__Fungi;p__Ascomycota;c__Leotiomycetes;o__Helotiales;f__Sclerotiniaceae;g__Pycnopeziza	k__Fungi;p__Ascomycota;c__Leotiomycetes;o__Helotiales;f__Vibrisseaceae;g__Phialocephala	k__Fungi;p__Ascomycota;c__Leotiomycetes;o__Thelebolales;f__Pseudeurotiaceae;g__Pseudeurotium	k__Fungi;p__Ascomycota;c__Leotiomycetes;o__Thelebolales;f__Pseudeurotiaceae;g__Pseudogymnoascus	k__Fungi;p__Ascomycota;c__Leotiomycetes;o__Thelebolales;f__unidentified;g__unidentified	k__Fungi;p__Ascomycota;c__Orbiliomycetes;o__Orbiliales;f__Orbiliaceae;g__Arthrobotrys	k__Fungi;p__Ascomycota;c__Orbiliomycetes;o__Orbiliales;f__Orbiliaceae;g__Orbilia	k__Fungi;p__Ascomycota;c__Orbiliomycetes;o__Orbiliales;f__Orbiliaceae;g__unidentified	k__Fungi;p__Ascomycota;c__Orbiliomycetes;o__Orbiliales;f__Orbiliales_fam_Incertae_sedis;g__Vermispora	k__Fungi;p__Ascomycota;c__Pezizomycetes;o__Pezizales;f__Ascobolaceae;g__Ascobolus	k__Fungi;p__Ascomycota;c__Pezizomycetes;o__Pezizales;f__Ascodesmidaceae;g__Cephaliophora	k__Fungi;p__Ascomycota;c__Pezizomycetes;o__Pezizales;f__Pezizaceae;__	k__Fungi;p__Ascomycota;c__Pezizomycetes;o__Pezizales;f__Pezizaceae;g__Iodophanus	k__Fungi;p__Ascomycota;c__Pezizomycetes;o__Pezizales;f__Pezizaceae;g__Peziza	k__Fungi;p__Ascomycota;c__Pezizomycetes;o__Pezizales;f__Pezizaceae;g__unidentified	k__Fungi;p__Ascomycota;c__Pezizomycetes;o__Pezizales;f__Pyronemataceae;g__Byssonectria	k__Fungi;p__Ascomycota;c__Pezizomycetes;o__Pezizales;f__Pyronemataceae;g__Cheilymenia	k__Fungi;p__Ascomycota;c__Pezizomycetes;o__Pezizales;f__Pyronemataceae;g__Pseudaleuria	k__Fungi;p__Ascomycota;c__Pezizomycetes;o__Pezizales;f__Pyronemataceae;g__Scutellinia	k__Fungi;p__Ascomycota;c__Pezizomycetes;o__Pezizales;f__Pyronemataceae;g__unidentified	k__Fungi;p__Ascomycota;c__Saccharomycetes;o__Saccharomycetales;f__Lipomycetaceae;g__Lipomyces	k__Fungi;p__Ascomycota;c__Saccharomycetes;o__Saccharomycetales;f__Phaffomycetaceae;g__Cyberlindnera	k__Fungi;p__Ascomycota;c__Saccharomycetes;o__Saccharomycetales;f__Saccharomycetales_fam_Incertae_sedis;g__Candida	k__Fungi;p__Ascomycota;c__Saccharomycetes;o__Saccharomycetales;f__unidentified;g__unidentified	k__Fungi;p__Ascomycota;c__Sordariomycetes;__;__;__	k__Fungi;p__Ascomycota;c__Sordariomycetes;o__Branch06;f__unidentified;g__unidentified	k__Fungi;p__Ascomycota;c__Sordariomycetes;o__Chaetosphaeriales;f__Chaetosphaeriaceae;__	k__Fungi;p__Ascomycota;c__Sordariomycetes;o__Chaetosphaeriales;f__Chaetosphaeriaceae;g__Chaetosphaeria	k__Fungi;p__Ascomycota;c__Sordariomycetes;o__Chaetosphaeriales;f__Chaetosphaeriaceae;g__Sporoschisma	k__Fungi;p__Ascomycota;c__Sordariomycetes;o__Chaetosphaeriales;f__Chaetosphaeriaceae;g__unidentified	k__Fungi;p__Ascomycota;c__Sordariomycetes;o__Coniochaetales;f__Coniochaetaceae;__	k__Fungi;p__Ascomycota;c__Sordariomycetes;o__Coniochaetales;f__Coniochaetaceae;g__Coniochaeta	k__Fungi;p__Ascomycota;c__Sordariomycetes;o__Coniochaetales;f__Coniochaetaceae;g__Lecythophora	k__Fungi;p__Ascomycota;c__Sordariomycetes;o__Diaporthales;f__Diaporthaceae;g__Diaporthe	k__Fungi;p__Ascomycota;c__Sordariomycetes;o__Glomerellales;f__Glomerellaceae;g__Colletotrichum	k__Fungi;p__Ascomycota;c__Sordariomycetes;o__Glomerellales;f__Plectosphaerellaceae;g__Lectera	k__Fungi;p__Ascomycota;c__Sordariomycetes;o__Glomerellales;f__Plectosphaerellaceae;g__Plectosphaerella	k__Fungi;p__Ascomycota;c__Sordariomycetes;o__Glomerellales;f__Plectosphaerellaceae;g__unidentified	k__Fungi;p__Ascomycota;c__Sordariomycetes;o__Hypocreales;__;__	k__Fungi;p__Ascomycota;c__Sordariomycetes;o__Hypocreales;f__Bionectriaceae;g__Bionectria	k__Fungi;p__Ascomycota;c__Sordariomycetes;o__Hypocreales;f__Bionectriaceae;g__Clonostachys	k__Fungi;p__Ascomycota;c__Sordariomycetes;o__Hypocreales;f__Bionectriaceae;g__Valsonectria	k__Fungi;p__Ascomycota;c__Sordariomycetes;o__Hypocreales;f__Clavicipitaceae;__	k__Fungi;p__Ascomycota;c__Sordariomycetes;o__Hypocreales;f__Clavicipitaceae;g__Metarhizium	k__Fungi;p__Ascomycota;c__Sordariomycetes;o__Hypocreales;f__Hypocreaceae;__	k__Fungi;p__Ascomycota;c__Sordariomycetes;o__Hypocreales;f__Hypocreaceae;g__Monocillium	k__Fungi;p__Ascomycota;c__Sordariomycetes;o__Hypocreales;f__Hypocreaceae;g__Trichoderma	k__Fungi;p__Ascomycota;c__Sordariomycetes;o__Hypocreales;f__Hypocreales_fam_Incertae_sedis;g__Acremonium	k__Fungi;p__Ascomycota;c__Sordariomycetes;o__Hypocreales;f__Hypocreales_fam_Incertae_sedis;g__Fusariella	k__Fungi;p__Ascomycota;c__Sordariomycetes;o__Hypocreales;f__Hypocreales_fam_Incertae_sedis;g__Stilbella	k__Fungi;p__Ascomycota;c__Sordariomycetes;o__Hypocreales;f__Hypocreales_fam_Incertae_sedis;g__Ustilaginoidea	k__Fungi;p__Ascomycota;c__Sordariomycetes;o__Hypocreales;f__Nectriaceae;__	k__Fungi;p__Ascomycota;c__Sordariomycetes;o__Hypocreales;f__Nectriaceae;g__Acremoniopsis	k__Fungi;p__Ascomycota;c__Sordariomycetes;o__Hypocreales;f__Nectriaceae;g__Cosmospora	k__Fungi;p__Ascomycota;c__Sordariomycetes;o__Hypocreales;f__Nectriaceae;g__Cylindrocarpon	k__Fungi;p__Ascomycota;c__Sordariomycetes;o__Hypocreales;f__Nectriaceae;g__Dactylonectria	k__Fungi;p__Ascomycota;c__Sordariomycetes;o__Hypocreales;f__Nectriaceae;g__Fusarium	k__Fungi;p__Ascomycota;c__Sordariomycetes;o__Hypocreales;f__Nectriaceae;g__Fusicolla	k__Fungi;p__Ascomycota;c__Sordariomycetes;o__Hypocreales;f__Nectriaceae;g__Mariannaea	k__Fungi;p__Ascomycota;c__Sordariomycetes;o__Hypocreales;f__Nectriaceae;g__Neonectria	k__Fungi;p__Ascomycota;c__Sordariomycetes;o__Hypocreales;f__Nectriaceae;g__Paracremonium	k__Fungi;p__Ascomycota;c__Sordariomycetes;o__Hypocreales;f__Nectriaceae;g__Thelonectria	k__Fungi;p__Ascomycota;c__Sordariomycetes;o__Hypocreales;f__Nectriaceae;g__Viridispora	k__Fungi;p__Ascomycota;c__Sordariomycetes;o__Hypocreales;f__Nectriaceae;g__Volutella	k__Fungi;p__Ascomycota;c__Sordariomycetes;o__Hypocreales;f__Niessliaceae;g__Eucasphaeria	k__Fungi;p__Ascomycota;c__Sordariomycetes;o__Hypocreales;f__Ophiocordycipitaceae;g__Hirsutella	k__Fungi;p__Ascomycota;c__Sordariomycetes;o__Hypocreales;f__Ophiocordycipitaceae;g__Purpureocillium	k__Fungi;p__Ascomycota;c__Sordariomycetes;o__Hypocreales;f__Ophiocordycipitaceae;g__unidentified	k__Fungi;p__Ascomycota;c__Sordariomycetes;o__Hypocreales;f__Stachybotryaceae;__	k__Fungi;p__Ascomycota;c__Sordariomycetes;o__Hypocreales;f__Stachybotryaceae;g__Achroiostachys	k__Fungi;p__Ascomycota;c__Sordariomycetes;o__Hypocreales;f__Stachybotryaceae;g__Myrothecium	k__Fungi;p__Ascomycota;c__Sordariomycetes;o__Hypocreales;f__Stachybotryaceae;g__Sirastachys	k__Fungi;p__Ascomycota;c__Sordariomycetes;o__Hypocreales;f__Stachybotryaceae;g__Stachybotrys	k__Fungi;p__Ascomycota;c__Sordariomycetes;o__Hypocreales;f__Stachybotryaceae;g__unidentified	k__Fungi;p__Ascomycota;c__Sordariomycetes;o__Hypocreales;f__unidentified;g__unidentified	k__Fungi;p__Ascomycota;c__Sordariomycetes;o__Magnaporthales;f__Magnaporthaceae;g__Gaeumannomyces	k__Fungi;p__Ascomycota;c__Sordariomycetes;o__Magnaporthales;f__Magnaporthaceae;g__Mycoleptodiscus	k__Fungi;p__Ascomycota;c__Sordariomycetes;o__Microascales;f__Halosphaeriaceae;g__unidentified	k__Fungi;p__Ascomycota;c__Sordariomycetes;o__Microascales;f__Microascaceae;g__Acaulium	k__Fungi;p__Ascomycota;c__Sordariomycetes;o__Myrmecridiales;f__Myrmecridiaceae;g__Myrmecridium	k__Fungi;p__Ascomycota;c__Sordariomycetes;o__Sordariales;__;__	k__Fungi;p__Ascomycota;c__Sordariomycetes;o__Sordariales;f__Chaetomiaceae;__	k__Fungi;p__Ascomycota;c__Sordariomycetes;o__Sordariales;f__Chaetomiaceae;g__Botryotrichum	k__Fungi;p__Ascomycota;c__Sordariomycetes;o__Sordariales;f__Chaetomiaceae;g__Chaetomidium	k__Fungi;p__Ascomycota;c__Sordariomycetes;o__Sordariales;f__Chaetomiaceae;g__Chaetomium	k__Fungi;p__Ascomycota;c__Sordariomycetes;o__Sordariales;f__Chaetomiaceae;g__Dichotomopilus	k__Fungi;p__Ascomycota;c__Sordariomycetes;o__Sordariales;f__Chaetomiaceae;g__Trichocladium	k__Fungi;p__Ascomycota;c__Sordariomycetes;o__Sordariales;f__Chaetomiaceae;g__unidentified	k__Fungi;p__Ascomycota;c__Sordariomycetes;o__Sordariales;f__Lasiosphaeriaceae;__	k__Fungi;p__Ascomycota;c__Sordariomycetes;o__Sordariales;f__Lasiosphaeriaceae;g__Apodus	k__Fungi;p__Ascomycota;c__Sordariomycetes;o__Sordariales;f__Lasiosphaeriaceae;g__Cercophora	k__Fungi;p__Ascomycota;c__Sordariomycetes;o__Sordariales;f__Lasiosphaeriaceae;g__Cladorrhinum	k__Fungi;p__Ascomycota;c__Sordariomycetes;o__Sordariales;f__Lasiosphaeriaceae;g__Echria	k__Fungi;p__Ascomycota;c__Sordariomycetes;o__Sordariales;f__Lasiosphaeriaceae;g__Podospora	k__Fungi;p__Ascomycota;c__Sordariomycetes;o__Sordariales;f__Lasiosphaeriaceae;g__Schizothecium	k__Fungi;p__Ascomycota;c__Sordariomycetes;o__Sordariales;f__Sordariales_fam_Incertae_sedis;g__Conlarium	k__Fungi;p__Ascomycota;c__Sordariomycetes;o__Sordariales;f__Sordariales_fam_Incertae_sedis;g__Ramophialophora	k__Fungi;p__Ascomycota;c__Sordariomycetes;o__Sordariales;f__Sordariales_fam_Incertae_sedis;g__Staphylotrichum	k__Fungi;p__Ascomycota;c__Sordariomycetes;o__Sordariales;f__unidentified;g__unidentified	k__Fungi;p__Ascomycota;c__Sordariomycetes;o__Trichosphaeriales;f__Trichosphaeriaceae;g__Nigrospora	k__Fungi;p__Ascomycota;c__Sordariomycetes;o__Xylariales;__;__	k__Fungi;p__Ascomycota;c__Sordariomycetes;o__Xylariales;f__Microdochiaceae;g__Idriella	k__Fungi;p__Ascomycota;c__Sordariomycetes;o__Xylariales;f__Microdochiaceae;g__Microdochium	k__Fungi;p__Ascomycota;c__Sordariomycetes;o__Xylariales;f__Xylariaceae;g__Hypoxylon	k__Fungi;p__Ascomycota;c__Sordariomycetes;o__Xylariales;f__Xylariaceae;g__Xylaria	k__Fungi;p__Ascomycota;c__Sordariomycetes;o__Xylariales;f__Xylariales_fam_Incertae_sedis;g__Fusidium	k__Fungi;p__Basidiobolomycota;c__Basidiobolomycetes;o__Basidiobolales;f__Basidiobolaceae;g__Basidiobolus	k__Fungi;p__Basidiomycota;__;__;__;__	k__Fungi;p__Basidiomycota;c__Agaricomycetes;__;__;__	k__Fungi;p__Basidiomycota;c__Agaricomycetes;o__Agaricales;__;__	k__Fungi;p__Basidiomycota;c__Agaricomycetes;o__Agaricales;f__Agaricaceae;g__Agaricus	k__Fungi;p__Basidiomycota;c__Agaricomycetes;o__Agaricales;f__Bolbitiaceae;g__Agrocybe	k__Fungi;p__Basidiomycota;c__Agaricomycetes;o__Agaricales;f__Bolbitiaceae;g__Bolbitius	k__Fungi;p__Basidiomycota;c__Agaricomycetes;o__Agaricales;f__Bolbitiaceae;g__Conocybe	k__Fungi;p__Basidiomycota;c__Agaricomycetes;o__Agaricales;f__Entolomataceae;g__Entoloma	k__Fungi;p__Basidiomycota;c__Agaricomycetes;o__Agaricales;f__Lycoperdaceae;__	k__Fungi;p__Basidiomycota;c__Agaricomycetes;o__Agaricales;f__Lycoperdaceae;g__Bovista	k__Fungi;p__Basidiomycota;c__Agaricomycetes;o__Agaricales;f__Lycoperdaceae;g__Calvatia	k__Fungi;p__Basidiomycota;c__Agaricomycetes;o__Agaricales;f__Lycoperdaceae;g__Lycoperdon	k__Fungi;p__Basidiomycota;c__Agaricomycetes;o__Agaricales;f__Omphalotaceae;g__Gymnopus	k__Fungi;p__Basidiomycota;c__Agaricomycetes;o__Agaricales;f__Pluteaceae;g__Pluteus	k__Fungi;p__Basidiomycota;c__Agaricomycetes;o__Agaricales;f__Psathyrellaceae;g__Coprinellus	k__Fungi;p__Basidiomycota;c__Agaricomycetes;o__Agaricales;f__Psathyrellaceae;g__Coprinopsis	k__Fungi;p__Basidiomycota;c__Agaricomycetes;o__Agaricales;f__Psathyrellaceae;g__Psathyrella	k__Fungi;p__Basidiomycota;c__Agaricomycetes;o__Agaricales;f__Strophariaceae;g__Psilocybe	k__Fungi;p__Basidiomycota;c__Agaricomycetes;o__Agaricales;f__Strophariaceae;g__Stropharia	k__Fungi;p__Basidiomycota;c__Agaricomycetes;o__Agaricales;f__Tricholomataceae;g__Lepista	k__Fungi;p__Basidiomycota;c__Agaricomycetes;o__Agaricales;f__Typhulaceae;g__Typhula	k__Fungi;p__Basidiomycota;c__Agaricomycetes;o__Agaricales;f__unidentified;g__unidentified	k__Fungi;p__Basidiomycota;c__Agaricomycetes;o__Atheliales;f__Atheliaceae;g__Athelia	k__Fungi;p__Basidiomycota;c__Agaricomycetes;o__Auriculariales;f__Exidiaceae;g__unidentified	k__Fungi;p__Basidiomycota;c__Agaricomycetes;o__Auriculariales;f__unidentified;g__unidentified	k__Fungi;p__Basidiomycota;c__Agaricomycetes;o__Cantharellales;f__Cantharellales_fam_Incertae_sedis;g__Minimedusa	k__Fungi;p__Basidiomycota;c__Agaricomycetes;o__Cantharellales;f__Cantharellales_fam_Incertae_sedis;g__Sistotrema	k__Fungi;p__Basidiomycota;c__Agaricomycetes;o__Cantharellales;f__Ceratobasidiaceae;g__Rhizoctonia	k__Fungi;p__Basidiomycota;c__Agaricomycetes;o__Cantharellales;f__Ceratobasidiaceae;g__Waitea	k__Fungi;p__Basidiomycota;c__Agaricomycetes;o__Cantharellales;f__Ceratobasidiaceae;g__unidentified	k__Fungi;p__Basidiomycota;c__Agaricomycetes;o__Geastrales;f__Geastraceae;g__Geastrum	k__Fungi;p__Basidiomycota;c__Agaricomycetes;o__Hymenochaetales;f__Schizoporaceae;g__Hyphodontia	k__Fungi;p__Basidiomycota;c__Agaricomycetes;o__Phallales;f__Phallaceae;g__Lysurus	k__Fungi;p__Basidiomycota;c__Agaricomycetes;o__Phallales;f__Phallaceae;g__Phallus	k__Fungi;p__Basidiomycota;c__Agaricomycetes;o__Polyporales;f__Fomitopsidaceae;g__Fomitopsis	k__Fungi;p__Basidiomycota;c__Agaricomycetes;o__Polyporales;f__Ganodermataceae;g__Ganoderma	k__Fungi;p__Basidiomycota;c__Agaricomycetes;o__Polyporales;f__Meruliaceae;__	k__Fungi;p__Basidiomycota;c__Agaricomycetes;o__Polyporales;f__Meruliaceae;g__Hyphodermella	k__Fungi;p__Basidiomycota;c__Agaricomycetes;o__Polyporales;f__Meruliaceae;g__Uncobasidium	k__Fungi;p__Basidiomycota;c__Agaricomycetes;o__Polyporales;f__Meruliaceae;g__unidentified	k__Fungi;p__Basidiomycota;c__Agaricomycetes;o__Russulales;f__Gloeocystidiellaceae;g__Gloeocystidiellum	k__Fungi;p__Basidiomycota;c__Agaricomycetes;o__Russulales;f__Peniophoraceae;g__Subulicystidium	k__Fungi;p__Basidiomycota;c__Agaricomycetes;o__Sebacinales;__;__	k__Fungi;p__Basidiomycota;c__Agaricomycetes;o__Sebacinales;f__Serendipitaceae;g__unidentified	k__Fungi;p__Basidiomycota;c__Agaricomycetes;o__Thelephorales;f__Thelephoraceae;__	k__Fungi;p__Basidiomycota;c__Agaricomycetes;o__Thelephorales;f__Thelephoraceae;g__Amaurodon	k__Fungi;p__Basidiomycota;c__Agaricomycetes;o__Thelephorales;f__Thelephoraceae;g__Tomentellopsis	k__Fungi;p__Basidiomycota;c__Agaricomycetes;o__unidentified;f__unidentified;g__unidentified	k__Fungi;p__Basidiomycota;c__Agaricostilbomycetes;o__Agaricostilbales;f__Chionosphaeraceae;__	k__Fungi;p__Basidiomycota;c__Agaricostilbomycetes;o__Agaricostilbales;f__Chionosphaeraceae;g__Kurtzmanomyces	k__Fungi;p__Basidiomycota;c__Cystobasidiomycetes;__;__;__	k__Fungi;p__Basidiomycota;c__Cystobasidiomycetes;o__Cystobasidiales;f__Cystobasidiaceae;g__Occultifur	k__Fungi;p__Basidiomycota;c__Malasseziomycetes;o__Malasseziales;f__Malasseziaceae;g__Malassezia	k__Fungi;p__Basidiomycota;c__Microbotryomycetes;o__Leucosporidiales;f__Leucosporidiaceae;g__Leucosporidium	k__Fungi;p__Basidiomycota;c__Microbotryomycetes;o__Leucosporidiales;f__unidentified;g__unidentified	k__Fungi;p__Basidiomycota;c__Microbotryomycetes;o__Microbotryomycetes_ord_Incertae_sedis;f__Chrysozymaceae;g__Udeniozyma	k__Fungi;p__Basidiomycota;c__Microbotryomycetes;o__Sporidiobolales;f__Sporidiobolaceae;g__Sporobolomyces	k__Fungi;p__Basidiomycota;c__Pucciniomycetes;o__Platygloeales;__;__	k__Fungi;p__Basidiomycota;c__Tremellomycetes;__;__;__	k__Fungi;p__Basidiomycota;c__Tremellomycetes;o__Cystofilobasidiales;f__Mrakiaceae;g__Mrakia	k__Fungi;p__Basidiomycota;c__Tremellomycetes;o__Cystofilobasidiales;f__Mrakiaceae;g__Tausonia	k__Fungi;p__Basidiomycota;c__Tremellomycetes;o__Filobasidiales;f__Filobasidiaceae;g__Heterocephalacria	k__Fungi;p__Basidiomycota;c__Tremellomycetes;o__Filobasidiales;f__Piskurozymaceae;g__Solicoccozyma	k__Fungi;p__Basidiomycota;c__Tremellomycetes;o__Tremellales;__;__	k__Fungi;p__Basidiomycota;c__Tremellomycetes;o__Tremellales;f__Bulleribasidiaceae;g__Hannaella	k__Fungi;p__Basidiomycota;c__Tremellomycetes;o__Trichosporonales;f__Trichosporonaceae;g__Vanrija	k__Fungi;p__Basidiomycota;c__Ustilaginomycetes;o__Ustilaginales;f__Ustilaginaceae;g__Ustilago	k__Fungi;p__Basidiomycota;c__unidentified;o__unidentified;f__unidentified;g__unidentified	k__Fungi;p__Blastocladiomycota;c__Blastocladiomycetes;o__Blastocladiales;f__Blastocladiaceae;g__Allomyces	k__Fungi;p__Chytridiomycota;__;__;__;__	k__Fungi;p__Chytridiomycota;c__GS14;o__unidentified;f__unidentified;g__unidentified	k__Fungi;p__Chytridiomycota;c__Rhizophydiomycetes;o__Rhizophydiales;f__Rhizophydiales_fam_Incertae_sedis;g__Operculomyces	k__Fungi;p__Chytridiomycota;c__Spizellomycetes;o__Spizellomycetales;f__Powellomycetaceae;g__Powellomyces	k__Fungi;p__Chytridiomycota;c__Spizellomycetes;o__Spizellomycetales;f__Powellomycetaceae;g__unidentified	k__Fungi;p__Chytridiomycota;c__Spizellomycetes;o__Spizellomycetales;f__Spizellomycetaceae;g__Kochiomyces	k__Fungi;p__Chytridiomycota;c__Spizellomycetes;o__Spizellomycetales;f__Spizellomycetaceae;g__Spizellomyces	k__Fungi;p__Chytridiomycota;c__unidentified;o__unidentified;f__unidentified;g__unidentified	k__Fungi;p__Glomeromycota;__;__;__;__	k__Fungi;p__Glomeromycota;c__Archaeosporomycetes;o__Archaeosporales;__;__	k__Fungi;p__Glomeromycota;c__Glomeromycetes;o__Glomerales;f__Claroideoglomeraceae;g__Claroideoglomus	k__Fungi;p__Glomeromycota;c__Glomeromycetes;o__Glomerales;f__Glomeraceae;__	k__Fungi;p__Glomeromycota;c__Glomeromycetes;o__Glomerales;f__Glomeraceae;g__unidentified	k__Fungi;p__Glomeromycota;c__Paraglomeromycetes;__;__;__	k__Fungi;p__Glomeromycota;c__Paraglomeromycetes;o__unidentified;f__unidentified;g__unidentified	k__Fungi;p__Kickxellomycota;c__Kickxellomycetes;o__Kickxellales;f__Kickxellaceae;g__Ramicandelaber	k__Fungi;p__Mortierellomycota;c__Mortierellomycetes;o__Mortierellales;f__Mortierellaceae;g__Mortierella	k__Fungi;p__Olpidiomycota;c__Olpidiomycetes;o__Olpidiales;f__Olpidiaceae;g__unidentified	k__Fungi;p__Rozellomycota;__;__;__;__	k__Fungi;p__Rozellomycota;c__unidentified;o__unidentified;f__unidentified;g__unidentified	k__Fungi;p__Zoopagomycota;c__Zoopagomycetes;o__Zoopagales;f__Piptocephalidaceae;g__Syncephalis	k__Fungi;p__Zoopagomycota;c__unidentified;o__unidentified;f__unidentified;g__unidentified	k__Fungi;p__unidentified;c__unidentified;o__unidentified;f__unidentified;g__unidentified
M_T1_R1_S1_ITS_S146	138	  0	  0	  0	  0	  5	  0	  0	  0	  0	  0	  0	  7	  0	  0	  0	  1	  0	  0	  0	  0	  7	  0	  0	  0	  0	105	  3	  0	  0	  0	  0	  0	  0	  0	  0	  0	  0	  0	  0	  0	  0	  0	  0	  0	  2	  0	  0	  0	  0	  0	 17	  0	  0	  0	  0	  0	  0	  0	  0	 33	  0	  0	  0	  9	 29	  0	  6	  8	  0	  0	  0	  0	  0	 25	  0	 10	  0	  4	  3	  0	  0	 22	  1	  0	  2	  0	  0	  0	  0	  0	  0	  0	  0	  0	  0	  0	  0	  0	  0	  0	  0	  0	  0	  0	  0	  3	  0	  0	  0	  0	 27	  0	  0	  6	  0	  0	  0	 66	 37	  0	  0	  3	 77	  7	  4	  0	  0	  0	  0	  0	  0	  0	  7	  7	  0	  0	  0	  0	  0	  0	  0	  0	 11	 25	 12	  0	  0	  0	  0	  0	  0	  0	  0	  0	  5	  0	  0	  0	  0	  0	  0	  0	  0	  0	  0	  0	  0	 46	 14	  0	  0	  0	  3	  3	 39	  4	  0	  0	  0	  0	 31	  0	  0	  3	  0	  2	  0	  0	  0	  0	  0	  0	  0	  2	  0	  0	  0	  0	 19	  0	  0	  0	  0	  0	  0	  0	  0	  0	  0	  0	  0	  3	  0	  0	  0	  0	  0	  0	  0	  0	  0	  0	  0	  0	  0	  0	  0	  0	  0	  0	  0	  0	  0	  0	  0	  0	  0	  0	  0	 10	  0	  0	  0	  0	  5	  0	  0	  0	  0	  0	  0	  0	  6	 32	  0	 66	  0	  0	  0	  0	  0	  0	  0	  0	  0	  0	  0	  0	 14	 40	  0	  0	  0	  0	  0	  0	  0	  0	502	  0	  0	  0	  0	  0	 86
M_T1_R1_S2_ITS_S158	105	  0	  4	  0	  0	  1	  0	  0	  0	  0	  0	  0	 13	  0	  0	  0	  4	  0	  0	  0	  1	  3	  2	  0	  0	  0	 26	  2	  0	  0	  0	  0	  0	  0	  0	  2	  0	  0	  0	  0	  0	  0	  0	  4	  0	  5	  0	  0	  0	  0	  1	  2	  0	  0	  0	  0	  0	  0	  4	  1	 21	  2	  0	 13	 13	 30	  0	 10	 70	  0	  1	  0	  0	  1	 22	  1	  7	  0	 28	  3	  0	  1	 26	  0	  0	  4	  4	  0	  0	  0	  1	  0	  0	  0	  0	  0	  0	  1	  0	  0	  1	  1	  0	  0	 10	  0	  2	  0	  0	  0	  1	 35	  0	  0	  4	  0	  4	  2	 37	 45	  0	  0	 14	 32	 10	 12	  0	  8	  0	  3	  3	  0	  1	 58	  8	  0	  0	  0	  6	  0	  1	  0	  2	 17	  8	  5	 12	  0	  0	  0	  0	  0	  0	  4	  0	  0	  0	  0	  0	  0	  0	 11	  0	  0	  0	  1	  1	  7	 73	  7	  3	  3	  1	  1	  4	 45	 12	  2	  0	  0	  0	 11	  0	  1	  4	  2	  4	  0	  0	  0	  0	  0	  0	  0	  3	  0	  0	  0	  0	 73	  0	  0	  0	  0	  1	  0	  0	  0	  0	  5	  2	  0	  0	  0	  0	  0	  0	  0	  0	  0	  1	  0	  0	  0	  1	  0	  0	  2	  0	  1	  0	  0	  0	  0	  0	  0	  0	  0	  0	  5	  0	  0	  0	  0	  0	  1	  0	  0	  0	  1	  0	  7	  0	  2	 24	  0	 35	  0	  0	  0	  1	  0	  0	  0	  0	  0	  0	  0	  0	  0	 10	  0	  0	  0	  0	  0	  0	  0	  1	404	  1	  0	  0	  0	  0	105
M_T1_R1_S3_ITS_S170	 72	  0	  1	  0	  0	  3	  0	  0	  0	  0	  0	  0	 11	  0	  0	  0	  1	  0	  0	  0	  0	  6	  0	  0	  0	  0	 37	  2	  0	  0	  0	  0	  0	  1	  0	  0	  0	  2	  0	  0	  0	  1	  0	  2	  0	  0	  0	  0	  0	  0	  0	  5	  1	  0	  0	  0	  0	  0	  3	  4	 24	  0	  0	 25	 14	 49	  0	 10	 10	  0	  1	  0	  0	  1	 15	  1	  7	  0	  5	  3	  0	  2	 10	  0	  3	  0	 12	  0	  2	  0	  5	  0	  0	  0	  1	  0	  4	  0	  0	  1	  1	  0	  0	  0	  5	  0	  8	  0	  0	  0	  0	 16	  0	  0	  9	  0	 17	  2	 24	 25	  0	  2	  6	 30	  7	  8	  3	  0	  0	  4	  4	  1	  1	 41	 14	  0	  0	  0	  6	  0	  0	  0	  0	  6	  6	  9	  7	  0	  0	  0	  0	  0	  0	  0	  0	  0	  0	  0	  0	  0	  0	 10	  0	  0	  0	 10	  2	 16	 78	 16	  2	  4	  4	  1	 10	 73	  6	  1	  0	  0	  0	  6	  2	  0	 13	 20	  7	  0	  0	  0	  0	  0	  0	  0	  5	  2	  0	  0	  0	  0	  0	  0	  0	  0	  0	  2	  0	  0	  0	  2	  0	  0	  0	  0	  0	  0	  0	  0	  0	  0	  0	  0	  0	  0	  0	  0	  0	  4	  0	  1	  0	  0	  0	  0	  0	  0	  0	  0	  0	  0	  0	  0	  0	  1	  0	  0	  0	  0	  1	  0	  0	  0	  0	  6	 30	  0	 30	  0	  1	  0	  1	  1	  0	  0	  0	  0	  0	  0	  0	  0	  8	  0	  0	  0	  0	  0	  0	  1	  0	573	  0	  0	  0	  0	  0	 95
M_T1_R2_S1_ITS_S182	 83	  0	 13	  0	  0	  0	  0	  0	  1	  0	  0	  1	  8	  2	  1	  1	  0	  0	  2	  0	  0	  1	  2	  0	  1	  0	 47	  1	  0	  0	  0	  0	  0	  0	  2	  0	  0	  2	  0	  0	  0	  0	  0	  0	  0	  4	  0	  0	  0	  1	  0	  6	  0	  0	  3	  0	  0	  1	  1	  1	 37	  0	  0	  3	  5	 28	  0	 11	 22	  0	  0	  0	  0	  0	 12	  0	  7	  0	  4	  8	  0	  0	  4	  0	  4	  2	  6	  0	106	  0	  1	  0	  0	  0	  0	  0	  0	  2	  0	  0	  1	  0	  0	  0	  0	  0	  1	  0	  0	  0	  0	 36	  0	  0	 18	  1	  2	  2	 40	 19	  0	  0	  0	 59	 19	 30	  0	  4	  0	  0	  0	  0	  1	 49	 40	  0	  0	  0	 12	  3	  1	  0	  0	 24	 14	 12	  7	  0	  0	  1	  0	  0	  0	  1	  0	  2	  0	  0	  0	  1	  0	  8	  0	  0	  0	  1	  0	  2	 50	  0	  5	  3	  2	  1	  4	 40	  4	  1	  0	  0	  3	  6	  0	  0	  1	  0	  3	  0	  0	  0	  0	  1	  0	  0	  1	  6	  0	  0	  0	  0	  0	  0	  0	  0	  1	  0	  0	  0	  0	  2	  0	  0	  0	  0	 33	  0	  1	  0	  0	  0	  0	  0	  0	  0	  1	  0	  0	  2	  0	  0	  0	  0	  0	  0	  0	  0	  0	  1	  0	  0	  0	  0	  0	  0	  0	  1	  0	  0	  0	  0	  0	  0	  0	 10	 25	  0	 45	  0	  0	  0	  0	  0	  0	  0	  0	  0	  0	  0	  0	  0	  9	  0	  0	  0	  0	  0	  0	  0	  0	383	  0	  0	 55	  0	  0	106
M_T1_R2_S2_ITS_S99	 38	  0	  6	  0	  0	  3	  0	  0	  0	  0	  0	  0	  6	  0	  0	  0	  4	  0	  0	  0	  0	  0	  2	  0	  5	  0	 44	  0	  0	  0	  0	  1	  0	  1	  1	  0	  0	  0	  0	  0	  0	  0	  0	  0	  0	  0	  0	  0	  0	  0	  0	  5	  0	  0	  0	  0	  0	  0	  2	  2	 16	  0	  0	  3	  1	 33	  0	  0	  5	  0	  0	  0	  0	  1	  8	  0	  2	  0	  0	  5	  0	  0	  4	  0	  0	  0	  3	  0	  1	  0	  0	  0	  0	  0	  0	  0	  0	  0	  0	  0	  0	  0	  0	  0	  0	  0	  0	  0	  0	  0	 12	 18	  0	  0	 11	  0	  7	  1	 17	 39	  0	  0	  0	 88	  4	  4	  2	  0	  0	  4	  1	  0	  0	 34	 22	  0	  0	  0	 20	  0	  1	  1	  5	 17	 18	  9	 13	  0	  0	  0	  0	  0	  0	  2	  0	  0	  0	  0	  0	  4	  0	  6	  0	  0	  0	  6	  2	  3	 61	  3	  0	  5	  1	  7	  6	 34	  9	  0	  0	  0	  0	  6	  0	  0	 11	 42	  7	  0	  0	  0	  0	  0	  0	  0	  0	  4	  0	  0	  0	 80	  0	  0	  0	  0	  0	  0	  0	  0	  0	  2	  0	  0	  0	  0	  1	  0	  0	  0	  0	  0	  0	  0	  0	  0	  0	  0	  0	  1	  0	  3	  0	  0	  0	  0	  0	  0	  0	  0	  0	  0	  0	  0	  0	  0	  0	  0	  0	  0	  0	  0	  0	  0	  0	  9	 36	  0	 29	  0	  0	  0	  0	  1	  0	  0	  0	  0	  0	  0	  0	  6	  8	  0	  0	  0	  0	  0	  0	  0	  0	618	  0	  0	  0	  0	  0	101
M_T1_R2_S3_ITS_S111	 86	  0	 10	  0	  0	  5	  0	  0	  0	  0	  0	  0	 11	  1	  0	  0	  2	  0	  0	  0	  0	  9	  1	  0	  1	  0	  8	  0	  0	  0	  0	  1	  0	  0	  0	  1	  0	  0	  0	  0	  0	  0	  0	  0	  0	  1	  0	  0	  0	  0	  0	 11	  0	  0	  0	  0	  0	  0	  5	  1	 27	  0	  0	  4	 19	 36	  0	  2	 46	  0	  0	  0	  0	  0	 12	  0	  1	  0	  2	  2	  0	  0	  5	  0	  0	  5	  5	  0	  1	  0	  0	  0	  0	  0	  0	  0	  1	  0	  0	  0	  0	  0	  0	  0	  0	  0	  1	  0	  0	  0	  1	 25	  1	  0	  8	  0	  3	  5	 41	 37	  0	  0	  0	 26	 11	  3	  1	  7	  0	  4	  4	  1	  1	 87	 12	  1	  0	  0	  0	  0	  6	  0	  2	 20	  7	 11	  7	  0	  0	  0	  0	  0	  0	  1	  0	  0	  0	  0	  0	  0	  1	  9	  0	  0	  0	  0	  3	  5	 75	  6	  2	  7	  1	  8	 10	 78	  3	  1	  0	  0	  0	 25	  0	  0	 10	  2	  1	  0	  0	  0	  0	  0	  0	  0	  1	  2	  2	  0	  0	  0	  0	  0	  0	  0	  0	  0	  2	  0	  1	  1	  0	  1	  0	  0	  1	 11	  0	  0	  0	  0	  0	  0	  0	  0	  0	  0	  0	  2	  0	  0	  0	  0	  0	  0	  0	  0	  1	  0	  0	  0	  0	  0	  0	  0	  0	  1	  0	  2	  2	  0	  1	  0	  0	  5	 14	  0	 60	  0	  0	  0	  0	  0	  0	  0	  0	  0	  0	  0	  0	  0	  6	  0	  0	  0	  0	  0	  0	  0	  0	519	  0	  0	  5	  0	  0	121
M_T1_R3_S1_ITS_S123	 88	  0	  1	  0	  0	  2	  0	  0	  0	  0	  0	  0	  8	  0	  0	  0	  2	  0	  0	  0	  0	  2	  0	  0	  0	  0	 15	  0	  0	  0	  0	  0	  0	  0	  0	  0	  0	  0	  0	  0	  0	  0	  0	  0	  0	  4	  0	  0	  0	  0	  0	  8	  0	  0	  2	  0	  0	  0	  0	  0	 17	  0	  0	  9	  4	 19	  0	  3	 21	  0	  0	  0	  0	  4	 18	  0	  0	  0	  1	211	  0	  1	  4	  0	  0	  3	  1	  0	  0	  0	  5	  0	  0	  0	  0	  0	  0	  0	  0	  0	116	  0	  0	  0	  0	  0	  0	  0	  0	  0	  0	 15	  0	  0	  9	  0	  6	  3	  8	 32	  0	  0	  0	  2	  4	  6	  0	  2	  0	  3	  0	  0	  1	 29	  2	  0	  0	  0	  0	  0	  0	  0	  0	 31	  1	  4	  5	  0	  0	  0	  0	  0	  1	  0	  0	  0	  0	  0	  0	  0	  0	  1	  1	  0	  9	  0	  3	  0	 67	  2	  0	  5	  3	  9	  1	 92	  3	  0	  0	  0	  0	  4	  0	  0	  1	 14	  0	  2	  0	  0	  0	  0	  0	  0	  4	  0	  0	  0	  0	  0	  0	  0	  0	  0	  0	  0	  0	  0	  6	  0	  0	  0	  0	  0	  0	  2	  0	  0	  0	  0	  0	  0	  0	  0	  0	  3	  0	  4	  0	  0	  0	  0	  0	  0	  0	  0	  0	  0	  0	  0	  0	  4	  0	  0	  0	  0	  0	  0	  0	  0	  0	  0	  0	  0	  5	  0	 45	  1	  0	  0	  3	  0	  0	  1	  0	  0	  0	  0	  0	  1	  4	  0	  0	  1	  0	  0	  0	  0	  4	558	  0	  0	  0	  0	  0	 68
M_T1_R3_S2_ITS_S135	104	  0	  3	  0	  0	 54	  0	  2	  3	  0	  0	  0	  4	  4	  0	  0	  1	  0	  0	  0	  0	  3	  0	  0	  0	  0	 32	  1	  0	  0	  0	  0	  0	  0	  0	  0	  0	  0	  1	  0	  0	  1	  0	  4	  0	 11	  0	  0	  0	  0	  0	  3	  0	  0	  0	  0	  0	  0	  6	  4	 63	  0	  0	 21	  3	 33	  0	  4	 20	  0	  0	  0	  0	  0	 14	  0	  7	  0	  0	  0	  0	  4	 20	  0	  0	  3	  1	  0	  6	  0	  1	  0	  0	  0	  1	  0	  0	  0	  0	  0	  0	  0	  0	  2	  0	  0	  4	  0	  0	  0	  0	 11	  0	  0	 11	  0	  6	  2	 50	 25	  0	  1	  0	 61	  5	 10	  1	  1	  2	  2	  6	  0	  2	 53	 19	  0	  1	  0	  2	  0	  0	  0	  1	  9	  8	 12	 10	  0	  0	  0	  0	  0	  0	  0	  0	  0	  0	  3	  0	  0	  0	  3	  0	  0	  0	  0	  2	  3	 42	  2	  0	  5	  0	  0	  9	 77	172	  0	  0	  0	  0	 22	  3	  0	  1	  0	  3	  0	  0	  0	  0	  0	  0	  0	  2	  0	  0	  0	  0	  1	  0	  0	  0	  0	  0	  0	  0	  0	  0	  1	  2	  0	  0	  0	  1	  1	  0	  0	  0	  0	  0	  0	  0	  0	  1	  1	  0	  5	  0	  1	  0	  0	  0	  0	  0	  0	  0	  0	  0	  0	 13	  0	  0	  1	  0	  0	  0	  0	  0	  0	  0	  0	  0	  4	  4	  0	 44	  1	  0	  0	  0	  1	  0	  0	  3	  0	  0	  0	  0	  0	  6	  0	  1	  0	  0	  0	  0	  0	  0	352	  0	  0	  1	  0	  1	110
M_T1_R3_S3_ITS_S147	230	  0	  0	  0	  0	  7	  0	  0	  0	  0	  0	  0	 11	  0	  0	  0	  0	  0	  0	  0	  0	  0	  0	  0	  0	  0	 33	  0	  0	  0	  0	  0	  0	  0	  0	  0	  0	  0	  0	  0	  0	  0	  0	  0	  0	  6	  0	  0	  0	  0	  0	  6	  0	  0	  0	  0	  0	  0	  3	  1	 42	  0	  0	  5	 11	 12	  0	 15	  7	  0	  0	  0	  0	  0	 14	  0	  9	  0	  6	  9	  0	  0	 27	  0	  0	  2	 11	  0	  9	  0	  0	  0	  0	  0	  0	  0	  0	  0	  0	  0	  4	  0	  0	  0	  0	  0	  0	  0	  0	  0	  0	  4	  0	  0	 15	  0	 24	  0	 40	 47	  0	  0	  3	  4	  5	 11	  0	  0	  0	  4	  3	  0	  0	  0	 19	  0	  0	  0	  0	  0	  0	  2	  0	 19	 11	 20	 10	  0	  0	  0	  0	  0	  0	  0	  0	  0	  0	  0	  0	  0	  0	  0	  0	  0	  0	  0	  0	  8	 39	  0	  0	  8	  7	  0	 15	 30	  0	  0	  0	  0	  0	 15	  0	  0	  7	  0	  6	  0	  0	  0	  0	  0	  0	  0	  0	 14	  0	  0	  0	  5	  0	  0	  0	  0	  0	  0	  0	  0	 54	  0	  4	  0	  0	  0	  0	  0	  0	  0	  0	  0	  0	  0	  0	  0	  0	  0	  0	  0	  0	  0	  0	  0	  0	  0	  0	  0	  0	  0	  0	  0	  0	  0	  0	  0	  0	  2	  0	  0	  0	  0	  0	  0	  0	  0	 31	  0	 58	  0	  0	  0	  0	  0	  0	  0	  0	  0	  0	  0	  0	 68	 22	  0	  0	  0	  0	  0	  0	  0	  0	478	  0	  0	  3	  0	  0	 69
M_T1_R4_S1_ITS_S159	 59	  0	  6	  0	  0	 15	  0	  0	  1	  0	  0	  0	  9	  1	  0	  3	  1	  0	  0	  0	  7	  4	  6	  0	 18	  0	 40	  3	  5	  0	  0	  1	  0	  0	  0	  2	  0	  0	  1	  0	  2	  0	  0	  0	  0	  0	  0	  0	  0	  0	  2	  4	  0	  0	  0	  0	  0	  0	  3	  6	 25	  1	  0	  6	  5	 20	  0	  3	  9	  0	  0	  0	  0	  0	  3	  0	 14	  0	  4	  3	  0	  0	  2	  0	  1	  1	  2	  0	  1	  0	  2	  0	  0	  0	  0	  0	  0	  0	  0	  0	  0	  0	  0	  0	  1	  0	  0	  0	  0	  0	  0	 11	  0	  0	 18	  2	  6	  0	 19	 20	  0	  0	  0	 37	 27	  1	  0	 42	  0	  5	  2	  0	  0	 52	 12	  0	  1	  0	 13	  1	 21	  2	  0	 37	 24	 14	 10	  0	  0	  0	  0	  0	  0	  0	  0	  3	  0	  1	  0	  4	  0	  8	  0	  0	  1	  0	  0	  2	 71	  2	 25	  3	  3	  3	  2	 55	  2	  8	  0	  0	  0	 18	  0	  0	  5	  0	 10	  1	  0	  0	  0	  0	  0	  0	  1	  3	  0	  0	  0	  0	  0	  0	  0	  0	  0	  0	  0	  0	  0	  0	  1	  4	  0	  0	 24	  0	  0	  0	  0	  0	  0	  0	  0	  0	  0	  0	  0	  0	  0	  0	  0	  0	  0	  1	  0	  0	  0	  0	  0	  0	  0	  0	  0	  0	  0	  0	  0	  0	  0	  1	  0	  0	  0	  1	 24	  0	 47	  0	  0	  0	  0	  0	  0	  1	  0	  0	  0	  0	  0	  0	  8	  0	  0	  0	  0	  0	  0	  0	  0	513	  0	  1	  2	  0	  2	124
M_T1_R4_S2_ITS_S171	 93	  0	  2	  0	  0	  1	  0	  0	  0	  0	  0	  0	  8	  0	  1	  0	  3	  0	  0	  0	  0	  0	  1	  0	  1	  0	 37	  3	  0	  0	  0	 11	  0	  0	  0	  0	  0	  0	  1	  0	  2	  0	  2	  0	  0	  0	  0	  0	  0	  1	  0	  5	  0	  0	  0	  0	  0	  0	 12	  0	 53	  0	  0	  5	 21	 40	  0	  7	 37	  0	  0	  0	  0	  2	 15	  0	  6	  0	  2	  0	  0	  0	  6	  0	  0	  3	  1	  0	  1	  1	  0	  0	  0	  0	  0	  0	  2	  0	  0	  0	  0	  1	  0	  0	  0	  0	  0	  2	  0	  0	  0	 18	  0	  0	 12	  0	  3	  2	 20	 15	  0	  0	  1	 19	 37	  1	  0	  2	  0	  1	  3	  0	  1	 28	  7	  0	  7	  0	  5	  1	  5	  1	  0	 14	  8	  7	  2	  0	  0	  0	  0	  0	  0	  0	  0	  0	  0	  0	  0	  2	  0	  3	  0	  0	  5	  5	  3	  3	 88	  2	  2	  4	  3	  0	  2	 48	  7	  1	  0	  0	  0	 19	  0	  0	  4	  4	  5	  0	  0	  0	  0	  0	  0	  0	  0	 12	  0	  0	  0	  0	  0	  2	  0	  0	  1	  0	  0	  0	  0	  1	  0	  0	  0	  0	  2	  0	  0	 28	  0	  0	 83	  0	  0	  0	  0	  0	  0	  0	  0	  0	  0	  0	  0	  0	  0	  0	  0	  0	  0	  0	  4	  0	  0	  0	  0	  0	  0	  0	  0	  0	  0	  0	  0	  1	  5	  0	 29	  0	  0	  0	  0	  0	  0	  0	  0	  0	  0	  0	  0	  0	  3	  0	  0	  0	  1	  0	  0	  0	  0	588	  0	  0	  0	  0	  1	 84
M_T1_R4_S3_ITS_S183	109	  0	  1	  0	  0	  2	  0	  0	  0	  0	  0	  0	  6	  0	  1	  1	  5	  0	  1	  0	  0	  7	  2	  0	  0	  0	 60	  0	  1	  0	  0	  0	  0	  0	  0	  0	  0	  1	  0	  0	  0	  0	  0	 26	  0	  0	  0	  0	  0	  0	  0	  1	 11	  0	  0	  0	  0	  0	  3	  2	 22	  0	  0	  5	 10	 36	  0	  6	 19	  0	  0	  0	  0	  2	 17	  0	  0	  0	  4	 17	  0	  0	  3	  0	  0	  6	  0	  0	  1	  0	  5	  1	  0	  0	  0	  0	  2	  1	  0	  0	  0	  0	  0	  0	  0	  0	  0	  0	  1	  0	  0	 56	  0	  0	 10	  2	  6	  1	 27	  7	  3	  1	  5	 72	 22	  5	  0	  9	  0	  3	  5	  0	  1	 38	 17	  0	 15	  0	  2	  0	  3	  0	  0	  9	  8	  8	  9	  0	  0	  0	  0	  0	  0	  1	  0	  3	  0	  0	  0	  0	  0	  6	  0	  0	  1	  1	  4	  2	 69	  2	  1	  0	  3	  3	  3	 63	  7	  0	  0	  0	  0	 17	  0	  1	  2	  2	  3	  1	  0	  0	  0	  0	  0	  0	  1	  1	  0	  0	  0	  0	  0	  0	  0	  0	  0	  0	  0	  0	  0	  1	  1	  1	  0	  0	  0	  1	  0	  0	  0	  9	  0	  0	  0	  1	  0	  2	  0	  2	  0	  2	  0	  0	  0	  0	  0	  0	  0	  0	  0	  0	  0	  0	  0	  0	  0	  0	  0	  0	  0	  1	  0	  0	  1	 14	  8	  0	 28	  1	  0	  2	  0	  0	  0	  0	  0	  0	  0	  0	  0	  0	  2	  0	  0	  0	  0	  0	  0	  0	  0	577	  0	  0	  7	  0	  0	 64
M_T2_R1_S1_ITS_S149	 45	  0	  0	  0	  0	  6	  0	  0	  0	  0	  0	  0	  2	  0	  4	  0	  4	  0	  0	  0	  0	  4	  0	  0	  0	  0	 36	  0	  3	  0	  0	  0	  0	  0	  0	  0	  0	  0	  0	  0	  0	  0	  0	  0	  0	  0	  0	  0	  0	  0	  0	  7	  2	  0	  0	  0	  0	  0	  1	  0	 11	  0	  0	  0	 18	 38	  0	  6	 15	  0	  0	  0	  0	  0	 10	  0	  0	  0	  8	  0	  0	  0	  5	  0	  0	  0	  0	  0	  0	  0	  3	  0	  0	  0	  0	  0	  0	  0	  0	  0	  0	  0	  0	  0	  0	  0	  0	  0	  0	  0	  0	  6	  0	  0	  0	  0	  0	  0	 19	 14	  0	  0	  0	 26	  3	  5	  0	 11	  0	  2	  0	  0	  0	 12	  0	  0	  0	  0	 16	  0	  0	  0	  2	 30	  0	  8	  5	  0	  0	  0	  0	  0	  0	  4	  0	  0	  0	  0	  0	  0	  3	  8	  0	  0	  3	  0	  0	  0	 22	  3	  0	  4	 11	  0	  2	 32	  0	  0	  0	  0	  0	 16	  0	  0	 16	  0	  3	  0	  0	  0	  0	 15	  0	  0	  0	  0	  0	  0	  0	566	  0	  0	  0	  0	  0	  0	  0	  0	 18	  0	  0	  0	  0	  0	  0	  0	  0	  0	  0	  0	  0	  0	  0	  0	  0	  0	  0	  0	  0	  0	  0	  0	  0	  0	  0	  0	  0	  0	  0	  0	  0	  0	  0	  0	  0	  0	  0	  0	  0	  0	  0	  0	  0	  6	  2	  0	  8	  0	  0	  0	  0	  1	  0	  0	  0	  0	  0	  0	  0	  0	 10	  0	  0	  0	  0	  0	  0	  0	  0	502	  0	  0	  0	  0	  0	 22
M_T2_R1_S2_ITS_S161	122	  0	  5	  0	  3	  1	  0	  0	  0	  0	  0	  0	  6	  1	  2	  0	  3	  1	  0	  0	  0	  3	  2	  0	184	  0	 25	  2	  0	  0	  0	  1	  0	  0	  0	  0	  0	  0	  0	  0	  0	  0	  0	  3	  0	  0	  0	  0	  0	  0	  0	  5	  2	  0	  0	  0	  0	  0	  9	  1	 10	  0	  0	  0	  9	 19	  0	 12	 26	  0	  0	  0	  0	  2	 14	  0	  2	  0	  1	  5	  0	  0	 18	  0	  0	  0	  4	  0	  0	  2	  3	  0	  0	  0	  0	  1	  0	  1	  0	  0	  0	  0	  0	  0	  7	  0	  2	  0	  0	  0	  0	 17	  0	  0	 10	  2	  2	  6	 10	 17	  0	  1	  3	 46	 11	  2	  1	 12	  0	  1	 10	  0	  3	 13	 51	  0	  0	  0	  5	  0	  0	  0	  1	 26	  2	  3	  5	  0	  0	  0	  0	  0	  0	  0	  0	  0	  0	  1	  0	  0	  2	 30	  0	  0	  1	  0	  2	  2	 42	  5	  0	  8	  2	  0	  4	 25	  6	  0	  0	  0	  0	 15	  0	  0	  1	  1	  6	  0	  0	  0	  0	  0	  0	  0	  2	  1	  0	  0	  1	 82	  0	  0	  0	  0	  1	  0	  0	  0	  0	  1	  0	  0	  0	  0	  0	  0	  0	  0	  0	  0	  0	  0	  0	  0	  1	  0	  0	  1	  0	  0	  0	  0	  0	  0	  0	  0	  0	  0	  0	  0	  0	  0	  0	  0	  0	  0	  0	  0	  0	  0	  0	  0	  0	  4	  3	  0	 14	  0	  0	  0	  1	  0	  0	  0	  0	  0	  0	  0	  0	  0	  7	  0	  0	  0	  0	  1	  0	  0	  1	550	  0	  0	  0	  0	  0	 61
M_T2_R1_S3_ITS_S173	 86	  0	  5	  0	  1	  4	  0	  0	  0	  0	  0	  0	 20	  1	  9	  0	  6	  0	  0	  0	  0	  6	  1	  0	 10	  0	  5	  2	  0	  0	  0	  0	  0	  0	  0	  1	  0	  0	  1	  0	  0	  0	  0	  1	  0	  3	  0	  0	  0	  1	  0	  5	  0	  0	  0	  0	  0	  0	  9	  2	 17	  0	  0	  6	 24	 31	  0	 24	 16	  0	  0	  0	  0	  0	 16	  0	  8	  0	  5	  1	  0	  0	  5	  0	  0	  2	  9	  0	  0	  3	  1	  0	  0	  0	  0	  0	  2	  2	  0	  0	  0	  0	  0	  3	  0	  0	 15	  1	  0	  0	  0	 30	  0	  0	  9	  0	  7	  1	 19	 29	  0	  3	  0	 12	 17	  6	  3	 11	  0	  5	  2	  0	  0	 22	 20	  0	  0	  0	  3	  0	  4	  0	  0	 34	  0	  4	 11	  0	  0	  0	  0	  0	  0	  0	  1	  2	  0	  0	  0	  1	  0	 15	  0	  0	  3	  1	  1	 18	 66	 12	  0	  1	 31	  2	 34	 48	 11	  0	  0	  0	  0	 12	  0	  0	  3	  2	  5	  0	  0	  0	  0	  0	  0	  0	  5	  0	  0	  0	  0	  4	  0	  0	  0	  0	  2	  0	  0	  0	  0	  7	  0	  0	  2	  0	  7	  0	  0	  0	  0	  0	  0	  3	  0	  0	  4	  0	  0	  0	  0	  2	  0	  0	  0	  0	  0	  1	  0	  0	  0	  0	  0	  1	  0	  0	  0	  0	  0	  0	  5	  0	  0	  0	  0	  1	  3	  0	 37	  0	  0	  0	  2	  1	  0	  1	  0	  0	  0	  0	  0	  0	 15	  0	  0	  0	  0	  0	  0	  0	  3	497	  0	  1	  0	  0	  0	169
M_T2_R2_S1_ITS_S185	106	  0	 14	  0	  0	  4	  0	  0	  0	  0	  0	  0	  4	  0	  4	  0	  3	  0	  0	  0	  0	  3	  0	  0	  3	  0	 60	  0	  0	  0	  0	  1	  0	  0	  0	  2	  0	  0	  0	  0	  0	  0	  0	  0	  0	  1	  0	  0	  0	  1	  0	 17	  0	  0	  0	  0	  0	  0	  5	  1	 10	  0	  0	  8	 36	 22	  0	  2	 17	  0	  0	  0	  0	  0	 12	  0	  3	  0	  0	  7	  0	  0	  1	  0	  0	 11	  5	  1	  0	  0	  6	  0	  0	  0	  0	  0	  0	  0	  0	  0	  1	  0	  0	  0	  5	  0	 74	  0	  0	  0	  0	  9	  0	  0	  9	  0	  4	  1	 26	 15	  0	  0	  2	 13	 14	  7	  0	  9	  0	  1	  3	  0	  0	 92	 18	  0	  0	  0	  9	  0	  2	  0	  0	 31	  9	 12	 11	  0	  0	  0	  0	  0	  0	  0	  0	  0	  0	  0	  0	  0	  0	  3	  0	  0	  0	  1	  2	  5	 60	 13	  1	  4	  2	  4	  4	 47	  1	  0	  0	  0	  0	 43	  0	  0	  9	  0	  4	  1	  0	  0	  0	  0	  0	  0	  1	  0	  0	  0	  0	  0	  0	  0	  0	  0	  0	  1	  0	  0	  0	  2	  0	  0	  0	  0	 49	  0	  0	  0	  0	  0	  0	  0	  0	  0	  3	  0	  0	  1	  0	  0	  0	  0	  0	  0	  0	  0	  0	  0	  0	  0	  0	  0	  0	  0	  0	  1	  0	  0	  0	  0	  0	  0	  0	  0	  7	  0	 24	  0	  0	  0	  1	  0	  0	  0	  0	  0	  0	  2	  0	  2	 16	  0	  0	  0	  0	  0	  0	  0	  2	481	  0	  0	  0	  0	  0	120
M_T2_R2_S2_ITS_S102	109	  1	 13	  0	  0	  7	  0	  0	  0	  0	  0	  0	  9	  0	  3	  1	  5	  0	  0	  0	  3	  6	  1	  0	  0	  0	 38	  1	  0	  0	  0	  1	  0	  0	  0	  1	  0	  0	  0	  1	  0	  0	  0	  0	  0	  2	  0	  1	  0	  5	  1	  7	  0	  0	  0	  0	  0	  0	 11	  4	 25	  2	  0	 11	 16	 33	  0	  7	 30	  0	  0	  0	  0	  0	 37	  0	  0	  0	  7	 21	  0	  0	  6	  0	  0	  0	  4	  0	  0	  0	  0	  0	  0	  0	  0	  0	  0	  2	  0	  0	  2	  2	  0	  0	  4	  0	  3	  0	  0	  0	  1	 20	  0	  0	 12	  1	  8	  8	 34	 20	  0	  0	  1	 23	 12	  7	  0	  5	  0	  3	  5	  0	  0	 22	 22	  0	  0	  0	  0	  0	  1	  1	  3	 18	  7	  6	 45	  0	  1	  1	  0	  0	  0	  3	  0	  1	  1	  0	  0	  0	  1	 15	  0	  0	  0	  1	  5	  7	 50	  7	  0	  3	  4	  7	 12	 48	  0	  0	  2	  0	  0	 25	  0	  0	 12	  1	 13	  1	  0	  0	  0	  0	  0	  0	  5	  8	  0	  0	  0	  0	  0	  0	  0	  0	  0	  0	  0	  0	  0	  6	  0	  0	  0	  0	  0	  0	  0	  0	  0	  0	  0	  0	  0	  0	  4	  0	  0	  4	  0	  0	  0	  0	  2	  0	  0	  0	  0	  0	  0	  0	  0	  3	  0	  0	  0	  0	  0	  0	  0	  0	  0	  3	  0	  1	 13	  0	 26	  0	  0	  0	  1	  0	  0	  0	  0	  0	  0	  0	  0	  0	 23	  0	  0	  0	  0	  0	  0	  0	  0	506	  0	  1	  0	  0	  0	109
M_T2_R2_S3_ITS_S114	118	  0	  8	  0	  2	  3	  0	  0	  0	  0	  0	  0	  5	  2	  0	  0	  4	  0	  2	  0	  0	  2	  0	  0	  1	  0	 54	  4	  0	  0	  0	  0	  0	  0	  0	  1	  0	  1	  0	  0	  0	  0	  0	  0	  0	  2	  1	  0	  0	  0	  0	  7	  0	  0	  0	  0	  0	  0	 13	  0	 21	  0	  0	  5	 15	 34	  0	  7	 15	  0	  0	  0	  0	  0	 19	  0	  3	  0	  9	 14	  0	  0	  3	  0	  0	  2	  4	  1	  0	  0	  0	  0	  0	  0	  6	  0	  0	  1	  0	  0	  2	  0	  0	  0	  7	  0	 19	  0	  0	  0	  0	 21	  0	  0	 22	  3	  4	  2	 10	 11	  0	  0	  1	 11	  9	  3	  0	 12	  1	  4	  5	  0	  0	 33	 25	  0	  0	  0	  3	  0	  2	  2	  7	 22	  5	  6	 13	  0	  0	  0	  0	  1	  0	  0	  0	  0	  0	  0	  0	  0	  1	 18	  0	  1	  8	  4	  2	  5	 21	  2	  0	 11	  3	  7	 10	 40	  0	  1	  0	  0	  1	 23	  0	  0	 14	  0	  2	  0	  0	  0	  0	  0	  0	  0	  5	  2	  0	  0	  0	  4	  0	  0	  0	  0	  0	  0	  0	  0	  0	  2	  0	  0	  0	  0	  2	 12	  0	  0	  0	  0	  0	  0	  0	  3	  3	  0	  0	  3	  0	  1	  0	  0	  0	  0	  0	  0	  0	  0	  0	  0	  0	  0	  0	  1	  0	  0	  0	  0	  2	  0	  0	  0	  0	  1	 27	  0	 28	  0	  0	  0	  1	  1	  0	  0	  0	  0	  0	  0	  0	  1	 12	  0	  0	  0	  0	  0	  0	  1	  0	588	  0	  0	  0	  0	  1	134
M_T2_R3_S1_ITS_S126	 80	  0	  9	  0	  5	  9	  0	  0	  0	  0	  0	  0	 18	  1	  2	  0	  1	  0	  0	  0	  0	  6	  3	  0	  0	  0	 20	  6	  0	  0	  1	  0	  0	  0	  0	  0	  0	  0	  3	  0	  1	  0	  0	  0	  0	  4	  0	  0	  0	  2	  0	  2	  2	  0	  0	  0	  0	  0	  6	  1	  8	  0	  0	  2	103	 33	  1	 10	 31	  0	  0	  0	  0	  0	 22	  1	  4	  0	  9	  1	  0	  0	  0	  0	  0	  3	  1	  0	  0	  1	  0	  0	  0	  0	  0	  0	  0	  0	  0	  0	  0	  0	  0	  0	  4	  0	 24	  0	  0	  0	  0	 12	  0	  0	  6	  0	  0	  3	 63	 15	  0	  6	  8	 57	  9	 15	  0	  4	  0	  6	  6	  0	  0	 33	 18	  0	  0	  0	  5	  0	  5	  1	  0	 37	 17	  5	  9	  0	  0	  2	  0	  0	  0	  0	  0	  4	  0	  0	  0	  1	  0	 52	  0	  0	  1	  2	  0	  3	 24	  1	  3	  7	  8	  3	  9	 49	  8	  2	  0	  0	  0	 29	  0	  0	  6	  0	  3	  0	  0	  0	  0	  0	  0	  0	  0	  7	  0	  0	  0	  3	  0	  0	  0	  0	  2	  0	  0	  0	  0	  2	  0	  0	  0	  0	  1	  7	  0	  0	  0	  5	  0	  0	 14	  0	  0	  0	  0	  0	  0	  1	  0	  0	  0	  0	  0	  0	  0	  0	  0	  0	  0	  0	  0	  0	  0	  0	  0	  0	  1	  0	  0	  0	  0	  0	  5	  0	 18	  0	  0	  0	  0	  0	  0	  0	  0	  0	  0	  0	  0	  0	 12	  0	  0	  0	  0	  0	  0	  0	  0	431	  0	  0	  3	  1	  0	154
M_T2_R3_S2_ITS_S138	123	  0	  4	  0	  0	  5	  0	  0	  0	  0	  0	  0	  9	  0	  5	  0	  5	  0	  0	  2	  1	  2	  3	  0	  7	  0	 76	  3	  0	  0	  0	  0	  0	  0	  0	  0	  0	  0	  0	  0	  0	  0	  0	  1	  0	  1	  0	  0	  0	  0	  0	  2	  0	  0	  0	  0	  0	  0	  7	  2	  7	  0	  0	  4	  6	 10	  0	  7	 13	  0	  0	  0	  0	  0	 26	  0	  2	  0	  5	 15	  0	  0	 35	  0	  0	  3	  5	  0	  2	  0	  0	  0	  0	  0	  0	  0	  0	  0	  0	  0	  0	  0	  0	  0	  0	  0	  0	  0	  0	  0	  1	 13	  0	  0	 12	  1	 13	  0	 43	  3	  0	  0	  1	 28	 10	  5	  0	  6	  0	  5	  7	  0	  1	 89	  5	  0	  2	  0	  0	  0	  1	  0	  0	 25	  0	 11	  3	  0	  0	  1	  0	  3	  0	  0	  0	  0	  0	  0	  0	  0	  0	  3	  0	  0	  3	  0	  1	  5	 35	  2	  0	  6	  3	  2	  3	 29	 38	  4	  0	  0	  1	 42	  0	  0	  4	  3	  5	  0	  1	  0	  0	  0	  0	  0	  0	  0	  1	  0	  0	 24	  0	  0	  0	  0	  0	  0	  0	  0	  0	  2	  0	  0	  0	  0	  0	  0	  0	 23	  0	  0	  0	  0	  0	  0	  0	  0	  0	  0	  0	  0	  0	  0	  0	  0	  0	  1	  0	  0	  0	  0	  0	  0	  0	  0	  0	  5	  0	  0	  1	  2	  0	  0	  0	  4	  1	  0	 16	  0	  0	  0	  1	  0	  0	  0	  0	  0	  0	  0	  0	  0	 25	  0	  0	  0	  0	  0	  0	  0	  0	489	  0	  0	  2	  0	  0	190
M_T2_R4_S1_ITS_S162	 66	  0	  3	  0	  0	  1	  0	  0	  0	  0	  0	  0	 10	  0	  0	  0	  0	  0	  0	  0	  1	  1	  2	  0	  0	  0	113	  1	  0	  0	  0	  0	  0	  0	  0	  0	  0	  0	  0	  0	  0	  0	  0	  0	  0	  1	  0	  0	  0	  0	  0	  3	  0	  0	  0	  0	  0	  0	  3	  1	 16	  0	  0	  0	  7	 32	  0	  0	 70	  0	  0	  0	  0	  1	  5	  1	 55	  0	  9	 21	  0	  1	  0	  0	  0	  3	  2	  0	  0	  0	  2	  0	  0	  0	  0	  0	  0	  0	  0	  0	  0	  1	  0	  0	  0	  0	  0	  0	  0	  0	  0	 14	  0	  0	  2	  0	  6	  0	 66	  7	  0	  0	  1	  4	  4	  0	  0	 10	  0	  7	  7	  0	  2	 41	  7	  0	  0	  0	  1	  1	  6	  0	  0	 14	  6	  5	  1	  0	  0	  0	  0	  0	  0	  1	  0	  0	  0	  0	  0	  0	  0	  6	  0	  0	  0	  0	  5	  0	105	  0	  2	  6	  0	  9	  4	 37	  8	  0	  0	  1	  0	 13	  0	  0	  3	  0	  0	  1	  0	  0	  0	  0	  0	  0	  0	  4	  0	  0	  0	  0	  3	  1	  0	  0	  0	  0	  0	  0	  0	  0	  0	  0	  0	  0	  0	  0	  0	  0	  0	  0	  0	  0	  0	  0	  0	  1	  0	  0	  0	  0	  0	  0	  0	  0	  0	  0	  0	  0	  0	  0	  0	  0	  0	  0	  0	  0	  0	  0	  3	  0	  0	  0	  0	  0	  7	  0	 30	  0	  0	  0	  0	  1	  0	  0	  0	  0	  0	  0	  0	  0	  6	  0	  0	  0	  0	  0	  0	  0	  0	714	  0	  1	  0	  0	  0	 48
M_T2_R4_S2_ITS_S174	100	  0	  6	  0	  0	  3	  0	  0	  0	  0	  0	  0	  4	  0	  1	  0	  7	  0	  0	  0	  0	  5	  0	  0	  2	  0	 91	  2	  0	  0	  0	  0	  0	  0	  0	  1	  0	  1	  0	  0	  0	  0	  0	  0	  0	  0	  0	  0	  0	  0	  0	  2	  0	  0	  0	  1	  0	  0	  2	  1	  8	  0	  0	  2	 47	 26	  0	  7	 27	  0	  0	  0	  0	  1	  8	  0	 12	  0	  4	 22	  0	  0	  0	  0	  0	  1	  5	  0	  0	  0	  2	  0	  0	  0	  0	  0	  0	  0	  0	  0	  2	  0	  0	  0	  0	  0	 60	  0	  0	  0	  0	 12	  0	  0	  8	  0	  2	  1	 50	 12	  0	  0	  1	  4	 10	  3	  0	 11	  0	  3	  7	  0	  0	 28	  7	  0	  0	  0	  1	  0	  0	  0	  1	 18	  6	  4	  4	  0	  0	  0	  0	  0	  0	  0	  0	  1	  0	  0	  0	  3	  1	  9	  0	  0	  0	  2	  1	  3	 69	  0	  0	 11	  0	  3	 11	 91	  4	  0	  0	  0	  0	 54	  0	  0	  7	  4	  7	  0	  0	  0	  0	  0	  0	  0	  0	  3	  0	  0	  0	  0	  0	  0	  0	  0	  0	  0	  0	  0	  0	  2	  0	  0	  0	  0	  0	  2	  0	  0	  2	  0	  0	  0	  0	  0	  0	  0	  0	  0	  0	  2	  0	  0	  0	  0	  0	  0	  0	  0	  0	  0	  0	  0	  0	  0	  0	  1	  0	  1	  0	  0	  0	  0	  0	  0	  8	  0	 14	  0	  0	  0	  1	  0	  0	  0	  0	  0	  0	  0	  0	  0	 10	  2	  0	  0	  0	  0	  0	  0	  0	558	  0	  0	  2	  0	  0	119
M_T2_R4_S3_ITS_S186	100	  0	  5	  0	  1	  1	  0	  0	  1	  0	  0	  0	  4	  0	  1	  1	  0	  0	  6	  0	  0	  2	  1	  0	  0	  3	  5	  0	  0	  0	  0	  0	  0	  0	  0	  1	  0	 40	  2	  0	  0	  0	  0	  8	  0	  5	  0	  0	  0	  0	  0	102	  2	  0	  0	  0	  0	  0	  5	  1	  6	  2	  0	  1	  6	 33	  0	  4	 10	  0	  0	  0	  0	  0	  8	  1	 16	  0	  7	  7	  0	  0	  0	  0	  0	  3	  9	  0	  0	  0	  0	  0	  0	  0	  1	  0	  0	 21	  0	  0	  0	 97	  0	  0	  1	  0	 19	  0	  3	  0	  0	 13	  0	  0	 12	  0	  0	  2	 58	 12	  0	  0	  0	 50	  5	  1	  0	 15	  0	  2	  5	  0	  1	 27	 17	  0	  0	  0	  5	  0	  2	  1	  2	 35	  2	  2	  5	  0	  0	  0	  0	  0	  0	  1	  0	  0	  0	  0	  0	  4	  2	  7	  0	  0	  0	  2	  0	  6	 47	 50	  0	  6	  0	  4	  5	 62	  3	  0	  0	  0	  0	  0	  0	  0	  2	  0	  5	  1	  0	  0	  0	  0	  0	  0	  1	  0	  0	  0	  0	 13	  1	  0	  0	  0	  0	  0	  0	  0	  0	  1	  0	  0	  0	  1	  0	  0	  0	  0	  0	  0	  9	  0	  0	  0	  0	  1	  0	  2	  0	  0	  0	  0	  0	  0	  0	  0	  0	  0	  0	  0	  0	  0	  0	  1	  0	  0	  0	  0	  0	  0	  0	  2	  0	  0	 14	  0	 30	  0	  0	  0	  0	  0	  0	  0	  0	  0	  0	  0	  0	  0	  7	  0	  0	  0	  1	  0	  0	  0	  0	506	  0	  0	  6	  0	  0	 35
M_T3_R1_S1_ITS_S152	 71	  0	  0	  0	  0	  2	  0	  0	  0	  0	  0	  0	  2	  0	  0	  0	  3	  0	  0	  0	  0	  3	  0	  0	  0	  0	 12	  0	  0	  0	  0	  0	  0	  0	  0	  0	  0	  0	  0	  0	 35	  0	  0	  0	  0	  0	  0	  0	  0	  0	  0	  9	  0	  0	  0	  0	  0	  0	  1	  0	 12	  0	  0	  0	 12	  7	  0	  2	 41	  0	  0	  0	  0	  0	  3	  0	  0	  0	  0	  2	  0	  0	  6	  0	  0	  0	  0	  5	  0	  0	  0	  0	  0	  0	  0	  0	  0	  0	  0	  0	  0	  0	  0	  0	  0	  0	  5	  0	  0	  0	  0	 18	  0	  0	  0	  0	  3	  0	 22	 30	  0	  6	  0	 42	 57	  1	  0	  4	  0	  0	  0	  0	  0	 11	 11	  0	  0	  0	  0	  0	  0	  0	  0	 32	 14	  6	  0	  0	  0	  0	  0	  0	  0	  4	  0	 17	  0	  0	  0	  0	  0	 54	  0	  0	  0	  0	  5	  0	 10	  0	  0	  4	 10	  0	  0	 24	  0	  0	  0	  0	  0	 14	  0	  0	  8	  8	  4	  0	  0	  0	  0	  0	  0	  0	  0	  0	  0	  0	  0	415	  0	  0	  0	  0	  0	  0	  0	  0	  4	  0	  0	  0	  0	  0	  0	  0	  0	  3	  0	  0	  0	  0	  0	  0	  0	  0	  0	  0	  0	  0	  0	  0	  0	  0	  0	  0	  0	  0	  0	  0	  0	  0	  0	  0	  0	  4	  0	  0	  0	  0	  0	  0	  0	  2	  2	  0	 14	  0	  0	  0	  0	  0	  0	  0	  0	  0	  0	  0	  0	  3	 21	  0	  0	  0	  0	  0	  0	  0	  0	454	  0	  0	  0	  0	  0	 90
M_T3_R1_S2_ITS_S164	130	  0	  2	  0	  0	 17	  0	  0	  1	  0	  0	  0	  7	  2	  4	  2	  4	  0	  7	  0	  0	 20	  7	  2	  0	  2	 30	  3	  1	  0	  0	  0	  0	  0	  1	  5	  1	  0	  3	  1	  1	  0	  0	  1	  0	  1	  0	  0	  0	  0	  0	  4	  1	  0	  0	  0	  0	  0	  7	  0	 25	  0	  0	  0	 63	 28	  0	 10	 17	  2	  0	  1	  1	  1	 17	  0	  1	  0	  3	  3	  0	  0	  1	  0	  0	  0	  5	  0	  0	  0	  0	  0	  0	  0	  0	  0	  0	  1	  0	  0	 40	  0	  0	  3	  0	  0	  2	  0	  0	  1	  0	 31	  0	  1	  3	  0	  9	  5	 20	 10	  0	  8	  0	111	 28	 10	  0	 14	  0	  0	  6	  0	  0	 25	 47	  4	  0	  0	  2	  0	  3	  0	  0	 54	  5	  3	  5	  1	  0	  0	  0	  0	  0	  1	  0	  4	  0	  0	  0	  2	  1	 11	  0	  0	  1	  3	 23	  7	 34	  0	  0	  9	  1	  0	  8	 59	  9	  2	  0	  0	  0	 16	  0	  1	 18	  5	  7	  2	  0	  0	  0	  0	  0	  0	  0	  1	  0	  0	  0	  0	  0	  0	  0	  0	  1	  0	  0	  0	  1	  1	  0	  0	  0	  0	  0	  0	  0	  0	  0	  1	  0	  0	  0	  0	  2	  0	  0	  2	  0	  0	  0	  0	  0	  0	  0	  0	  0	  0	  2	  0	  0	  0	  0	  0	  0	  4	  0	  0	  0	  0	  0	  0	  0	  0	  2	  0	 22	  0	  0	  0	  0	  0	  0	  0	  0	  0	  2	  0	  0	  2	 13	  0	  0	  0	  0	  0	  0	  0	  0	377	  0	  1	  3	  0	  0	106
M_T3_R1_S3_ITS_S176	 72	  0	  3	  0	  0	  3	  0	  0	  2	  0	  0	  0	 12	  0	  0	  0	  3	  0	  0	  0	  0	  4	  0	  0	  0	  0	 16	  1	  1	  0	  0	  2	  0	  0	  1	  6	  0	  0	  0	  0	  0	  0	  0	  4	  0	  2	  0	  0	  0	  0	  0	  2	  0	  0	  0	  0	  0	  0	  6	  0	 23	  0	  0	  2	103	 11	  0	 11	  3	  0	  0	  0	  0	  2	  7	  0	  1	  1	  4	  6	  0	  0	  1	  0	  0	  2	  6	  0	  0	  0	  1	  0	  0	  0	  0	  0	  0	  0	  0	  0	  0	  0	  0	  0	  0	  0	 63	  0	  0	  0	  0	 16	  0	  0	  4	  0	  5	  4	 20	 10	  0	  2	  0	 11	  6	  7	  0	  8	  0	  2	  3	  0	  0	 25	 15	  0	  0	  0	  1	  0	  2	  1	  0	 39	  3	  6	  1	  0	  0	  0	  0	  0	  0	  1	  0	  0	  0	  0	  0	  0	  3	 12	  0	  0	  3	  0	  2	  3	102	  0	  1	  6	  1	  1	  4	101	  1	  0	  0	  0	  0	  6	  0	  0	 17	  1	  3	  3	  0	  0	  0	  0	  0	  0	  0	  3	  9	  0	  0	 14	  0	  0	  0	  0	  0	  0	  0	  0	  0	  1	  0	  0	  0	  0	 55	 16	  0	  1	  0	  0	  1	  0	  0	  0	  0	  0	  0	  0	  0	  0	  0	  0	  0	  0	  0	  0	  0	  0	  0	  0	  0	  2	  0	  0	  0	  0	  0	  0	  0	  0	  0	  0	  0	  0	  1	  0	 23	  0	  0	  0	  1	  0	  0	  0	  0	  0	  0	  0	  0	  0	 10	  0	  0	  0	  0	  0	  0	  0	  5	568	  0	  0	  0	  0	  0	105
M_T3_R2_S1_ITS_S188	 55	  0	  8	  0	  0	  1	  0	  0	  0	  0	  0	  0	  6	  0	  4	  1	  1	  0	  0	  5	  1	  1	  0	  0	  0	  0	 10	  1	  0	  0	  0	  0	  0	  0	  0	  0	  0	  0	  0	  0	  0	  0	  0	  0	  0	209	  0	  0	  0	  0	  0	 42	  0	  0	  0	  0	  0	  0	  5	  0	 15	  0	  0	  1	  6	 15	  0	 20	 11	  0	  0	  0	  0	  2	  6	  0	  2	  0	  3	  4	  0	  0	  9	  0	  0	  1	  2	  0	  0	  0	  0	  0	  0	  1	  0	  0	  1	  0	  0	  0	  0	  0	  0	  1	 13	  0	  4	  0	  0	  0	  0	 18	  0	  0	  9	  0	  6	  4	 17	  9	  0	  3	  0	 49	 44	  2	  0	  5	  0	  1	  1	  0	  1	 58	 24	  0	  0	  0	  7	  0	  2	  0	  1	 32	  5	 29	 12	  0	  0	  0	  0	  1	  0	  0	  0	  0	  0	  0	  0	  0	  1	  9	  0	  0	  1	  3	  6	  1	 15	  3	  0	  3	  2	  0	  8	 44	  1	  0	  1	  0	  0	  4	  0	  0	  4	  0	  8	  2	  0	  0	  0	  0	  0	  4	  1	  0	  0	  0	  1	  2	  0	  0	  0	  0	  0	  0	  0	  0	  0	  0	  0	  0	  0	  0	 10	  0	  0	  0	  0	  0	  0	  0	  0	  0	  0	  0	  0	  1	  0	  0	  0	  0	  0	  0	  0	  0	  0	  0	  0	  0	  0	119	  0	  0	  0	  0	  0	  0	  0	  0	  0	  0	  0	  4	  8	  0	 21	  0	  0	  0	  0	  0	  0	  0	  0	  4	  0	  0	  0	  0	  9	  0	  0	  0	  0	  0	  0	  0	  1	428	  1	  1	  2	  0	  0	124
M_T3_R2_S2_ITS_S105	 67	  0	  3	  0	  1	  5	  0	  0	  0	  0	  0	  0	  7	  0	  5	  0	 15	  0	  1	  0	  0	 13	  0	  0	  0	  0	  1	  1	  0	  0	  0	  1	  1	  0	  0	  2	  0	  0	  0	  0	  0	  0	  0	  0	  0	  2	  0	  0	  0	  0	  0	 30	  0	  0	  0	  0	  0	  0	 19	  0	 16	  0	  0	  2	 18	 39	  0	  9	 19	  0	  0	  0	  0	  2	 16	  0	  0	  0	  3	 28	  0	  0	  8	  0	  0	 15	  4	  1	  0	  0	  0	  0	  0	  0	  0	  0	  0	  0	  0	  0	  1	  0	  0	  0	 13	  0	 17	  0	  0	  1	  1	 19	  0	  0	 13	  0	  7	 10	 24	  7	  0	  3	  0	 63	 52	  5	  3	 13	  0	  0	  6	  0	  0	 37	 33	  0	  0	  0	 18	  0	  3	  0	  0	 43	 15	  5	 12	  2	  0	  0	  0	  0	  0	  3	  0	  1	  0	  0	  0	  0	  0	  5	  0	  0	  1	  0	  9	  1	 15	  6	  0	  3	  2	  1	 17	 48	  0	  0	  0	  0	  0	  6	  0	  5	  8	  8	  5	  2	  0	  0	  0	  0	  0	  0	  2	  2	  0	  0	  0	 16	  0	  0	  0	  0	  1	  0	  0	  0	  0	  1	  0	  0	  0	  0	  2	  0	  0	  0	  0	  0	  0	  0	  0	  0	  2	  0	  0	  3	  0	  1	  0	  0	  0	  0	  0	  0	  0	  0	  0	  0	  0	  0	  0	  0	  0	  0	  0	  0	  0	  0	  0	  0	  0	  9	  4	  0	 19	  0	  0	  0	  1	  0	  0	  0	  0	  0	  0	  0	  0	  3	 12	  0	  0	  0	  0	  0	  0	  0	  1	501	  0	  0	  0	  0	  1	157
M_T3_R2_S3_ITS_S117	 97	  0	  7	  0	  0	  6	  0	  0	  0	  0	  0	  0	  6	  1	  8	  1	  4	  0	  0	  0	  0	 11	  0	  0	  0	  0	 12	  3	  0	  0	  0	  0	  3	  0	  0	  0	  0	  0	  0	  0	  2	  0	  0	  1	  1	  3	  0	  0	  0	  0	  0	  8	  0	  0	  0	  0	  0	  0	  7	  0	 14	  0	  0	  4	  8	 12	  0	 15	 14	  0	  0	  0	  0	  3	 17	  0	  0	  0	  7	  5	  0	  0	  1	  0	  0	  0	  4	  2	  0	  0	  2	  0	  0	  0	  0	  0	  0	  3	  0	  0	  2	  0	  0	  0	  4	  0	 10	  0	  0	  0	  0	 21	  0	  0	 10	  0	 10	  3	 13	 16	  0	  3	  0	 48	 42	  7	  0	 10	  0	  1	  1	  0	  0	 46	 39	  0	  0	  0	  5	  0	  1	  2	  0	 88	 14	  3	  8	  0	  0	  1	  0	  0	  0	  1	  0	  0	  0	  0	  0	  0	  3	  7	  0	  0	  5	  1	  5	 30	 28	  4	  0	  4	  2	  0	 25	 73	  3	  0	  0	  0	  0	  8	  0	  0	  6	  5	  5	  1	  0	  0	  1	  0	  0	  0	  2	  8	  0	  0	  0	  8	  0	  0	  0	  0	  1	  1	  0	  0	  1	  0	  7	  0	  0	  0	  3	  0	  0	  0	  0	  0	  0	  0	  0	  0	  0	  0	  1	  2	  0	  2	  0	  0	  0	  0	  0	  0	  0	  0	  0	  0	  0	  0	  0	  0	  0	  0	  0	  0	  0	  0	  0	  0	  0	  4	  2	  0	 17	  0	  0	  0	  0	  0	  0	  0	  0	  0	  0	  0	  0	  5	 12	  0	  0	  0	  0	  0	  0	  0	  1	528	  0	  1	  3	  0	  1	137
M_T3_R3_S1_ITS_S129	 93	  0	  7	  0	  0	  0	  0	  0	  0	  0	  0	  0	  8	 59	  4	  0	  5	  0	  0	  0	  0	 22	  1	  0	  0	  0	  7	  0	  0	  0	  0	  0	  0	  0	  0	  0	  0	  0	  3	  2	  0	  0	  0	  2	  0	  1	  0	  0	  0	  0	  0	  3	  0	  0	  0	  0	  0	  0	  7	  0	 24	  1	  1	  7	 21	 30	  0	  9	 16	  0	  0	  0	  0	  2	 14	  0	  3	  0	  8	 10	  0	  0	  9	  0	  0	  2	 35	  1	  3	  0	  2	  0	  0	  0	  0	  0	  0	  0	  0	  0	  0	  2	  0	  1	 26	  0	  9	  0	  0	  1	  0	 18	  0	  0	 12	  0	 12	  1	 25	  8	  0	  7	  0	 26	 11	  2	  0	 26	  0	  4	  6	  1	  0	 61	 34	  0	  0	  0	  9	  0	  3	  2	  0	 39	 12	 21	  6	  0	  0	  1	  0	  0	  0	  2	  0	  0	  0	  0	  9	  1	  0	 13	  0	  0	  3	  3	  1	  0	 19	  4	  0	  7	  4	 11	 10	 55	  2	  1	  1	  0	  0	  1	  1	  0	  3	  7	  3	  5	  0	  0	  0	  0	  0	  0	  1	  0	  0	  0	  0	  1	  0	  0	  0	  0	  0	  1	  0	  0	  0	  3	  0	  0	  0	  0	  0	  0	  0	  0	  0	  0	  0	  0	  0	  0	  1	  0	  0	  2	  0	  2	  0	  0	  0	  0	  0	  0	  0	  0	  0	  0	  0	  0	  0	  0	  0	  0	  0	  0	  0	  0	  0	  0	  0	 11	  4	  0	 36	  0	  0	  0	  0	  0	  0	  0	  0	  0	  0	  0	  0	  0	 28	  0	  0	  0	  0	  0	  0	  0	  1	494	  0	  0	  2	  0	  0	103
M_T3_R3_S2_ITS_S141	 94	  0	  3	  1	  0	  1	  0	  1	  0	  0	  0	  0	  6	  0	  7	  0	  5	  0	  3	  0	  0	 21	  0	  2	  0	  0	 21	  3	  1	  0	  0	  0	  0	  0	  0	  1	  0	  0	  1	  0	  0	  0	  0	  2	  0	  4	  0	  0	  0	  0	  0	  7	  0	  0	  0	  0	  0	  0	  3	  0	 31	  0	  0	  3	 12	 28	  0	  7	 59	  0	  0	  0	  0	  0	 15	  0	  0	  0	  6	  4	  0	  0	  2	  0	  0	  5	  2	  0	  1	  0	 14	  0	  0	  0	  0	  0	  1	  0	  0	  0	  0	  0	  0	  1	  1	  0	  0	  0	  0	  0	  0	 36	  0	  1	  7	  0	  0	  3	 16	 16	  0	 15	  2	 55	 14	  5	  0	  6	  0	  2	 10	  0	  0	 29	 32	  0	  0	  0	 16	  0	  2	  3	  1	 43	 11	 12	 24	  0	  1	  0	  3	  0	  0	  1	  0	  0	  0	  0	  2	  0	  0	 23	  0	  0	 46	  1	  9	  7	 59	  1	  0	  5	  2	  1	  1	 49	 14	  0	  0	  0	  0	  6	  0	  0	  9	  1	  3	  5	  0	  0	  0	  0	  0	  0	  1	  2	  2	  0	  0	  2	  1	  0	  0	  0	  0	  0	  0	  0	  0	  5	  0	  0	  0	  0	  4	  8	  0	  0	  0	  0	  0	  0	  0	  0	  0	  0	  0	  0	  0	  2	  0	  0	  0	  0	  0	  0	  0	  0	  0	  0	  0	  0	  0	  0	  0	  0	  0	  0	  0	  0	  0	  0	  0	  3	 38	  0	 23	  0	  0	  0	  2	  0	  0	  1	  0	  0	  0	  0	  0	  0	 14	  0	  0	  0	  0	  0	  0	  0	  0	459	  0	  0	  3	  0	  0	105
M_T3_R3_S3_ITS_S153	 67	  0	 11	  0	  0	  3	  0	  0	  0	  0	  0	  0	  5	  0	  5	  0	  8	  0	  0	  0	  0	  5	  0	  0	  0	  0	 55	  6	  0	  0	  0	  0	  0	  0	  0	  0	  0	  0	  0	  0	  0	  0	  0	 30	  0	  5	  0	  0	  0	  0	  0	 16	  0	  0	  0	  0	  0	  0	  7	  0	 28	  0	  0	  0	  8	 14	  0	  9	 12	  0	  0	  0	  0	  0	  6	  2	 26	  0	 19	 10	  0	  0	  7	  0	  0	  3	  3	  0	  3	  0	  0	  0	  0	  0	  0	  0	  1	  0	  0	  0	  6	  1	  0	  2	  2	  0	  3	  0	  0	  0	  0	 18	  0	  7	 11	  0	 13	  0	 42	 19	  0	  5	  0	 46	 20	  3	  0	  7	  0	  2	  9	  0	  0	 58	 32	  0	  0	  0	  0	  0	  3	  1	  0	 42	 32	 10	  7	  0	  0	  1	  0	  0	  0	  4	  0	  0	  0	  0	  0	  3	  0	  8	  0	  0	  0	  0	  4	  1	 33	  0	  0	  7	  8	  1	  5	 52	  3	  0	  3	  0	  0	 20	  0	  0	  3	  3	  7	  4	  0	  0	  0	  0	  0	  0	  2	  0	  0	  0	  0	  9	  0	  0	  0	  0	  0	  0	  0	  0	  0	  0	  0	  0	  0	  0	  7	  0	  0	  0	  0	  0	  0	  0	  0	  0	  0	  0	  0	  1	  0	  0	  0	  0	  0	  0	  0	  0	  0	  0	  0	  0	  0	  0	  0	  0	  0	  0	  0	  0	  0	  0	  0	  0	  0	 11	  6	  0	 24	  0	  0	  0	  0	  0	  0	  0	  0	  0	  0	  0	  0	  4	 17	  0	  0	  0	  0	  0	  0	  0	  0	477	  0	  0	  0	  0	  0	161
M_T3_R4_S1_ITS_S165	147	  0	 12	  0	  0	 10	  0	  0	  0	  0	  0	  0	 12	  0	  4	  0	 12	  0	  0	  0	  1	 12	  9	  0	  0	  0	 49	  2	  0	  0	  0	  0	  0	  0	  1	  0	  0	  0	  1	  0	  1	  0	  0	  1	  0	  0	  0	  0	  0	  0	  0	  6	  1	  0	  0	  0	  1	  3	  3	  0	 23	  0	  0	  6	  8	 10	  0	 10	  9	  0	  0	  0	  0	  0	  8	  1	  3	  0	  6	 11	  2	  0	 13	  0	  1	  1	  1	  0	  0	  1	  0	  0	  0	  0	  0	  0	  1	  0	  0	  0	  1	  0	  0	  0	  4	  0	  0	  1	  0	  0	  0	 22	  0	  0	  9	  0	  3	  1	 22	 15	  0	  0	  8	 73	 18	  4	  0	 17	  0	  2	 11	  0	  1	 18	 26	  0	  0	  0	  6	  0	  3	  0	  1	 27	 17	 11	  4	  0	  0	  1	  0	  1	  0	  1	  0	  5	  0	  0	  1	  0	  0	 13	  0	  0	  2	  1	  1	  2	 21	  0	  0	 10	  0	  1	  3	 50	  0	  0	  1	  0	  0	 81	  0	  0	  1	 20	  3	  0	  1	  0	  0	  0	  0	  0	  1	  0	  0	  0	  0	  2	  0	  0	  0	  0	  0	  1	  0	  0	  0	  0	  2	  3	  0	  0	  0	 12	  0	  0	  0	  0	  0	  0	  0	  0	  0	  1	  0	  3	  0	  1	  0	  0	  0	  0	  0	  0	  5	  0	  0	  0	  0	  0	  0	  0	  0	  0	  0	  0	  1	  0	  0	  0	  0	 10	  7	  1	 35	  0	  2	  0	  1	  0	  0	  0	  0	  0	  0	  0	  0	  0	 17	  0	  0	  0	  0	  0	  0	  0	  2	421	  0	  0	  2	  0	  1	185
M_T3_R4_S2_ITS_S177	114	  0	  2	  0	  0	  7	  0	  0	  8	  0	  0	  0	  8	  0	  0	  0	  2	  0	  0	  0	  0	  6	  0	  0	  0	  0	 21	  3	  0	  0	  0	  0	  0	  0	  0	  1	  0	  0	  6	  0	  0	  1	  0	  4	  0	  8	  0	  0	  1	  0	  0	 17	  0	  0	  0	  0	  0	  0	  8	  1	 30	  0	  0	  4	 20	 15	  0	  3	 10	  0	  0	  0	  0	  0	 37	  2	  6	  0	  5	 11	  1	  0	  9	  0	  0	  2	  6	  0	  0	  0	  0	  0	  0	  0	  1	  0	  0	  2	  0	  0	  1	  0	  0	  0	 12	  0	  0	  0	  0	  0	  0	 24	  0	  0	 12	  0	  5	  5	 17	  3	  0	 20	  0	 31	 15	  3	  0	  9	  0	  2	  4	  0	  0	 26	 19	  0	  0	  0	  2	  0	  3	  0	  0	 36	 11	 10	  5	  0	  0	  0	  0	  0	  0	  0	  0	  1	  0	  0	  0	  0	  0	  8	  0	  0	  1	  1	  7	 11	 36	  8	  0	 17	  2	  0	  1	 66	  1	  3	  1	  0	  0	  7	  0	  3	 10	  4	  7	  2	  0	  0	  0	  0	  0	  0	  3	  7	  0	  0	  0	  8	  1	  0	  0	  0	  0	  0	  0	  0	  0	  0	  0	  0	  0	  0	  1	  0	  0	  0	  0	  0	  0	  0	  0	  0	  0	  0	  0	  3	  0	  1	  0	  0	  0	  0	  0	  0	  0	  0	  0	  0	  0	  0	  0	  0	  0	  0	  0	  0	  1	  0	  0	  0	  0	  3	  5	  0	 22	  0	  0	  0	  0	  1	  0	  0	  0	  0	  0	  0	  0	  2	 11	  0	  0	  0	  1	  0	  0	  0	  0	619	  0	  0	  1	  0	  0	120
M_T3_R4_S3_ITS_S189	119	  0	  0	  0	  0	  4	  0	  0	  0	  0	  0	  0	  5	  0	  3	  0	  6	  0	  1	  0	  1	  7	 10	  0	  0	  0	  9	  4	  0	  0	  0	  2	  0	  0	  0	  0	  0	  1	  4	  0	  0	  0	  0	  1	  0	  3	  0	  0	  0	  0	  0	  2	  0	  0	  0	  0	  0	  0	  7	  0	 18	  0	  0	  0	 10	 14	  0	  4	  7	  0	  0	  0	  0	  0	 16	  0	  0	  0	  3	  8	  0	  0	  5	  0	  0	  1	  3	  3	  0	  0	  0	  0	  0	  0	 12	  0	  1	  1	  0	  0	 24	  0	  4	  2	  6	  3	  0	  0	  0	  0	  0	 11	  0	  0	  4	  0	  3	  1	 17	  7	  0	  4	  0	 51	  6	  0	  0	  6	  0	  5	  3	  0	  0	 52	 23	  0	  0	  0	  5	  0	  3	  2	  1	 42	  6	  6	  9	  0	  0	  0	  1	  1	  0	  0	  0	  3	  0	  1	  1	  1	  1	 20	  0	  0	  0	  0	  4	  3	 19	  2	  0	  6	  1	  2	  9	 49	  4	  1	  5	  0	  2	 37	  0	 21	  7	  1	  3	  1	  0	  0	  0	  0	  0	  0	  2	  1	  0	  0	  0	  7	  0	  0	  0	  0	  0	  0	  0	  0	 16	  0	  1	  0	  0	  0	  1	  0	  0	  0	  0	  3	  0	  0	  0	  0	  0	  0	  0	  1	  2	  0	  0	  0	  0	  0	  1	  0	  0	  0	  0	  0	  0	  0	  0	  0	  0	  0	  0	  0	  0	  0	  0	  0	  0	  6	  1	  0	 11	  0	  0	  0	  1	  0	  0	  0	  0	  0	  0	  0	  0	  3	 13	  0	  0	  0	  0	  0	  0	  0	  1	677	  0	  3	  3	  0	  1	102
M_T4_R1_S1_ITS_S155	 75	  0	  0	  0	  4	  0	  0	  0	  0	  0	  0	  0	  5	  0	  5	  0	  0	  0	  0	  0	  0	  0	  0	  0	  0	  0	 66	  2	  0	  0	  0	  0	  0	  0	  0	  0	  0	  0	  0	  0	  0	  0	  0	  0	  0	  7	  0	  0	  0	  0	  0	  5	  0	  0	  0	  0	  0	  0	  5	  0	  0	  0	  0	  0	135	 20	  0	 15	 89	  0	  0	  0	  0	  0	 24	  0	  0	  0	  0	  0	  0	  0	  0	  0	  0	  0	  0	  0	  0	  0	  0	  0	  0	  0	  0	  0	  0	  0	  0	  0	  0	  0	  0	  3	 31	  0	  0	  3	  0	  0	  0	 16	  0	  0	  0	  0	  0	  0	 15	 19	  0	  0	  0	 47	  4	  4	  0	 28	  0	  0	  2	  0	  0	  9	 11	  0	  0	  0	  0	  0	  0	  0	  0	 78	  6	 10	  0	  0	  0	  0	  0	  0	  0	  0	  0	  0	  0	  0	  0	  0	  0	 24	  0	  0	  0	  2	  0	  0	  9	  0	  0	  0	  0	  5	  0	 21	  0	  0	  0	  0	  0	  0	  0	  0	  6	 14	  0	  0	  0	  0	  0	  0	  0	  0	  0	  0	  0	  0	  0	  0	  0	  0	  0	  0	  7	  0	  0	  0	  0	  0	  0	  0	  0	  0	  0	 10	  0	  0	  0	  0	  0	  0	  0	  0	  0	  0	  0	  0	  0	  0	  0	  0	  0	  0	  0	  0	  0	  0	  0	 24	  0	  0	  0	  0	  0	  0	  0	  0	  0	  0	  0	  0	  0	  0	 18	  0	 61	  0	  0	  0	  0	  0	  0	  0	  0	  0	  0	  0	 12	 69	 31	  0	  0	  0	  0	  0	  0	  0	  0	410	  0	  0	  0	  0	  0	198
M_T4_R1_S2_ITS_S167	110	  0	  3	  0	  0	  9	  0	  0	  3	  0	  2	  0	 13	  0	 10	  0	  0	  0	  0	  0	  0	  4	  0	  0	  0	  0	  6	  2	  3	  0	  0	  0	  0	  0	  0	  4	  0	  0	  0	  0	  0	  0	  0	  0	  0	  3	  0	  0	  0	  1	  0	  0	  0	  0	  0	  0	  0	  0	  8	  0	  6	  0	  0	  2	 74	 15	  0	  9	 89	  0	  0	  0	  0	  1	 14	  1	  2	  0	 18	  1	  0	  0	  0	  0	  0	  0	  8	  1	  0	  1	  6	  0	  0	  0	  0	  1	  0	  0	  0	  0	  0	  0	  0	  3	  1	  0	  0	  1	  0	  0	  0	 28	  0	  0	  9	  0	  6	  0	 17	 13	  0	  7	 12	 87	 13	 19	  0	 16	  0	  4	 18	  0	  1	 14	 25	  1	  0	  0	  0	  0	  2	  5	  0	 67	  1	  3	  4	  0	  0	  1	  2	  0	  0	  2	  1	  3	  0	  0	  0	  0	  0	 14	  0	  0	  1	  0	  0	  8	 24	  0	  0	 14	  1	  1	 15	 37	  0	  0	  0	  0	  0	  2	  0	  0	  8	  6	  1	  4	  0	  0	  0	  0	  0	  0	  1	  0	  0	  0	  0	  1	  0	  0	  0	  1	  3	  0	  0	  0	  1	  1	  3	  0	  0	  0	  0	  0	  0	  0	  0	  7	  0	  0	  0	  0	  0	  0	  0	  1	  0	  1	  0	  1	  0	  0	  0	  0	  0	  0	  0	 10	  0	  0	  0	  0	  0	  0	  0	  0	  0	  0	  0	  0	  0	  0	 15	  0	 31	  0	  0	  0	  4	  0	  0	  0	  0	  0	  2	  0	  0	  6	 25	  0	  0	  0	  1	  0	  0	  1	  0	483	  0	  0	  1	  0	 11	101
M_T4_R1_S3_ITS_S179	100	  0	  0	  0	  1	  4	  0	  0	  9	  0	  0	  0	  4	  0	 11	  0	  3	  0	  6	  0	  2	 13	  2	  1	  0	  0	 34	  2	  0	  0	  0	  3	  0	  0	  0	  3	  0	  0	  2	  0	  0	  0	  0	  0	  1	  7	  0	  0	  0	  0	  0	  1	  0	  0	  0	  0	  0	  0	 11	  3	  0	  0	  0	  0	 85	 16	  0	  5	 44	  0	  2	  0	  0	  0	 12	  0	  0	  0	  3	  0	  0	  0	  0	  0	  0	  0	  1	  0	  0	  2	  1	  0	  0	  0	  0	  0	 28	  0	  0	  0	  3	 33	  0	  0	 65	  0	  3	  0	  0	  0	  0	 30	  0	  0	  7	  0	  4	  2	 12	  9	  1	  9	  6	 63	 19	 18	  0	  8	  0	  2	  6	  0	  0	 16	 18	  0	  0	  0	  0	  0	  0	  0	  0	 50	  0	  2	  1	  0	  0	  1	  0	  0	  0	  0	  0	  3	  1	  0	  0	  2	  0	 19	  0	  0	  3	  0	  0	 10	 19	  2	  0	  3	  0	  1	 25	 44	  0	  0	  0	  0	  1	  5	  0	  0	  7	  1	  2	  3	  0	  1	  0	  0	  0	  0	  0	  0	  1	  0	  0	  0	  0	  0	  0	  0	  0	  2	  0	  0	  1	  0	  3	  0	  2	  0	  0	 16	  0	  0	  0	  0	  0	  0	  0	  0	  0	  0	  0	  8	  0	  1	  0	  0	  0	  0	  0	  0	  0	  0	  0	  0	  0	  0	  1	  0	  0	  0	  0	  0	  0	  0	  0	  0	  0	  0	 13	  0	 37	  0	  0	  0	  0	  0	  0	  0	  0	  0	  0	  0	  1	  2	 28	  0	  0	  0	  0	  0	  0	  0	  0	487	  0	  1	  2	  0	  2	 94
M_T4_R2_S1_ITS_S191	108	  0	  6	  0	  0	  2	  0	  0	  2	  0	  0	  0	  8	  1	  7	  0	  1	  0	  0	  5	  2	  9	  1	  1	  1	  0	 66	  1	  0	  0	  0	  4	  0	  0	  0	  1	  0	  1	  3	  0	  0	  0	  0	  0	  0	  1	  0	  0	  0	  0	  0	  6	  0	  0	  0	  0	  0	  0	 10	  1	  8	  0	  0	  0	 31	 16	  0	  2	 34	  0	  1	  0	  0	  2	 26	  0	  1	  0	  7	  5	  0	  0	  0	  0	  0	  5	 10	  0	  0	  0	  0	  0	  0	  0	  0	  0	  0	  0	  0	  0	  7	  1	  0	  0	 29	  0	  4	  0	  0	  0	  1	 20	  0	  0	 29	  0	  9	  1	 21	  9	  0	  1	  3	 80	 23	  5	  0	 38	 43	  0	 13	  0	  3	 53	 22	  0	  0	  0	 10	  0	  4	  0	  1	 40	 14	 11	 11	  0	  1	  0	  0	  0	  0	  1	  0	  0	  0	  0	  0	  0	  0	 12	  0	  0	  0	  0	  4	  4	 29	  3	  0	  8	  1	  1	  6	 47	  0	  0	  0	  0	  4	  7	  1	  0	 10	  0	  0	  4	  0	  0	  0	  0	  0	  0	  0	  0	  1	  0	  0	  0	  0	  0	  0	  0	  1	  0	  0	  0	  0	  0	  1	  0	  3	  0	  0	  0	  0	  0	  0	  0	 70	  0	  0	  0	  2	  0	  1	  1	  0	  1	  0	  0	  0	  0	  0	  0	  0	  0	  0	  0	  0	  0	  0	  0	  2	  0	  0	  0	  0	  0	  0	  0	  0	  2	 19	  0	 33	  0	  0	  0	  0	  1	  2	  0	  0	  0	  0	  0	  0	  0	  7	  0	  0	  0	  0	  0	  0	  0	  0	330	  0	  3	  0	  0	  0	139
M_T4_R2_S2_ITS_S108	104	  0	  2	  0	  0	  2	  0	  0	  5	  0	  0	  0	 11	  2	  7	  0	  1	  0	  2	  0	  3	 15	  6	  1	  0	  0	 44	  0	  3	  1	  0	  3	  0	  1	  0	  0	  0	  0	  1	  0	  1	  0	  0	  0	  0	  2	  0	  0	  0	  0	  1	  7	  1	  0	  0	  0	  0	  0	 11	  0	  8	  0	  0	  0	 14	 48	  0	  7	 14	  0	  0	  0	  0	  0	 44	  0	  0	  0	  3	  5	  0	  0	  1	  1	  0	  1	  4	  0	  0	  0	  0	  0	  0	  0	  0	  0	  0	  0	  0	  0	  0	  4	  0	  2	 23	  0	  8	  0	  0	  0	  0	 33	  0	  0	 18	  0	 10	  5	  4	 10	  0	  2	  9	 66	 33	 12	  0	 18	  0	  1	  7	  0	  0	 40	 27	  0	  0	  0	  9	  0	  4	  1	  1	 60	 12	  7	  2	  0	  0	  0	  0	  2	  0	  0	  0	  2	  0	  0	  0	  2	  1	 17	  0	  0	  1	  2	  3	  7	 19	 18	  0	  2	  2	  0	 13	 42	  0	  1	  0	  0	  0	  1	  0	  3	 10	  1	  3	  0	  1	  0	  0	  0	  0	  0	  0	  1	  0	  0	  0	  4	  0	  0	  0	  0	  0	  0	  0	  0	  1	  1	  1	  0	  0	  0	  0	  0	  0	  0	  0	  0	  0	  0	  0	  0	  1	  0	  0	  0	  0	  1	  0	  0	  0	  0	  0	  0	  0	  0	  0	  0	  0	  0	  0	  0	  0	  1	  0	  0	  0	  0	  0	  0	  0	  0	  4	  0	 27	  0	  0	  0	  2	  0	  0	  0	  0	  0	  0	  0	  0	  0	 17	  0	  0	  0	  0	  0	  0	  0	  0	503	  0	  0	  0	  0	  0	132
M_T4_R2_S3_ITS_S120	 71	  0	  1	  0	  1	  3	  0	  0	  2	  0	  0	  0	  5	  1	 16	  0	  0	  0	  1	  0	  0	 10	  0	  0	  0	  1	 18	  0	  0	  0	  2	  0	  0	  0	  1	  0	  0	  0	  1	  0	  0	  0	  0	  0	  0	  1	  0	  0	  0	  0	  0	  4	  1	  0	  0	  0	  0	  0	 11	  1	 14	  0	  0	  0	 16	 13	  0	 11	 70	  0	  0	  0	  0	  0	 10	  0	  0	  0	  5	  3	  0	  0	  0	  0	  0	  8	  6	  0	  0	  0	  5	  0	  0	  0	  0	  0	  1	  0	  0	  0	  3	 11	  0	  0	  0	  0	 11	  0	  0	  0	  0	 36	  0	  0	  3	  0	  7	  3	 11	  5	  0	  0	  1	 57	  9	  4	  0	 23	  0	  2	  2	  0	  0	 23	 12	  0	  0	  1	 10	  0	  3	  1	  0	 46	 45	  1	  6	  0	  0	  0	  0	  0	  0	  0	  0	  2	  0	  0	  2	  2	  0	 51	  0	  0	  0	  0	  3	  3	 18	  8	  0	  2	  2	  1	  9	 30	  2	  1	  0	  0	  0	 11	  0	  0	  5	  2	  6	  0	  0	  0	  0	  0	  0	  0	  1	  1	  0	  1	  0	  0	  0	  0	  0	  0	  0	  0	  0	  1	  0	  1	  0	  0	  0	  0	  0	  0	  0	  0	  0	  1	  0	  0	  0	  1	  0	  0	  0	  0	  0	  0	  0	  0	  0	  0	  0	  0	  0	  0	  0	  0	  0	  0	  0	  0	  0	  0	  0	  0	  1	  0	  0	  0	  0	  0	 24	  0	 13	  0	  1	  0	  0	  0	  0	  0	  0	  0	  0	  0	  0	  3	 12	  0	  0	  0	  0	  0	  0	  0	  4	726	  0	  0	  0	  0	  0	 63
M_T4_R3_S1_ITS_S132	131	  0	  4	  0	  8	  6	  0	  0	  1	  0	  0	  0	 17	  2	  8	  0	  2	  0	  0	  0	  8	 14	  1	  0	  0	  0	 11	  2	  0	  0	  1	  0	  0	  0	  0	  2	  0	  0	  2	  0	  0	  0	  0	  1	  1	  3	  0	  0	  0	  0	  1	  1	  7	  1	  0	  0	  0	  0	 12	  1	 17	  0	  0	  5	 45	 22	  0	 10	 24	  0	  0	  0	  0	  0	 10	  0	  6	  0	 12	  5	  0	  0	  2	  0	  0	  1	  0	  0	  0	  0	  0	  0	  1	  0	  0	  0	  0	  0	  0	 33	  0	  1	  0	  0	 64	  0	  0	  0	  0	  0	  0	 24	  0	  0	 16	  0	  5	  7	 30	 14	  0	  2	 17	 56	 13	 10	  0	 21	  0	  4	  4	  0	  1	 59	 21	  3	  0	  0	  4	  0	  1	  2	  0	 57	  6	  3	  7	  0	  0	  0	  0	  0	  0	  1	  0	  0	  0	  0	  0	  0	  0	  7	  0	  0	  5	  1	  0	  9	 22	  2	  2	 16	  1	  0	 23	 22	  0	  2	  2	  0	  0	  7	  0	  4	  6	  9	  4	  2	  1	  0	  0	  0	  0	  0	  0	  1	  4	  0	  0	  0	  0	  0	  0	  0	  0	  3	  0	  0	  0	  2	  1	  0	  0	  0	  0	  0	  0	  0	  0	  0	  0	  0	  0	  0	  0	  0	  0	  1	  0	  2	  0	  0	  0	  0	  0	  0	  0	  1	  0	  0	  0	  0	  0	  0	  0	  0	  0	  0	  0	  0	  0	  0	  0	  0	  8	  0	 16	  0	  0	  0	  0	  0	  0	  0	  0	  0	  0	  0	  0	  3	 35	  0	  0	  0	  0	  0	  0	  0	  1	420	  0	  0	  1	  0	  0	124
M_T4_R3_S2_ITS_S144	 53	  0	  5	  0	  2	  7	  0	  0	  3	  0	  0	  0	  6	  0	  7	  0	  0	  0	  0	  0	  0	  1	  0	  0	  0	  0	  9	  1	  1	  0	  0	  0	  0	  0	  0	  2	  0	  0	  3	  2	  0	  0	  0	  0	  0	  3	  0	  0	  0	  1	  0	  2	  0	  0	  0	  0	  0	  0	  5	  0	 11	  0	  0	  1	 17	  7	  0	  5	  9	  0	  2	  0	  0	  0	 15	  0	  0	  0	  2	  2	  0	  0	  0	  0	  0	  2	  0	  0	  0	  0	  0	  0	  0	  0	  0	  0	  0	  0	  0	  0	  1	 43	  0	  0	120	  0	  0	  0	  0	  0	  0	 18	  0	  0	  3	  0	  5	  2	 21	 12	  0	  2	  4	 84	 14	 16	  0	  7	  0	  0	  2	  0	  3	 41	 21	  0	  0	  0	  2	  0	  1	  0	  0	 38	  5	  2	  6	  0	  0	  1	  0	  0	  0	  0	  0	  1	  0	  0	  0	  1	  5	 12	  0	  0	  1	  0	  3	  3	  5	  0	  0	 10	  2	  0	 10	 11	  4	  1	  0	  0	  0	  2	  0	  0	  3	  0	  2	  0	  0	  0	  0	  0	  0	  0	  1	  0	  0	  0	  0	155	  0	  0	  0	  0	  0	  1	  0	  0	  0	  0	  0	  0	  6	  0	  0	  2	  0	  0	  0	  0	  0	  0	  0	  0	  1	  0	  0	  0	  0	  0	  0	  0	  0	  0	  0	  0	  0	  0	  0	  0	  0	  0	  0	  0	  0	  1	  0	  0	  0	  0	  0	  0	  0	  2	  2	  0	 15	  0	  0	  0	  0	  0	  0	  0	  0	  0	  1	  0	  0	  0	 13	  0	  0	  0	  0	  0	  0	  0	  0	669	  0	  0	  0	  0	  1	 58
M_T4_R3_S3_ITS_S156	 70	  0	  0	  0	  0	  0	  0	  0	  1	  0	  0	  0	  0	  0	  0	  0	  0	  0	  0	  0	  0	  2	  0	  0	  0	  0	  1	  0	  0	  0	  0	  0	  0	  0	  0	  0	  0	  0	  0	  0	  0	  0	  0	  0	  0	  1	  0	  0	  0	  0	  0	  0	  0	  0	  0	  0	  0	  0	  0	  0	  1	  0	  0	  0	  4	  0	  0	  0	  1	  0	  0	  0	  0	  0	  2	  0	  0	  0	  0	  0	  0	  0	  0	  0	  0	  0	  0	  0	  0	  0	  0	  0	  0	  0	  0	  0	  0	  0	  0	  0	 32	  2	  0	  0	 86	  0	  3	  0	  0	  0	  0	 12	  0	  0	  0	  0	  0	  0	  4	 14	  0	  2	  6	196	  6	  7	  0	  4	  0	  0	  2	  0	  0	 11	 26	  0	  0	  0	  0	  0	  0	  0	  0	144	  5	  7	  0	  0	  0	  0	  0	  0	  0	  0	  0	  0	  0	  0	  0	 12	  0	  8	  0	  0	  0	  0	  0	  0	  0	  1	  0	  0	  0	  0	  6	  1	  0	  0	  0	  0	  0	  0	  0	  0	  0	  0	  0	  4	  0	  0	  0	  0	  0	  0	  0	  0	  0	  0	  0	 38	  0	  0	  2	  0	  0	  0	  0	  0	  0	  0	  0	  0	  9	  0	  0	  0	  0	  0	  0	  2	  0	  0	  0	  0	  0	  0	  0	  0	  0	  0	  0	  0	  0	  0	  0	  0	  0	  0	  0	  0	  0	  0	  0	  0	  0	  0	  0	  0	  0	  0	  0	  1	  0	  0	  7	  0	 65	  0	  0	  0	  0	  0	  0	  0	  0	  0	  0	  0	  0	 21	 32	  0	  0	  0	  0	  0	  0	  0	  0	772	  0	  0	  0	  0	  0	 31
M_T4_R4_S1_ITS_S168	 98	  0	  3	  0	  3	  3	  0	  0	  0	  0	  0	  0	  9	  0	  5	  0	  0	  0	  0	  0	  0	  9	  0	  0	  1	  0	 63	  3	  0	  0	  0	  0	  0	  0	  0	  2	  0	  0	  0	  0	  0	  0	  0	  2	  0	  0	  0	  0	  0	  2	  0	  2	  0	  0	  0	  0	  0	  0	  1	  0	 20	  0	  0	  4	 91	 13	  0	  8	  7	  0	  2	  0	  0	  0	 26	  0	  4	  0	  7	 10	  0	  0	  0	  0	  0	  3	  5	  0	  0	  0	  1	  0	  0	  0	  0	  0	  0	  0	  0	  0	  2	  1	  0	  0	 68	  0	  4	  1	  0	  0	  0	 19	  0	  0	  8	  0	  5	  5	 28	 12	  0	  3	  0	 32	 14	  3	  0	 19	  0	  6	 10	  0	  0	 15	 27	  0	  0	  0	  7	  0	  2	  0	  3	 50	 11	  4	  7	  0	  0	  0	  0	  1	  0	  0	  0	  1	  0	  0	  1	  1	  0	 24	  0	  0	  0	  4	  1	  8	 38	  0	  0	 23	  1	  4	 16	 29	  1	  0	  0	  0	  0	  8	  0	  0	  5	  6	  1	  6	  0	  0	  0	  0	  0	  0	  1	  6	  1	  0	  0	  0	  0	  0	  0	  0	  1	  3	  0	  0	  0	  0	  1	  0	  0	  0	  0	  5	  0	  0	  0	  0	  1	  0	  0	  0	  4	  0	  0	  1	  0	  2	  0	  0	  0	  0	  0	  7	  0	  0	  0	  0	  0	  0	  0	  0	  0	  0	  0	  0	  0	  0	  0	  0	  0	  0	 17	  0	 40	  0	  0	  0	  0	  0	  0	  0	  0	  0	  0	  0	  0	  6	 14	  0	  0	  0	  0	  0	  0	  0	  0	462	  0	  1	  1	  0	  1	137
M_T4_R4_S2_ITS_S263	 98	  0	  0	  0	  0	  2	  0	  0	  4	  0	  0	  0	 66	  0	  3	  0	  0	  0	  1	  0	  7	 10	  2	  1	  0	  0	 61	  0	  0	  2	  0	  0	  0	  0	  0	  2	  0	  0	  1	  0	  0	  2	  0	  3	  0	  5	  0	  0	  0	  0	  0	  0	  0	  0	  0	  0	  0	  0	  6	  0	  7	  0	  0	  0	 26	  6	  0	 12	  0	  0	  0	  0	  0	  0	 16	  0	  0	  0	  2	 22	  0	  0	  0	  0	  0	  0	  0	 14	  0	  0	  0	  0	  0	  0	  0	  0	  1	  0	  0	  0	  0	  0	  0	  0	  0	  0	 16	  0	  0	  0	  5	 29	  0	  0	  3	  0	  5	  2	 14	  3	  1	  2	  3	 20	 24	 28	  0	  9	  0	  4	  8	  0	  0	 10	 51	  4	  0	  0	 10	  0	  2	  0	  3	 39	  8	  5	  5	  0	  0	  0	  0	  0	  0	  1	  0	  0	  0	  0	  1	  3	  0	110	  0	245	  0	  0	  1	  1	 15	  4	  0	 80	  0	  0	  5	 34	  0	  1	  0	  0	  0	  0	  0	  0	  5	 18	  9	  6	  0	  1	  0	  0	  3	  0	  0	  5	  0	  0	  0	  0	  0	  0	  0	  0	  0	  0	  0	  0	  0	  2	 18	  0	  0	  0	  0	  0	  0	  0	  0	  0	  0	  0	 65	  0	  0	  0	  0	  3	  0	  0	  1	  0	  0	  0	  0	  0	  0	  0	  0	  0	  0	  0	  0	  0	  0	  7	  0	  0	  0	  0	  0	  0	  0	  0	  8	  0	 18	  0	  0	  0	  0	  0	  0	  0	  0	  0	  0	  0	  0	  0	  0	  0	  0	  0	  0	  0	  0	  0	  4	195	  0	  0	  2	  0	  0	 98
M_T4_R4_S3_ITS_S265	160	  0	  0	  0	  6	 12	  3	  0	  5	  4	  0	  0	 29	  0	 12	  0	  0	  0	  0	  0	  0	  0	 11	  0	  0	  0	  5	 12	  0	  0	  0	  0	  0	  0	  0	  7	  4	  0	  0	  0	  0	  0	  0	  0	  0	  0	  0	  0	  0	  0	  0	  0	  0	  0	  0	  0	  0	  0	 22	  0	  8	  0	  0	  3	 67	 12	  0	  9	  6	  0	  0	  0	  0	  0	 25	  0	  3	  0	  1	  1	  0	  0	  0	  0	  0	  0	  0	 69	  0	  6	  0	  0	  0	  0	  5	  0	  0	  1	  5	  0	  0	224	  0	  0	 34	  0	  0	  0	  0	  0	  0	 11	  0	  0	  5	  0	  9	  0	  5	  6	  0	  1	  0	  3	  1	  1	  0	  5	  0	 12	  4	  0	  1	  7	 10	  0	  0	  0	  1	  0	  0	  0	  0	 26	  0	  2	  4	  0	  0	  0	  0	  1	  0	  0	  0	  0	  0	  0	  0	  0	  0	 15	  0	  0	  0	  0	  0	  0	 23	  1	  0	  3	  0	  0	 10	 21	  3	  3	  0	  0	  0	  8	  0	  0	  3	155	  0	  3	  2	  0	  0	  0	  0	  0	  0	  7	  0	  0	  0	  0	  0	  0	  0	  0	  0	  1	  0	  0	  0	  0	  0	  0	  0	  0	  0	  0	  0	  0	  0	  0	  0	  0	  0	  0	  0	  0	  0	  1	  0	  0	  0	  0	  0	  0	  0	  0	  0	  0	  0	  0	  0	  0	  0	  0	  0	  0	  2	  0	  0	  0	  0	  0	  0	  0	  3	  0	 34	  0	  0	  0	  0	  0	  0	  0	  0	  0	  0	  0	  0	  0	 27	  0	  0	  0	  0	  0	  1	  0	  0	126	  0	  0	  0	  0	  0	326
