Samples	k__Fungi;__;__;__;__;__	k__Fungi;p__Ascomycota;__;__;__;__	k__Fungi;p__Ascomycota;c__Dothideomycetes;o__Botryosphaeriales;f__Botryosphaeriaceae;g__Macrophomina	k__Fungi;p__Ascomycota;c__Dothideomycetes;o__Capnodiales;f__Cladosporiaceae;g__Cladosporium	k__Fungi;p__Ascomycota;c__Dothideomycetes;o__Capnodiales;f__Mycosphaerellaceae;__	k__Fungi;p__Ascomycota;c__Dothideomycetes;o__Capnodiales;f__Teratosphaeriaceae;g__Devriesia	k__Fungi;p__Ascomycota;c__Dothideomycetes;o__Pleosporales;__;__	k__Fungi;p__Ascomycota;c__Dothideomycetes;o__Pleosporales;f__Coniothyriaceae;g__Coniothyrium	k__Fungi;p__Ascomycota;c__Dothideomycetes;o__Pleosporales;f__Corynesporascaceae;g__Corynespora	k__Fungi;p__Ascomycota;c__Dothideomycetes;o__Pleosporales;f__Cucurbitariaceae;g__Pyrenochaeta	k__Fungi;p__Ascomycota;c__Dothideomycetes;o__Pleosporales;f__Cucurbitariaceae;g__Pyrenochaetopsis	k__Fungi;p__Ascomycota;c__Dothideomycetes;o__Pleosporales;f__Dictyosporiaceae;g__Dictyosporium	k__Fungi;p__Ascomycota;c__Dothideomycetes;o__Pleosporales;f__Didymellaceae;__	k__Fungi;p__Ascomycota;c__Dothideomycetes;o__Pleosporales;f__Didymellaceae;g__Peyronellaea	k__Fungi;p__Ascomycota;c__Dothideomycetes;o__Pleosporales;f__Didymellaceae;g__unidentified	k__Fungi;p__Ascomycota;c__Dothideomycetes;o__Pleosporales;f__Didymosphaeriaceae;g__Aporospora	k__Fungi;p__Ascomycota;c__Dothideomycetes;o__Pleosporales;f__Didymosphaeriaceae;g__Paraphaeosphaeria	k__Fungi;p__Ascomycota;c__Dothideomycetes;o__Pleosporales;f__Didymosphaeriaceae;g__Verrucoconiothyrium	k__Fungi;p__Ascomycota;c__Dothideomycetes;o__Pleosporales;f__Leptosphaeriaceae;g__Leptosphaeria	k__Fungi;p__Ascomycota;c__Dothideomycetes;o__Pleosporales;f__Leptosphaeriaceae;g__Plenodomus	k__Fungi;p__Ascomycota;c__Dothideomycetes;o__Pleosporales;f__Melanommataceae;__	k__Fungi;p__Ascomycota;c__Dothideomycetes;o__Pleosporales;f__Melanommataceae;g__Melanodiplodia	k__Fungi;p__Ascomycota;c__Dothideomycetes;o__Pleosporales;f__Periconiaceae;g__Periconia	k__Fungi;p__Ascomycota;c__Dothideomycetes;o__Pleosporales;f__Phaeosphaeriaceae;__	k__Fungi;p__Ascomycota;c__Dothideomycetes;o__Pleosporales;f__Phaeosphaeriaceae;g__Leptospora	k__Fungi;p__Ascomycota;c__Dothideomycetes;o__Pleosporales;f__Phaeosphaeriaceae;g__Neosetophoma	k__Fungi;p__Ascomycota;c__Dothideomycetes;o__Pleosporales;f__Phaeosphaeriaceae;g__Ophiosphaerella	k__Fungi;p__Ascomycota;c__Dothideomycetes;o__Pleosporales;f__Phaeosphaeriaceae;g__Phaeosphaeria	k__Fungi;p__Ascomycota;c__Dothideomycetes;o__Pleosporales;f__Phaeosphaeriaceae;g__Sclerostagonospora	k__Fungi;p__Ascomycota;c__Dothideomycetes;o__Pleosporales;f__Phaeosphaeriaceae;g__Setophoma	k__Fungi;p__Ascomycota;c__Dothideomycetes;o__Pleosporales;f__Phaeosphaeriaceae;g__unidentified	k__Fungi;p__Ascomycota;c__Dothideomycetes;o__Pleosporales;f__Pleomassariaceae;g__Tumularia	k__Fungi;p__Ascomycota;c__Dothideomycetes;o__Pleosporales;f__Pleosporaceae;g__Alternaria	k__Fungi;p__Ascomycota;c__Dothideomycetes;o__Pleosporales;f__Pleosporaceae;g__Bipolaris	k__Fungi;p__Ascomycota;c__Dothideomycetes;o__Pleosporales;f__Pleosporaceae;g__Curvularia	k__Fungi;p__Ascomycota;c__Dothideomycetes;o__Pleosporales;f__Pleosporaceae;g__Dendryphiella	k__Fungi;p__Ascomycota;c__Dothideomycetes;o__Pleosporales;f__Pleosporaceae;g__Drechslera	k__Fungi;p__Ascomycota;c__Dothideomycetes;o__Pleosporales;f__Pleosporales_fam_Incertae_sedis;g__Pseudorobillarda	k__Fungi;p__Ascomycota;c__Dothideomycetes;o__Pleosporales;f__Sporormiaceae;__	k__Fungi;p__Ascomycota;c__Dothideomycetes;o__Pleosporales;f__Sporormiaceae;g__Preussia	k__Fungi;p__Ascomycota;c__Dothideomycetes;o__Pleosporales;f__Sporormiaceae;g__Westerdykella	k__Fungi;p__Ascomycota;c__Dothideomycetes;o__Pleosporales;f__Tetraplosphaeriaceae;g__Tetraplosphaeria	k__Fungi;p__Ascomycota;c__Dothideomycetes;o__Pleosporales;f__Torulaceae;g__Dendryphion	k__Fungi;p__Ascomycota;c__Dothideomycetes;o__Pleosporales;f__Torulaceae;g__Torula	k__Fungi;p__Ascomycota;c__Dothideomycetes;o__Pleosporales;f__unidentified;g__unidentified	k__Fungi;p__Ascomycota;c__Dothideomycetes;o__Tubeufiales;f__Tubeufiaceae;g__Helicosporium	k__Fungi;p__Ascomycota;c__Dothideomycetes;o__Tubeufiales;f__Tubeufiaceae;g__unidentified	k__Fungi;p__Ascomycota;c__Dothideomycetes;o__Venturiales;f__Sympoventuriaceae;g__Troposporella	k__Fungi;p__Ascomycota;c__Eurotiomycetes;o__Chaetothyriales;f__Chaetothyriaceae;g__unidentified	k__Fungi;p__Ascomycota;c__Eurotiomycetes;o__Chaetothyriales;f__Cyphellophoraceae;g__Cyphellophora	k__Fungi;p__Ascomycota;c__Eurotiomycetes;o__Chaetothyriales;f__Herpotrichiellaceae;__	k__Fungi;p__Ascomycota;c__Eurotiomycetes;o__Chaetothyriales;f__Herpotrichiellaceae;g__Cladophialophora	k__Fungi;p__Ascomycota;c__Eurotiomycetes;o__Chaetothyriales;f__Herpotrichiellaceae;g__Exophiala	k__Fungi;p__Ascomycota;c__Eurotiomycetes;o__Chaetothyriales;f__Herpotrichiellaceae;g__unidentified	k__Fungi;p__Ascomycota;c__Eurotiomycetes;o__Eurotiales;f__Aspergillaceae;__	k__Fungi;p__Ascomycota;c__Eurotiomycetes;o__Eurotiales;f__Aspergillaceae;g__Aspergillus	k__Fungi;p__Ascomycota;c__Eurotiomycetes;o__Eurotiales;f__Aspergillaceae;g__Penicillium	k__Fungi;p__Ascomycota;c__Eurotiomycetes;o__Eurotiales;f__Aspergillaceae;g__unidentified	k__Fungi;p__Ascomycota;c__Eurotiomycetes;o__Eurotiales;f__Trichocomaceae;g__Sagenomella	k__Fungi;p__Ascomycota;c__Eurotiomycetes;o__Eurotiales;f__Trichocomaceae;g__Talaromyces	k__Fungi;p__Ascomycota;c__Eurotiomycetes;o__Onygenales;__;__	k__Fungi;p__Ascomycota;c__Eurotiomycetes;o__Onygenales;f__Onygenaceae;g__Aphanoascus	k__Fungi;p__Ascomycota;c__Eurotiomycetes;o__Onygenales;f__unidentified;g__unidentified	k__Fungi;p__Ascomycota;c__Leotiomycetes;__;__;__	k__Fungi;p__Ascomycota;c__Leotiomycetes;o__Helotiales;__;__	k__Fungi;p__Ascomycota;c__Leotiomycetes;o__Helotiales;f__Dermateaceae;g__Mollisia	k__Fungi;p__Ascomycota;c__Leotiomycetes;o__Helotiales;f__Helotiaceae;__	k__Fungi;p__Ascomycota;c__Leotiomycetes;o__Helotiales;f__Helotiaceae;g__Articulospora	k__Fungi;p__Ascomycota;c__Leotiomycetes;o__Helotiales;f__Helotiaceae;g__Hymenoscyphus	k__Fungi;p__Ascomycota;c__Leotiomycetes;o__Helotiales;f__Helotiaceae;g__Infundichalara	k__Fungi;p__Ascomycota;c__Leotiomycetes;o__Helotiales;f__Helotiaceae;g__Scytalidium	k__Fungi;p__Ascomycota;c__Leotiomycetes;o__Helotiales;f__Helotiaceae;g__Tetracladium	k__Fungi;p__Ascomycota;c__Leotiomycetes;o__Helotiales;f__Helotiaceae;g__unidentified	k__Fungi;p__Ascomycota;c__Leotiomycetes;o__Helotiales;f__Helotiales_fam_Incertae_sedis;g__Cadophora	k__Fungi;p__Ascomycota;c__Leotiomycetes;o__Helotiales;f__Helotiales_fam_Incertae_sedis;g__Leohumicola	k__Fungi;p__Ascomycota;c__Leotiomycetes;o__Helotiales;f__Helotiales_fam_Incertae_sedis;g__Mycoarthris	k__Fungi;p__Ascomycota;c__Leotiomycetes;o__Helotiales;f__Hyaloscyphaceae;g__Lachnum	k__Fungi;p__Ascomycota;c__Leotiomycetes;o__Helotiales;f__Leotiaceae;g__Neobulgaria	k__Fungi;p__Ascomycota;c__Leotiomycetes;o__Helotiales;f__Myxotrichaceae;g__Oidiodendron	k__Fungi;p__Ascomycota;c__Leotiomycetes;o__Helotiales;f__Sclerotiniaceae;g__Pycnopeziza	k__Fungi;p__Ascomycota;c__Leotiomycetes;o__Helotiales;f__Vibrisseaceae;g__Phialocephala	k__Fungi;p__Ascomycota;c__Leotiomycetes;o__Helotiales;f__unidentified;g__unidentified	k__Fungi;p__Ascomycota;c__Leotiomycetes;o__Thelebolales;f__Pseudeurotiaceae;g__Pseudeurotium	k__Fungi;p__Ascomycota;c__Leotiomycetes;o__Thelebolales;f__Pseudeurotiaceae;g__Pseudogymnoascus	k__Fungi;p__Ascomycota;c__Orbiliomycetes;o__Orbiliales;f__Orbiliaceae;g__Arthrobotrys	k__Fungi;p__Ascomycota;c__Orbiliomycetes;o__Orbiliales;f__Orbiliales_fam_Incertae_sedis;g__Vermispora	k__Fungi;p__Ascomycota;c__Orbiliomycetes;o__Orbiliales;f__unidentified;g__unidentified	k__Fungi;p__Ascomycota;c__Pezizomycetes;o__Pezizales;__;__	k__Fungi;p__Ascomycota;c__Pezizomycetes;o__Pezizales;f__Ascobolaceae;__	k__Fungi;p__Ascomycota;c__Pezizomycetes;o__Pezizales;f__Ascobolaceae;g__Ascobolus	k__Fungi;p__Ascomycota;c__Pezizomycetes;o__Pezizales;f__Ascodesmidaceae;g__Cephaliophora	k__Fungi;p__Ascomycota;c__Pezizomycetes;o__Pezizales;f__Pezizaceae;__	k__Fungi;p__Ascomycota;c__Pezizomycetes;o__Pezizales;f__Pezizaceae;g__Peziza	k__Fungi;p__Ascomycota;c__Pezizomycetes;o__Pezizales;f__Pezizaceae;g__unidentified	k__Fungi;p__Ascomycota;c__Pezizomycetes;o__Pezizales;f__Pyronemataceae;g__Cheilymenia	k__Fungi;p__Ascomycota;c__Pezizomycetes;o__Pezizales;f__Pyronemataceae;g__Pseudaleuria	k__Fungi;p__Ascomycota;c__Pezizomycetes;o__Pezizales;f__Pyronemataceae;g__Scutellinia	k__Fungi;p__Ascomycota;c__Pezizomycetes;o__Pezizales;f__Pyronemataceae;g__unidentified	k__Fungi;p__Ascomycota;c__Pezizomycotina_cls_Incertae_sedis;o__Pezizomycotina_ord_Incertae_sedis;f__Pezizomycotina_fam_Incertae_sedis;g__Hymenula	k__Fungi;p__Ascomycota;c__Saccharomycetes;o__Saccharomycetales;f__Lipomycetaceae;g__Lipomyces	k__Fungi;p__Ascomycota;c__Saccharomycetes;o__Saccharomycetales;f__Phaffomycetaceae;g__Cyberlindnera	k__Fungi;p__Ascomycota;c__Saccharomycetes;o__Saccharomycetales;f__Saccharomycetales_fam_Incertae_sedis;g__Candida	k__Fungi;p__Ascomycota;c__Saccharomycetes;o__Saccharomycetales;f__unidentified;g__unidentified	k__Fungi;p__Ascomycota;c__Sordariomycetes;__;__;__	k__Fungi;p__Ascomycota;c__Sordariomycetes;o__Chaetosphaeriales;f__Chaetosphaeriaceae;__	k__Fungi;p__Ascomycota;c__Sordariomycetes;o__Chaetosphaeriales;f__Chaetosphaeriaceae;g__Chaetosphaeria	k__Fungi;p__Ascomycota;c__Sordariomycetes;o__Chaetosphaeriales;f__Chaetosphaeriaceae;g__Sporoschisma	k__Fungi;p__Ascomycota;c__Sordariomycetes;o__Chaetosphaeriales;f__Chaetosphaeriaceae;g__unidentified	k__Fungi;p__Ascomycota;c__Sordariomycetes;o__Coniochaetales;f__Coniochaetaceae;__	k__Fungi;p__Ascomycota;c__Sordariomycetes;o__Coniochaetales;f__Coniochaetaceae;g__Coniochaeta	k__Fungi;p__Ascomycota;c__Sordariomycetes;o__Coniochaetales;f__Coniochaetaceae;g__Lecythophora	k__Fungi;p__Ascomycota;c__Sordariomycetes;o__Diaporthales;f__Diaporthaceae;g__Stenocarpella	k__Fungi;p__Ascomycota;c__Sordariomycetes;o__Glomerellales;f__Glomerellaceae;g__Colletotrichum	k__Fungi;p__Ascomycota;c__Sordariomycetes;o__Glomerellales;f__Plectosphaerellaceae;__	k__Fungi;p__Ascomycota;c__Sordariomycetes;o__Glomerellales;f__Plectosphaerellaceae;g__Lectera	k__Fungi;p__Ascomycota;c__Sordariomycetes;o__Glomerellales;f__Plectosphaerellaceae;g__Plectosphaerella	k__Fungi;p__Ascomycota;c__Sordariomycetes;o__Glomerellales;f__Plectosphaerellaceae;g__unidentified	k__Fungi;p__Ascomycota;c__Sordariomycetes;o__Hypocreales;__;__	k__Fungi;p__Ascomycota;c__Sordariomycetes;o__Hypocreales;f__Bionectriaceae;g__Clonostachys	k__Fungi;p__Ascomycota;c__Sordariomycetes;o__Hypocreales;f__Bionectriaceae;g__Valsonectria	k__Fungi;p__Ascomycota;c__Sordariomycetes;o__Hypocreales;f__Clavicipitaceae;g__Metapochonia	k__Fungi;p__Ascomycota;c__Sordariomycetes;o__Hypocreales;f__Clavicipitaceae;g__Metarhizium	k__Fungi;p__Ascomycota;c__Sordariomycetes;o__Hypocreales;f__Clavicipitaceae;g__unidentified	k__Fungi;p__Ascomycota;c__Sordariomycetes;o__Hypocreales;f__Hypocreaceae;__	k__Fungi;p__Ascomycota;c__Sordariomycetes;o__Hypocreales;f__Hypocreaceae;g__Trichoderma	k__Fungi;p__Ascomycota;c__Sordariomycetes;o__Hypocreales;f__Hypocreales_fam_Incertae_sedis;g__Acremonium	k__Fungi;p__Ascomycota;c__Sordariomycetes;o__Hypocreales;f__Hypocreales_fam_Incertae_sedis;g__Sarocladium	k__Fungi;p__Ascomycota;c__Sordariomycetes;o__Hypocreales;f__Nectriaceae;__	k__Fungi;p__Ascomycota;c__Sordariomycetes;o__Hypocreales;f__Nectriaceae;g__Acremoniopsis	k__Fungi;p__Ascomycota;c__Sordariomycetes;o__Hypocreales;f__Nectriaceae;g__Cosmospora	k__Fungi;p__Ascomycota;c__Sordariomycetes;o__Hypocreales;f__Nectriaceae;g__Cylindrocarpon	k__Fungi;p__Ascomycota;c__Sordariomycetes;o__Hypocreales;f__Nectriaceae;g__Fusarium	k__Fungi;p__Ascomycota;c__Sordariomycetes;o__Hypocreales;f__Nectriaceae;g__Fusicolla	k__Fungi;p__Ascomycota;c__Sordariomycetes;o__Hypocreales;f__Nectriaceae;g__Mariannaea	k__Fungi;p__Ascomycota;c__Sordariomycetes;o__Hypocreales;f__Nectriaceae;g__Stephanonectria	k__Fungi;p__Ascomycota;c__Sordariomycetes;o__Hypocreales;f__Nectriaceae;g__Volutella	k__Fungi;p__Ascomycota;c__Sordariomycetes;o__Hypocreales;f__Niessliaceae;g__Eucasphaeria	k__Fungi;p__Ascomycota;c__Sordariomycetes;o__Hypocreales;f__Ophiocordycipitaceae;g__Purpureocillium	k__Fungi;p__Ascomycota;c__Sordariomycetes;o__Hypocreales;f__Stachybotryaceae;g__Achroiostachys	k__Fungi;p__Ascomycota;c__Sordariomycetes;o__Hypocreales;f__Stachybotryaceae;g__Myrothecium	k__Fungi;p__Ascomycota;c__Sordariomycetes;o__Hypocreales;f__Stachybotryaceae;g__Stachybotrys	k__Fungi;p__Ascomycota;c__Sordariomycetes;o__Hypocreales;f__Stachybotryaceae;g__unidentified	k__Fungi;p__Ascomycota;c__Sordariomycetes;o__Hypocreales;f__unidentified;g__unidentified	k__Fungi;p__Ascomycota;c__Sordariomycetes;o__Magnaporthales;f__Magnaporthaceae;g__Gaeumannomyces	k__Fungi;p__Ascomycota;c__Sordariomycetes;o__Microascales;f__Halosphaeriaceae;g__unidentified	k__Fungi;p__Ascomycota;c__Sordariomycetes;o__Microascales;f__Microascaceae;g__Acaulium	k__Fungi;p__Ascomycota;c__Sordariomycetes;o__Myrmecridiales;f__Myrmecridiaceae;g__Myrmecridium	k__Fungi;p__Ascomycota;c__Sordariomycetes;o__Sordariales;__;__	k__Fungi;p__Ascomycota;c__Sordariomycetes;o__Sordariales;f__Chaetomiaceae;__	k__Fungi;p__Ascomycota;c__Sordariomycetes;o__Sordariales;f__Chaetomiaceae;g__Arcopilus	k__Fungi;p__Ascomycota;c__Sordariomycetes;o__Sordariales;f__Chaetomiaceae;g__Chaetomidium	k__Fungi;p__Ascomycota;c__Sordariomycetes;o__Sordariales;f__Chaetomiaceae;g__Chaetomium	k__Fungi;p__Ascomycota;c__Sordariomycetes;o__Sordariales;f__Chaetomiaceae;g__Dichotomopilus	k__Fungi;p__Ascomycota;c__Sordariomycetes;o__Sordariales;f__Chaetomiaceae;g__Trichocladium	k__Fungi;p__Ascomycota;c__Sordariomycetes;o__Sordariales;f__Chaetomiaceae;g__Zopfiella	k__Fungi;p__Ascomycota;c__Sordariomycetes;o__Sordariales;f__Chaetomiaceae;g__unidentified	k__Fungi;p__Ascomycota;c__Sordariomycetes;o__Sordariales;f__Lasiosphaeriaceae;__	k__Fungi;p__Ascomycota;c__Sordariomycetes;o__Sordariales;f__Lasiosphaeriaceae;g__Apodus	k__Fungi;p__Ascomycota;c__Sordariomycetes;o__Sordariales;f__Lasiosphaeriaceae;g__Cercophora	k__Fungi;p__Ascomycota;c__Sordariomycetes;o__Sordariales;f__Lasiosphaeriaceae;g__Cladorrhinum	k__Fungi;p__Ascomycota;c__Sordariomycetes;o__Sordariales;f__Lasiosphaeriaceae;g__Echria	k__Fungi;p__Ascomycota;c__Sordariomycetes;o__Sordariales;f__Lasiosphaeriaceae;g__Podospora	k__Fungi;p__Ascomycota;c__Sordariomycetes;o__Sordariales;f__Lasiosphaeriaceae;g__Schizothecium	k__Fungi;p__Ascomycota;c__Sordariomycetes;o__Sordariales;f__Lasiosphaeriaceae;g__unidentified	k__Fungi;p__Ascomycota;c__Sordariomycetes;o__Sordariales;f__Sordariaceae;__	k__Fungi;p__Ascomycota;c__Sordariomycetes;o__Sordariales;f__Sordariales_fam_Incertae_sedis;g__Conlarium	k__Fungi;p__Ascomycota;c__Sordariomycetes;o__Sordariales;f__Sordariales_fam_Incertae_sedis;g__Staphylotrichum	k__Fungi;p__Ascomycota;c__Sordariomycetes;o__Sordariales;f__unidentified;g__unidentified	k__Fungi;p__Ascomycota;c__Sordariomycetes;o__Trichosphaeriales;f__Trichosphaeriaceae;g__Nigrospora	k__Fungi;p__Ascomycota;c__Sordariomycetes;o__Xylariales;__;__	k__Fungi;p__Ascomycota;c__Sordariomycetes;o__Xylariales;f__Microdochiaceae;g__Idriella	k__Fungi;p__Ascomycota;c__Sordariomycetes;o__Xylariales;f__Microdochiaceae;g__Microdochium	k__Fungi;p__Ascomycota;c__Sordariomycetes;o__Xylariales;f__Xylariaceae;g__Biscogniauxia	k__Fungi;p__Ascomycota;c__Sordariomycetes;o__Xylariales;f__Xylariaceae;g__Nemania	k__Fungi;p__Ascomycota;c__Sordariomycetes;o__Xylariales;f__Xylariaceae;g__Xylaria	k__Fungi;p__Basidiobolomycota;c__Basidiobolomycetes;o__Basidiobolales;f__Basidiobolaceae;g__Basidiobolus	k__Fungi;p__Basidiomycota;__;__;__;__	k__Fungi;p__Basidiomycota;c__Agaricomycetes;__;__;__	k__Fungi;p__Basidiomycota;c__Agaricomycetes;o__Agaricales;__;__	k__Fungi;p__Basidiomycota;c__Agaricomycetes;o__Agaricales;f__Agaricaceae;g__Agaricus	k__Fungi;p__Basidiomycota;c__Agaricomycetes;o__Agaricales;f__Agaricaceae;g__Coprinus	k__Fungi;p__Basidiomycota;c__Agaricomycetes;o__Agaricales;f__Bolbitiaceae;g__Bolbitius	k__Fungi;p__Basidiomycota;c__Agaricomycetes;o__Agaricales;f__Bolbitiaceae;g__Conocybe	k__Fungi;p__Basidiomycota;c__Agaricomycetes;o__Agaricales;f__Cortinariaceae;g__Cortinarius	k__Fungi;p__Basidiomycota;c__Agaricomycetes;o__Agaricales;f__Entolomataceae;g__Clitopilus	k__Fungi;p__Basidiomycota;c__Agaricomycetes;o__Agaricales;f__Entolomataceae;g__Entoloma	k__Fungi;p__Basidiomycota;c__Agaricomycetes;o__Agaricales;f__Lycoperdaceae;__	k__Fungi;p__Basidiomycota;c__Agaricomycetes;o__Agaricales;f__Lycoperdaceae;g__Calvatia	k__Fungi;p__Basidiomycota;c__Agaricomycetes;o__Agaricales;f__Lycoperdaceae;g__Lycoperdon	k__Fungi;p__Basidiomycota;c__Agaricomycetes;o__Agaricales;f__Mycenastraceae;g__Mycenastrum	k__Fungi;p__Basidiomycota;c__Agaricomycetes;o__Agaricales;f__Omphalotaceae;g__Gymnopus	k__Fungi;p__Basidiomycota;c__Agaricomycetes;o__Agaricales;f__Psathyrellaceae;g__Coprinellus	k__Fungi;p__Basidiomycota;c__Agaricomycetes;o__Agaricales;f__Psathyrellaceae;g__Coprinopsis	k__Fungi;p__Basidiomycota;c__Agaricomycetes;o__Agaricales;f__Psathyrellaceae;g__Parasola	k__Fungi;p__Basidiomycota;c__Agaricomycetes;o__Agaricales;f__Psathyrellaceae;g__Psathyrella	k__Fungi;p__Basidiomycota;c__Agaricomycetes;o__Agaricales;f__Strophariaceae;g__Hypholoma	k__Fungi;p__Basidiomycota;c__Agaricomycetes;o__Agaricales;f__Strophariaceae;g__Psilocybe	k__Fungi;p__Basidiomycota;c__Agaricomycetes;o__Agaricales;f__Strophariaceae;g__Stropharia	k__Fungi;p__Basidiomycota;c__Agaricomycetes;o__Agaricales;f__Strophariaceae;g__Tubaria	k__Fungi;p__Basidiomycota;c__Agaricomycetes;o__Agaricales;f__Tricholomataceae;g__unidentified	k__Fungi;p__Basidiomycota;c__Agaricomycetes;o__Agaricales;f__Typhulaceae;g__Typhula	k__Fungi;p__Basidiomycota;c__Agaricomycetes;o__Agaricales;f__unidentified;g__unidentified	k__Fungi;p__Basidiomycota;c__Agaricomycetes;o__Atheliales;f__Atheliaceae;g__Athelia	k__Fungi;p__Basidiomycota;c__Agaricomycetes;o__Auriculariales;__;__	k__Fungi;p__Basidiomycota;c__Agaricomycetes;o__Auriculariales;f__Exidiaceae;g__unidentified	k__Fungi;p__Basidiomycota;c__Agaricomycetes;o__Boletales;f__Coniophoraceae;g__Coniophora	k__Fungi;p__Basidiomycota;c__Agaricomycetes;o__Boletales;f__Suillaceae;g__Suillus	k__Fungi;p__Basidiomycota;c__Agaricomycetes;o__Cantharellales;f__Cantharellales_fam_Incertae_sedis;g__Minimedusa	k__Fungi;p__Basidiomycota;c__Agaricomycetes;o__Cantharellales;f__Cantharellales_fam_Incertae_sedis;g__Sistotrema	k__Fungi;p__Basidiomycota;c__Agaricomycetes;o__Cantharellales;f__Ceratobasidiaceae;g__Waitea	k__Fungi;p__Basidiomycota;c__Agaricomycetes;o__Cantharellales;f__Ceratobasidiaceae;g__unidentified	k__Fungi;p__Basidiomycota;c__Agaricomycetes;o__Hymenochaetales;f__Schizoporaceae;g__Hyphodontia	k__Fungi;p__Basidiomycota;c__Agaricomycetes;o__Phallales;f__Phallaceae;g__Lysurus	k__Fungi;p__Basidiomycota;c__Agaricomycetes;o__Phallales;f__Phallaceae;g__Phallus	k__Fungi;p__Basidiomycota;c__Agaricomycetes;o__Polyporales;f__Ganodermataceae;g__Ganoderma	k__Fungi;p__Basidiomycota;c__Agaricomycetes;o__Polyporales;f__Meripilaceae;g__Rigidoporus	k__Fungi;p__Basidiomycota;c__Agaricomycetes;o__Sebacinales;__;__	k__Fungi;p__Basidiomycota;c__Agaricomycetes;o__Sebacinales;f__Sebacinaceae;g__unidentified	k__Fungi;p__Basidiomycota;c__Agaricomycetes;o__Sebacinales;f__Serendipitaceae;g__unidentified	k__Fungi;p__Basidiomycota;c__Agaricomycetes;o__Thelephorales;f__Thelephoraceae;__	k__Fungi;p__Basidiomycota;c__Agaricomycetes;o__Thelephorales;f__Thelephoraceae;g__Amaurodon	k__Fungi;p__Basidiomycota;c__Agaricomycetes;o__unidentified;f__unidentified;g__unidentified	k__Fungi;p__Basidiomycota;c__Agaricostilbomycetes;o__Agaricostilbales;f__Chionosphaeraceae;__	k__Fungi;p__Basidiomycota;c__Agaricostilbomycetes;o__Agaricostilbales;f__Chionosphaeraceae;g__Ballistosporomyces	k__Fungi;p__Basidiomycota;c__Agaricostilbomycetes;o__Agaricostilbales;f__Chionosphaeraceae;g__Kurtzmanomyces	k__Fungi;p__Basidiomycota;c__Malasseziomycetes;o__Malasseziales;f__Malasseziaceae;g__Malassezia	k__Fungi;p__Basidiomycota;c__Microbotryomycetes;__;__;__	k__Fungi;p__Basidiomycota;c__Microbotryomycetes;o__Leucosporidiales;f__Leucosporidiaceae;g__Leucosporidium	k__Fungi;p__Basidiomycota;c__Microbotryomycetes;o__Leucosporidiales;f__unidentified;g__unidentified	k__Fungi;p__Basidiomycota;c__Microbotryomycetes;o__Microbotryomycetes_ord_Incertae_sedis;f__Chrysozymaceae;g__Udeniozyma	k__Fungi;p__Basidiomycota;c__Microbotryomycetes;o__Sporidiobolales;f__Sporidiobolaceae;g__Rhodotorula	k__Fungi;p__Basidiomycota;c__Microbotryomycetes;o__Sporidiobolales;f__Sporidiobolaceae;g__Sporobolomyces	k__Fungi;p__Basidiomycota;c__Pucciniomycetes;o__Platygloeales;__;__	k__Fungi;p__Basidiomycota;c__Tremellomycetes;__;__;__	k__Fungi;p__Basidiomycota;c__Tremellomycetes;o__Cystofilobasidiales;f__Cystofilobasidiaceae;g__Cystofilobasidium	k__Fungi;p__Basidiomycota;c__Tremellomycetes;o__Cystofilobasidiales;f__Mrakiaceae;g__Mrakia	k__Fungi;p__Basidiomycota;c__Tremellomycetes;o__Cystofilobasidiales;f__Mrakiaceae;g__Tausonia	k__Fungi;p__Basidiomycota;c__Tremellomycetes;o__Filobasidiales;f__Filobasidiaceae;g__Goffeauzyma	k__Fungi;p__Basidiomycota;c__Tremellomycetes;o__Filobasidiales;f__Filobasidiaceae;g__Heterocephalacria	k__Fungi;p__Basidiomycota;c__Tremellomycetes;o__Filobasidiales;f__Piskurozymaceae;g__Solicoccozyma	k__Fungi;p__Basidiomycota;c__Tremellomycetes;o__Tremellales;__;__	k__Fungi;p__Basidiomycota;c__Tremellomycetes;o__Tremellales;f__Bulleribasidiaceae;g__Dioszegia	k__Fungi;p__Basidiomycota;c__Tremellomycetes;o__Tremellales;f__Bulleribasidiaceae;g__Hannaella	k__Fungi;p__Basidiomycota;c__Tremellomycetes;o__Tremellales;f__Tremellaceae;g__Bulleromyces	k__Fungi;p__Basidiomycota;c__Tremellomycetes;o__Tremellales;f__Tremellaceae;g__Cryptococcus	k__Fungi;p__Basidiomycota;c__Tremellomycetes;o__Tremellales;f__Tremellales_fam_Incertae_sedis;g__Cuniculitrema	k__Fungi;p__Basidiomycota;c__Tremellomycetes;o__Tremellales;f__Trimorphomycetaceae;g__Saitozyma	k__Fungi;p__Basidiomycota;c__Tremellomycetes;o__Tremellales;f__unidentified;g__unidentified	k__Fungi;p__Basidiomycota;c__Tremellomycetes;o__Trichosporonales;f__Trichosporonaceae;g__Trichosporon	k__Fungi;p__Basidiomycota;c__Ustilaginomycetes;o__Ustilaginales;f__Ustilaginaceae;g__Ustilago	k__Fungi;p__Basidiomycota;c__unidentified;o__unidentified;f__unidentified;g__unidentified	k__Fungi;p__Blastocladiomycota;c__Blastocladiomycetes;o__Blastocladiales;f__Blastocladiaceae;g__Allomyces	k__Fungi;p__Chytridiomycota;__;__;__;__	k__Fungi;p__Chytridiomycota;c__Rhizophlyctidomycetes;o__Rhizophlyctidales;f__Rhizophlyctidaceae;g__Rhizophlyctis	k__Fungi;p__Chytridiomycota;c__Rhizophlyctidomycetes;o__Rhizophlyctidales;f__Sonoraphlyctidaceae;g__Sonoraphlyctis	k__Fungi;p__Chytridiomycota;c__Rhizophydiomycetes;o__Rhizophydiales;f__Rhizophydiaceae;g__Rhizophydium	k__Fungi;p__Chytridiomycota;c__Spizellomycetes;o__Spizellomycetales;f__Powellomycetaceae;g__Powellomyces	k__Fungi;p__Chytridiomycota;c__Spizellomycetes;o__Spizellomycetales;f__Spizellomycetaceae;g__Kochiomyces	k__Fungi;p__Chytridiomycota;c__Spizellomycetes;o__Spizellomycetales;f__Spizellomycetaceae;g__Spizellomyces	k__Fungi;p__Chytridiomycota;c__unidentified;o__unidentified;f__unidentified;g__unidentified	k__Fungi;p__Glomeromycota;c__Archaeosporomycetes;o__Archaeosporales;f__Archaeosporaceae;g__unidentified	k__Fungi;p__Glomeromycota;c__Glomeromycetes;o__Glomerales;f__Glomeraceae;__	k__Fungi;p__Glomeromycota;c__Glomeromycetes;o__Glomerales;f__Glomeraceae;g__Funneliformis	k__Fungi;p__Glomeromycota;c__Glomeromycetes;o__Glomerales;f__Glomeraceae;g__Glomus	k__Fungi;p__Glomeromycota;c__Glomeromycetes;o__Glomerales;f__Glomeraceae;g__unidentified	k__Fungi;p__Glomeromycota;c__Paraglomeromycetes;__;__;__	k__Fungi;p__Glomeromycota;c__Paraglomeromycetes;o__Paraglomerales;f__Paraglomeraceae;g__Paraglomus	k__Fungi;p__Kickxellomycota;c__Kickxellomycetes;o__Kickxellales;f__Kickxellaceae;g__Ramicandelaber	k__Fungi;p__Mortierellomycota;c__Mortierellomycetes;o__Mortierellales;f__Mortierellaceae;g__Mortierella	k__Fungi;p__Rozellomycota;__;__;__;__	k__Fungi;p__Rozellomycota;c__unidentified;o__unidentified;f__unidentified;g__unidentified	k__Fungi;p__Zoopagomycota;c__Zoopagomycetes;o__Zoopagales;f__Piptocephalidaceae;g__Syncephalis	k__Fungi;p__Zoopagomycota;c__unidentified;o__unidentified;f__unidentified;g__unidentified	k__Fungi;p__unidentified;c__unidentified;o__unidentified;f__unidentified;g__unidentified
U_T1_R1_S1_ITS_S97	107	  4	  1	  1	  1	  0	 13	  1	  1	  0	  0	  1	  1	  0	 11	  0	  0	  2	  0	  0	  0	 13	  8	  0	  0	  1	  0	  0	  0	  0	  0	  0	  1	  0	  0	  0	  0	  1	  1	  0	  0	  1	  0	  0	  1	  0	  0	  0	  0	  0	  0	  8	 31	  0	  0	  9	 24	  0	  6	 20	  0	  0	  0	  0	 13	  0	 15	  0	  0	  0	  8	 35	  2	  0	  0	  3	  0	 16	  1	  0	  5	  0	  0	  0	  1	  0	  0	  0	  0	  1	  0	  0	  4	  0	  0	  0	  0	  0	  0	  2	  0	  1	  0	  8	  0	  7	  0	  5	  8	139	 17	  0	  0	 19	  0	 13	  1	 12	  2	  0	  0	  4	  0	  0	 33	  2	  0	 11	  0	 21	  0	 24	  3	 11	  0	  0	  0	  2	  0	  0	  0	  0	  1	  0	  2	  0	  2	  5	 32	  2	  6	 35	  0	  4	  0	  5	 27	  0	  1	  0	  0	  0	  6	  0	  0	  1	  6	  0	  0	  0	  0	  0	  0	  0	  0	  0	  0	  0	  0	  0	  2	  0	  0	  3	  0	  0	  0	  1	  1	  0	  0	  0	  0	  0	  0	  0	  0	  0	  0	  0	  0	  0	  0	  0	  0	  0	  0	  6	  0	  0	  0	  1	  0	  0	  0	  0	  0	  0	  0	  2	  0	  1	  0	  0	  0	  0	  0	  1	  0	  2	  0	  1	  0	  0	  0	 28	 24	  0	  0	 35	  0	  0	  0	  0	  1	  0	  7	  0	  0	  0	  0	  0	  0	  0	  0	  0	  0	  0	  5	  1	  0	  0	  0	  0	  0	  0	  0	  0	480	  1	  2	  0	  2	110
U_T1_R1_S2_ITS_S109	269	  1	  1	  2	  0	  0	  9	  0	  1	  0	  1	  3	  0	  1	 10	  0	  0	  2	  0	  0	  0	 28	  2	  0	  0	  1	  0	  0	  0	  0	  0	  1	  0	  0	  0	  0	  0	  0	  0	  0	  0	  0	  2	  0	  0	  0	  0	  0	  0	  0	  0	 13	 13	  0	  2	  1	 16	  0	  1	  6	  0	  0	  0	  0	  7	  0	 12	  0	  0	  0	  2	 23	  3	  0	  1	  4	  0	  4	  0	  0	  1	  0	  0	  0	  0	  0	  0	  0	  0	  0	  0	  0	322	  0	  0	  0	  0	  0	  0	  0	  0	  0	  0	 10	  0	  6	  0	  1	  0	 35	 10	  1	  1	 27	  1	 13	  2	 10	  1	  1	  0	  0	  0	  1	 22	  0	  0	  6	  0	  9	  0	 15	  5	  8	  0	  0	  1	  2	  0	  0	  0	  0	  0	  0	  0	  0	  0	  0	 30	  0	  7	 20	  0	  3	  0	  3	 41	  0	  1	  0	  0	  0	 14	  0	  0	  1	  3	  2	  3	  0	  1	  0	  0	  0	  1	  0	  0	  0	  0	  0	  1	  0	  0	  0	  0	  1	  0	  0	  0	  0	  0	  0	  0	  0	  0	  0	  0	  0	  0	  0	  0	  0	  0	  0	  0	  0	  0	  0	  0	  0	  0	  0	  0	  0	  0	  0	  0	  0	  4	  0	  0	  0	  0	  0	  0	  0	  0	  1	  0	  1	  0	  0	  0	  0	  0	  8	  8	  0	  1	  8	  0	  0	  0	  0	  0	  0	  3	  0	  0	  0	  0	  0	  0	  0	  0	  0	  0	  0	  0	  1	  0	  0	  0	  0	  1	  0	  0	  0	408	  0	  0	  0	  0	 41
U_T1_R1_S3_ITS_S121	 93	 29	  3	  7	  0	  0	 15	  2	  0	  0	  0	  1	  2	  3	  8	  0	  0	  0	  0	  1	  0	 17	  4	  0	  0	  2	  0	  0	  0	  0	  0	  1	  2	  0	  0	  0	  0	  0	  0	  0	  0	  1	  1	  0	  0	  0	  0	  1	  0	  1	  1	 12	 15	  0	  0	  3	 19	  0	  2	 14	  0	  0	  0	  0	  9	  1	 20	  0	  0	  0	 14	 24	  2	  0	  9	  2	  0	 10	  1	  0	  2	  0	  0	  1	  0	  0	  0	  1	  0	  0	  0	  0	  9	  1	  0	  0	  0	  0	  0	  0	  1	  2	  3	  7	  0	  6	  0	  4	  0	 78	  8	  0	  0	 16	  0	 61	  2	  5	  1	  0	  0	  6	  0	  4	 42	  0	  0	 20	  0	 28	  0	 26	  2	 10	  0	  0	  0	  1	  0	  0	  0	  0	  1	  0	  1	  1	  5	  5	 42	  1	  3	 23	  0	  5	  0	  2	 38	  0	  1	  0	  0	  0	 14	  0	  0	  3	  2	  0	  3	  0	  1	  0	  0	  0	  0	  1	  0	 17	  0	  0	  1	  0	  0	  0	  0	  0	  0	  0	  0	  1	  0	  0	  0	  0	  0	  0	  0	  2	  0	  0	  0	  0	  0	  0	  0	  0	  0	  0	  0	  0	  0	  1	  0	  1	  0	  0	  0	  0	  0	  0	  0	  0	  0	  0	  0	  0	  0	  1	  0	  0	  0	  0	  0	  0	  0	 13	 22	  1	  1	 16	  0	  0	  1	  0	  0	  0	 13	  0	  0	  3	  0	  0	  0	  0	  0	  0	  0	  0	  0	  0	  0	  0	  0	  0	  0	  0	  0	  0	514	  1	  0	  0	  0	110
U_T1_R2_S1_ITS_S133	 96	  3	  0	  3	  0	  0	 16	  2	  1	  0	  2	  1	  0	  0	  6	  1	  0	  0	  0	  0	  0	 32	  8	  2	  1	  0	  0	  0	  1	  0	  0	  2	  1	  0	  0	  0	  0	  0	  0	  0	  0	  0	  0	  0	  0	  0	  0	  0	  0	  1	  0	  9	 18	  1	  2	  6	 10	  0	  1	  7	  0	  0	  0	  0	 25	  0	 17	  0	  0	  0	  5	 33	  0	  0	  0	  5	  0	 16	  0	  0	  8	  0	  0	  1	  0	  0	  0	  0	  0	  0	  0	  0	  7	  0	  0	  0	  0	  0	  0	  0	  0	  1	  2	  4	  0	  3	  0	 36	  0	 35	 54	  0	  5	 13	  0	  8	  0	  8	  1	  0	  0	 15	  2	  0	 36	  1	  0	 13	  0	 33	  0	 33	  1	 28	  0	  0	  0	  0	  0	  1	  0	  0	  4	  0	  1	  0	  0	  7	 32	  1	  8	 24	  0	 10	  0	  2	 58	  1	  0	  0	  0	  0	 17	  0	  0	  1	  6	  1	  3	  0	  0	  0	  0	  0	  0	  0	  1	  1	  0	  0	  0	  0	  0	  0	  0	  0	  0	  0	  1	  0	  0	  0	  0	  0	  0	  0	  0	  0	  0	  0	  0	  0	  0	  0	  0	  0	  0	  0	  0	  0	  0	  0	  0	  0	  0	  0	  0	  0	  0	  0	  0	  1	  0	  0	  0	  0	  0	  3	  0	  1	  2	  0	  0	  0	  0	  8	 39	  0	  2	 40	  0	  0	  0	  0	  0	  0	  6	  0	  0	  0	  0	  0	  0	  0	  0	  0	  0	  0	  0	  1	  0	  0	  0	  0	  0	  0	  0	  0	497	  0	  0	  0	  0	108
U_T1_R2_S3_ITS_S157	 75	  6	  0	  7	  1	  0	  6	  1	  0	  0	  0	  1	  3	  0	 15	  0	  0	  0	  0	  2	  4	 14	  6	  0	  1	  0	  0	  0	  0	  0	  0	  0	  1	  0	  0	  0	  0	  0	  0	  0	  0	  1	  0	  1	  0	  0	  0	  1	  0	  0	  0	  3	 18	  0	  0	  7	 11	  0	  1	  7	  0	  0	  1	  0	 13	  3	  7	  0	  0	  1	  6	 25	  0	  0	  1	  6	  0	 10	  0	  0	  5	  0	  0	  6	  0	  0	  1	  0	  0	  0	  0	  2	  4	  0	  0	  0	  0	  0	  0	  0	  0	  0	  0	 30	  0	  4	  0	  4	  0	 62	 24	  0	  1	 42	  0	100	  6	  8	 10	  0	  0	  2	  2	  1	 47	  1	  0	  8	  1	 18	  0	 23	  2	  9	  0	  0	  0	  1	  0	  0	  0	  0	  0	  0	  1	  1	  1	  2	 17	  0	  5	 25	  0	 19	  0	  3	 22	  1	  0	  0	  0	  0	 10	  0	  0	  2	  5	  5	  1	  0	  2	  0	  0	  0	  0	  0	  0	  1	  0	  0	  0	  0	  0	  1	  0	  0	  0	  0	  0	  0	  0	  0	  0	  0	  0	  0	  1	  0	  0	  0	  0	  0	  0	  0	  0	  0	  0	  0	  0	  0	  0	  0	  0	  0	  0	  0	  0	  0	  2	  0	  0	  0	  0	  1	  0	  0	  0	  1	  0	  3	  0	  0	  0	  0	  0	  4	  8	  0	  0	  9	  0	  0	  0	  0	  0	  0	  6	  0	  0	  3	  0	  0	  9	  0	  0	  0	  0	  0	  0	  1	  0	  0	  0	  0	  0	  0	  0	  0	602	  0	  3	  0	  0	103
U_T1_R3_S1_ITS_S169	 65	  1	  3	  2	  0	  1	 10	  3	  3	  0	  0	  3	  0	  2	  7	  0	  0	  0	  0	  0	 39	 57	  5	  1	  0	  0	  0	  1	  2	  0	  0	  1	  0	  0	  0	  0	  0	  0	  0	  0	  0	  0	  0	  0	  0	  0	  2	  0	  0	  0	  2	  6	 58	  0	  0	  8	 38	  0	  8	  3	  0	  0	  0	  0	  7	  1	 10	  0	  0	  0	  5	 20	  0	  0	 10	  4	  0	  5	  0	  0	  3	  0	  0	  0	  0	  0	  0	  0	  0	  0	  0	  0	  2	  0	  0	 17	  0	  0	  0	  0	  0	  1	  1	 13	  0	 12	  0	  4	  0	 22	 14	  0	  0	 11	  0	 20	  1	  3	  2	  0	  0	  2	  0	  0	 59	  0	  0	  5	  0	 29	  0	 52	  3	 22	  0	  0	  0	  0	  0	  0	  0	  0	  1	  0	  1	  0	  2	  1	 26	  0	  4	 25	  0	  0	  0	  2	 27	  0	  0	  0	  0	  0	  6	  0	  0	  2	 10	  1	  2	  0	  0	  0	  0	  0	  0	  0	  0	  1	  0	  0	  5	  0	  0	  0	  0	  0	  0	  0	  0	  0	  0	  0	  0	  0	  0	  0	  0	  0	  1	  0	  1	  0	  0	  0	  0	  3	  0	  0	  0	  0	  0	  1	  0	  0	  0	  0	  0	  0	  1	  0	  0	  0	  0	  0	  0	  0	  0	  0	  0	  0	  0	  0	  0	  0	  0	 11	  5	  0	  0	 13	  0	  0	  1	  0	  0	  0	  4	  0	  0	  1	  0	  0	  0	  2	  0	  0	  0	  0	  0	  0	  0	  0	  0	  0	  0	  0	  0	  6	635	  0	  0	  0	  0	 78
U_T1_R3_S2_ITS_S181	 82	  9	  2	  1	  0	  0	 18	  7	  7	  0	  1	  2	  0	  0	 29	  0	  1	  0	  1	  1	  0	 17	 13	  0	  0	  0	  0	  0	  0	  0	  0	  1	  0	  0	  0	  0	  4	  0	  0	  0	  0	  0	  1	  0	  0	  0	  0	  0	  0	  0	  0	 14	 81	  0	  0	  2	 25	  0	  4	  3	  0	  0	  0	  0	 14	  5	  9	  0	  0	  0	  8	 45	  0	  0	  2	  4	  0	  0	  0	  0	  0	  0	  0	  1	  0	  0	  0	  0	  0	  0	  0	  0	 10	  0	  0	  4	  0	  0	  0	  0	  0	  2	  0	  7	  0	 16	  0	  9	  0	 30	 28	  0	  0	 15	  0	 37	  0	  7	  4	  0	  0	  9	  4	  0	 38	  1	  0	 12	  0	 14	  0	 72	  5	 16	  0	  0	  0	  9	  0	  0	  0	  0	  4	  0	  0	  0	  3	  6	 30	  0	 15	 46	  0	  1	  0	  1	 64	  4	  0	  0	  2	  0	 14	  0	  0	  3	  6	 11	  1	  0	  2	  0	  0	  0	  0	  0	  0	 12	  0	  0	  0	  0	  0	  0	  0	  0	  0	  0	  0	  0	  0	  0	  0	  0	  0	  0	  0	  0	  0	  0	  0	  0	  0	  0	  0	  0	  0	  0	  0	  0	  0	  0	  0	  0	  0	  1	  0	  0	  1	  0	  0	  0	  0	  0	  0	  0	  0	  0	  0	  0	  0	  0	  0	  0	  0	 16	 19	  0	  0	 34	  0	  0	  0	  0	  0	  1	  4	  0	  0	  0	  0	  0	  0	  0	  0	  0	  0	  0	  0	  2	  0	  1	  0	  0	  0	  2	  7	  0	426	  0	  1	  0	  0	 67
U_T1_R3_S3_ITS_S98	 74	  6	  0	  1	  0	  0	 10	  1	  2	  0	  1	  1	  0	  0	 16	  0	  0	  0	  0	  0	  0	 39	 11	  0	  0	  0	  0	  4	  2	  0	  0	  1	  0	  0	  0	  0	  0	  0	  0	  1	  0	  0	  0	  0	  0	  0	  0	  1	  0	  0	  1	  9	 26	  1	  0	  7	 29	  0	  2	 10	  0	  0	  0	  1	 12	  0	 20	  0	  0	  1	  4	 43	  1	  0	  0	  4	  7	 11	  0	  0	  2	  0	  0	  0	  0	  0	  0	  0	  0	  0	  0	  0	 88	  0	  0	  2	  0	  0	  0	  0	  0	  2	  2	  7	  1	 41	  0	  3	  0	 41	 27	  0	  1	  8	  0	 12	  1	  6	  0	  0	  0	  2	  2	  0	 66	  2	  0	 29	  0	 31	  0	 21	  2	  9	  0	  0	  0	  5	  0	  0	  0	  0	  0	  0	  0	  0	  1	  0	 16	  2	  4	 33	  0	 10	  0	  2	 43	  0	  0	  0	  2	  0	 10	  0	  0	  1	  4	  9	  1	  0	  0	  0	  0	  0	  0	  0	  0	  2	  0	  0	 13	  0	  0	  0	  0	  1	  0	  0	  0	  0	  0	  0	  0	  0	  0	  0	  0	  0	  0	  0	  0	  0	  3	  0	  0	  0	  0	  0	  0	  0	  0	  0	  0	  1	  0	  0	  0	  0	  0	  0	  0	  0	  0	  0	  1	  0	  0	  1	  0	  1	  0	  0	  0	  0	  0	 29	 15	  0	  0	 20	  0	  0	  1	  0	  0	  0	  6	  0	  0	  2	  0	  0	  0	  2	  0	  0	  0	  0	  0	  1	  0	  0	  0	  0	  0	  0	  0	  0	482	  0	  1	  0	  0	 77
U_T1_R4_S1_ITS_S110	176	 14	  0	  8	  0	  0	 13	  0	  1	  0	  0	  1	  2	  5	 14	  0	  0	  3	  0	  0	  4	 49	  2	  2	  0	  0	  0	  0	  0	  0	  0	  1	  1	  0	  0	  0	  0	  1	  0	  0	  0	  0	  1	  0	  0	  0	  0	  0	  0	  0	  0	  4	 23	  0	  0	  7	 27	  0	  4	  3	  0	  0	  0	  1	 17	  3	 27	  0	  0	  0	  5	 39	  0	  1	  1	  0	  0	  4	  0	  1	 11	  0	  0	  3	  0	  0	  0	  0	  0	  0	  0	  5	  3	  0	  0	  0	  0	  0	  0	  0	  0	  0	  3	  8	  0	  7	  0	  4	  1	 66	 10	  0	  0	 28	  0	 11	  0	 10	  3	  0	  0	  5	  2	  0	 36	  2	  0	 25	  0	 17	  0	 42	  1	  9	  0	  0	  0	  4	  0	  0	  0	  0	  1	  0	  0	  0	  4	  4	 34	  0	  9	 22	  0	 14	  0	  7	 35	  0	  1	  0	  3	  0	 30	  0	  0	  1	 14	  1	  1	  0	  0	  0	  0	  0	  0	  0	  0	  2	  0	  0	  1	  0	  0	  0	  0	  0	  0	  2	  0	  0	  0	  0	  0	  0	  0	  0	  0	  4	  0	  0	  0	  0	  0	  0	  0	  1	  0	  0	  0	  0	  0	  1	  0	  1	  0	  0	  0	  0	  0	  0	  0	  0	  0	  1	  0	  0	  0	  0	  0	  0	  0	  0	  0	  0	  0	 14	 15	  0	  0	 34	  0	  0	  1	  0	  0	  0	 11	  0	  0	  4	  0	  0	  0	  0	  0	  0	  0	  0	  0	  0	  0	  0	  0	  0	  0	  0	  0	  0	411	  0	  2	  0	  0	103
U_T1_R4_S2_ITS_S122	137	  4	  3	  6	  0	  0	 12	  0	  0	  0	  0	  0	  1	 25	  8	  0	  0	  1	  0	  1	  3	 36	  4	  0	  0	  0	  0	  0	  1	  1	  0	  0	  2	  0	  1	  0	  0	  1	  0	  5	  0	  0	  1	  0	  0	  0	  0	  0	  0	  0	  0	 11	 45	  3	  0	  6	 29	  0	  7	  5	  0	  0	  0	  0	  8	  0	  6	  0	  0	  0	  8	 34	  9	  1	  0	  5	  0	  8	  0	  0	  6	  0	  0	  4	  0	  0	  0	  0	  0	  0	  0	  0	  6	  0	  0	  0	  1	  0	  0	  0	  0	  0	  0	 19	  0	 16	  0	  8	  2	 44	 14	  0	  0	 25	  0	 20	  1	  4	  3	  2	  0	  1	  0	  0	 19	  0	  0	  8	  0	 22	  0	 34	  1	 12	  0	  0	  0	  1	  0	  0	  0	  0	  1	  0	  0	  0	  3	  0	 48	  0	  2	 39	  0	  7	  1	  1	 39	  5	  1	  0	  1	  0	 12	  3	  1	  0	  6	  1	  5	  0	  2	  0	  0	  0	  0	  0	  0	  1	  0	  0	  1	  0	  0	  0	  0	  0	  0	  1	  0	  0	  0	  0	  0	  0	  0	  0	  0	  1	  0	  0	  0	  0	  0	  0	  0	  0	  0	  2	  0	  0	  0	  0	  0	  1	  0	  0	  0	  0	  0	  0	  0	  0	  0	  2	  0	  0	  1	  0	  0	  0	  0	  0	  0	  0	  0	 16	 24	  0	  3	 24	  0	  0	  0	  0	  0	  0	 10	  0	  0	  2	  0	  0	 20	  1	  0	  0	  0	  0	  0	  1	  0	  0	  1	  0	  0	  0	  0	  0	434	  0	  0	  0	  0	135
U_T1_R4_S3_ITS_S134	108	 13	  0	 12	  4	  0	 14	  3	  1	  0	  2	  2	  0	  4	  7	  0	  0	  0	  0	  0	  2	 20	  7	  2	  0	  2	  1	  0	  0	  0	  1	  3	  2	  0	  0	  0	  0	  0	  0	  2	  0	  1	  0	  0	  1	  1	  0	  0	  0	  0	  1	  9	 29	  0	  0	  4	 26	  0	  1	  3	  0	  0	  0	  0	  9	  0	 12	  0	  0	  1	  7	 34	  0	  0	  0	  4	  0	 18	  1	  0	  9	  0	  0	  1	  0	  0	  0	  0	  0	  0	  0	  0	  8	  0	  0	  0	  0	  0	  0	  0	  0	  4	  0	 21	  0	  6	  0	  9	  0	 29	  6	  0	  5	 87	  0	 57	  3	 17	  2	  0	  0	  3	  1	  0	 48	  1	  0	 19	  0	  7	  0	 33	  4	 10	  0	  0	  1	  2	  0	  0	  0	  0	  1	  0	  5	  0	  0	  4	 49	  0	  8	 41	  0	  7	  0	  0	 32	  0	  0	  1	  0	  0	 35	  0	  0	  0	  2	  7	  4	  0	  0	  0	  0	  0	  0	  0	  1	  3	  0	  0	  6	  0	  0	  0	  0	  0	  0	  0	  1	  0	  1	  1	  1	  0	  0	  0	  0	  0	  0	  0	  0	  0	  0	  0	  0	  0	  0	  0	  0	  0	  0	  1	  0	  0	  0	  0	  0	  0	  0	  0	  0	  0	  0	  0	  0	  0	  0	  3	  1	  0	  1	  0	  0	  0	  0	 21	 48	  0	  1	 36	  0	  0	  2	  0	  0	  0	  4	  0	  0	  4	  0	  0	  6	  0	  0	  0	  0	  0	  0	  0	  0	  0	  0	  0	  0	  0	  0	  1	349	  0	  2	  0	  0	113
U_T2_R1_S1_ITS_S100	 53	 10	  2	  6	  0	  0	 23	  0	  3	  0	  0	  1	  0	  5	 13	  0	  0	  1	  0	  0	  0	 18	  1	  0	  0	  0	  0	  0	  0	  0	  0	  2	  4	  0	  0	  0	  0	  0	  0	  0	  0	  0	  0	  1	  0	  0	  0	  0	  0	  0	  0	  4	 27	  0	  0	  6	 11	  0	  3	  2	  0	  0	  0	  0	 10	  2	 12	  0	  0	 12	  0	 47	  0	  0	  0	 16	  0	  0	  0	  0	  6	  0	  4	  0	  0	  0	  0	  0	  0	  0	  0	124	 61	  0	  0	  0	  0	  0	  0	  0	  0	  0	  0	  5	  0	 10	  0	  2	  0	 28	 16	  0	  0	 41	  0	 29	  0	  7	  9	  0	  0	  4	  0	  0	 34	  4	  0	 13	  0	 16	  0	 27	  0	  8	  0	  0	  0	  0	  0	  0	  0	  0	  3	  0	 11	  0	  0	  3	 61	  0	  3	 30	  0	 23	  0	  2	 32	  2	  1	  0	  0	  0	 13	  0	  0	  2	  6	180	  3	  0	  2	  0	  0	  0	  0	  0	 13	  0	  0	  0	  0	  0	  0	  0	  0	  1	  0	  0	  0	  0	  0	  0	  0	  0	  0	  0	  0	  0	  0	  0	  0	  0	  0	  0	  0	  0	  0	  4	  0	  0	  0	  0	  0	  0	  0	  0	  0	  0	  0	  0	  0	  0	  0	  0	  0	  0	  0	  4	  0	  0	  1	  0	  0	  0	  0	  4	  9	  0	  0	 18	  0	  0	  0	  0	  0	  0	  0	  0	  0	  0	  0	  0	  0	  0	  0	  0	  0	  1	  0	  0	  0	  0	  0	  0	  0	  0	  0	  0	311	  0	  0	  0	  0	 84
U_T2_R1_S2_ITS_S112	 67	  5	  1	  8	  3	  0	 10	  0	  1	  0	  1	  1	  0	  0	 13	  0	  0	  0	  0	  0	  0	 43	  3	  0	  1	  0	  0	  0	  0	  1	  0	  0	  0	  0	  0	  0	  0	  0	  0	  0	  0	  2	  3	  0	  0	  0	  0	  0	  1	  0	  0	  7	 21	  1	  0	  8	 23	  0	  4	  6	  0	  0	  0	  0	 10	  0	 10	  0	  0	  0	  9	 49	  2	  0	  0	  8	  0	  7	  0	  0	  3	  0	  0	  0	  0	  0	  0	  0	  0	  0	  0	  0	 15	 38	  0	  0	  0	  0	  0	  0	  0	 11	  5	  9	  0	  3	  0	 10	  0	 41	 17	  0	  0	 39	  0	 17	  0	 12	  7	  0	  4	  4	  1	  0	 50	  5	  0	 23	  0	 35	  0	 39	  0	  2	  0	  0	  0	  2	  1	  1	  1	  0	  0	  0	  1	  0	  1	  3	 44	  1	 12	 16	  0	  9	  0	  6	 39	  0	  0	  0	  0	  0	 13	  0	  0	  2	  3	  1	  3	  0	  0	  0	  0	  0	  0	  0	  0	  1	  0	  0	  1	  0	  0	  0	  0	  1	  0	  1	  1	  0	  0	  0	  0	  0	  0	  0	  0	  0	  0	  0	  0	  0	  0	  0	  0	  0	  0	  0	  0	  0	  0	  0	  0	  0	  0	  0	  0	  0	  0	  0	  0	  0	  0	  0	  0	  0	  0	  0	  0	  0	  0	  0	  0	  0	  0	  5	 20	  0	  2	 13	  0	  0	  0	  0	  1	  0	 11	  0	  0	  1	  0	  0	  0	  0	  0	  0	  1	  0	  0	  0	  0	  0	  0	  0	  0	  0	  0	  1	539	  0	  0	  0	  0	 93
U_T2_R1_S3_ITS_S124	 78	  1	  0	  1	  0	  0	 14	  0	  1	  0	  1	  1	  0	  1	 12	  0	  0	  0	  0	  0	  0	 46	  0	  0	  0	  0	  0	  0	  0	  0	  0	  0	  0	  0	  0	  1	  0	  0	  0	  0	  0	  1	  0	  0	  2	  0	  1	  0	  0	  0	  0	 13	 20	  3	  0	  4	 18	  0	  3	  6	  0	  0	  0	  0	  8	  0	  9	  0	  0	  0	 12	 39	  0	  1	  0	 13	  0	  8	  0	 25	  6	  0	  0	  1	  0	  0	  0	  0	  0	  1	  0	 78	  3	  0	  0	  0	  2	  0	  0	  0	  0	  0	  1	  7	  0	 12	  0	  4	  0	 34	  2	  0	  0	 20	  0	 30	  0	  5	  8	  0	  0	  4	  0	  0	 29	  4	  0	 20	  0	 10	  0	 21	  1	  2	  0	  0	  0	  0	  0	  0	  0	  0	  0	  0	  0	  0	  0	  6	 17	  0	  0	 10	  0	 17	  0	  0	 17	  2	  0	  0	  0	  0	 10	  0	  0	  0	  0	  5	  0	  0	  0	  0	  0	  0	  0	  0	  0	  0	  1	  0	  2	  0	  0	  0	  0	  0	  0	  2	  0	  0	  0	  0	  0	  0	  0	  0	  0	  0	  0	  0	  1	  0	  0	  0	  0	  0	  0	  0	  0	  0	  0	  0	  0	  1	  0	  0	  0	  0	  0	  0	  0	  0	  0	  0	  0	  0	  0	  0	  0	  3	  0	  0	  0	  0	  0	 10	 23	  0	  1	 34	  0	  0	  0	  0	  0	  0	  8	  0	  0	  0	  0	  0	  0	  0	  0	  0	  0	  0	  0	  1	  0	  0	  0	  0	  0	  0	  0	  0	669	  0	  3	  0	  0	 79
U_T2_R2_S1_ITS_S136	112	  6	  0	  7	  0	  0	 10	  0	  2	  0	  0	  4	  0	  0	 10	  0	  0	  4	  0	  3	  1	 13	  1	  3	  2	  0	  0	  0	  0	  0	  0	  1	  3	  0	  0	  0	  3	  0	  0	  0	  0	  0	  0	  0	  0	  0	  0	  0	  0	  0	  0	  5	 16	  0	  4	 10	 15	  0	  2	  5	  0	  0	  0	  1	 17	  0	 48	  0	  0	  0	  6	 55	 22	  0	  2	  9	  0	  5	  1	  0	  7	  0	  0	  2	  0	  0	  0	  0	  0	  0	  0	  0	  3	  0	  0	  0	  0	  0	  0	  0	  0	  1	  0	 14	  0	 11	  0	 14	  0	 33	 32	  0	  4	 47	  0	 21	  0	  3	 13	  0	  0	 14	  1	  0	 35	  1	  0	 18	  1	 11	  0	 27	  2	 35	  1	  0	  0	  2	  0	  0	  0	  0	  2	  0	  1	  1	  3	  2	 21	  0	  2	 18	  0	  9	  0	  7	 37	  1	  0	  0	  0	  0	 15	  0	  0	  1	  3	  4	  2	  0	  0	  0	  0	  0	  0	  0	  0	  1	  0	  0	  1	  0	  1	  0	  1	  0	  0	  0	  0	  0	  0	  0	  0	  0	  0	  0	  1	  0	  0	  0	  0	  0	  0	  0	  0	  0	  0	  0	  0	  0	  0	  6	  0	  1	  0	  0	  0	  0	  0	  0	  0	  0	  0	  0	  0	  0	  0	  0	  0	  1	  0	  0	  0	  0	  0	 10	 40	  0	  1	 49	  0	  0	  0	  0	  0	  0	 15	  0	  0	  1	  0	  0	  0	  0	  0	  0	  1	  0	  0	  1	  0	  0	  0	  0	  1	  0	  1	  0	429	  0	  0	  0	  0	118
U_T2_R2_S2_ITS_S148	 85	 10	  2	  4	  0	  0	 11	  0	  4	  0	  0	 25	  0	  0	  9	  0	  0	  1	  0	  0	  0	 53	  1	  3	  0	  0	  0	  0	  0	  0	  0	  0	  0	  0	  0	  0	  0	  0	  0	  5	  0	  0	  0	  0	  0	  0	  0	  0	  0	  0	  1	  6	  9	  2	  0	  5	 20	  0	  0	 10	  0	  0	  0	  0	  3	  0	 11	  0	  0	  0	 22	 67	  0	  0	  2	  8	  0	  3	  0	  0	  2	  0	  0	  2	  0	  0	  0	  0	  0	  0	  0	  0	  0	  0	  0	  0	  0	  1	  0	  0	  0	  0	  0	 11	  0	  4	  0	 16	  0	 53	 35	  0	  0	 48	  0	 18	  0	 15	  8	  1	  1	  4	  1	  0	 45	  0	  0	  4	  1	 19	  0	 11	  5	 11	  0	  0	  0	  2	  0	  0	  0	  0	  6	  0	  6	  0	  2	  1	  8	  1	 13	 14	  0	  2	  0	  4	 40	  1	  0	  0	  0	  2	 22	  0	  0	  0	  5	  1	  5	  0	  0	  0	  0	  0	  0	  0	  0	  0	  0	  0	 15	  0	  0	  0	  0	  0	  0	  0	  0	  0	  0	  1	  0	  0	  0	  0	  0	  0	  0	  0	  1	  0	  0	  0	  0	  0	  0	  0	  0	 25	  0	  0	  0	  0	  0	  0	  0	  0	  0	  0	  0	  0	  0	  0	  0	  0	  0	  1	  0	  5	  0	  0	  0	  0	  0	  8	 30	  0	  0	 25	  0	  0	  0	  0	  0	  0	  7	  0	  0	  0	  0	  0	  5	  0	  0	  0	  0	  0	  0	  1	  0	  0	  0	  0	  0	  0	  0	  0	393	  0	  0	  0	  0	220
U_T2_R2_S3_ITS_S160	 93	  9	  1	  1	  0	  0	 16	  0	  3	  0	  4	  4	  0	  0	 14	  0	  0	  0	  0	  0	  0	 34	  4	  0	  0	  0	  0	  0	  0	  0	  0	  5	  0	  0	  0	  0	  1	  0	  0	  0	  0	  0	  0	  0	  0	  0	  0	  0	  0	  0	  1	  5	 26	  1	  1	  4	 25	  0	  1	  3	  0	  0	  0	  0	  6	  0	 14	  0	  0	  0	  6	 55	  0	  0	  2	 19	  0	  4	  0	  0	  4	  0	  0	  0	  0	  0	  0	  1	  0	  0	  0	  1	119	  2	  0	  0	  0	  0	  0	  2	  0	  3	  2	 16	  0	 10	  0	  8	  0	 24	 36	  0	  0	 22	  0	 24	  0	  9	 12	  0	  0	  0	  0	  0	 39	  1	  0	 16	  0	 22	  0	 26	  0	 14	  0	  0	  0	  5	  0	  0	  0	  0	  0	  0	  5	  0	  2	  0	 32	  0	  7	 30	  0	  5	  0	  6	 44	  1	  1	  0	  0	  0	 17	  0	  0	  1	  5	  1	  7	  0	  0	  1	  0	  0	  0	  0	  2	  0	  0	  0	  1	  0	  0	  0	  0	  0	  0	  0	  0	  0	  0	  0	  0	  0	  0	  0	  2	  1	  0	  0	  0	  0	  0	  0	  0	  1	  0	  0	  0	  0	  0	  0	  0	  0	  0	  0	  0	  0	  0	  1	  0	  0	  0	  0	  0	  0	  0	  1	  0	  0	  0	  0	  0	  1	  0	  5	 11	  0	  2	 22	  0	  0	  1	  0	  0	  0	  6	  0	  0	  3	  0	  0	 14	  0	  0	  0	  0	  0	  0	  0	  0	  0	  0	  0	  0	  0	  0	  0	463	  0	  4	  0	  0	 84
U_T2_R3_S1_ITS_S172	120	 14	  5	  0	  0	  0	 11	  0	  0	  0	  0	  4	  0	  1	  5	  0	  0	  1	  1	  0	  0	 29	  4	  6	  0	  0	  0	  0	  0	  0	  0	  0	  1	  0	  0	  0	  0	  0	  0	  5	  0	  0	  1	  0	  0	  0	  0	  1	  0	  0	  0	  7	 28	  3	  1	 10	 36	  1	  4	  5	  0	  0	  0	  0	  7	  0	 14	  0	  0	  0	  8	 61	  0	  0	  6	  7	  0	  5	  0	  0	  1	  3	  0	  0	  0	  0	  0	  0	  0	  0	  0	  3	  2	  0	  0	  1	  0	  0	  0	  0	  0	  0	  1	  7	  0	 11	  0	  5	  0	 38	  9	  0	  0	 52	  0	  9	  1	  7	  6	  1	  0	  0	  1	  0	 31	  5	  0	 18	  0	 32	  0	 41	  3	  8	  0	  0	  0	  0	  0	  0	  0	  0	  1	  0	  7	  0	  3	  2	 72	  0	  4	 30	  0	  4	  0	  4	 19	  1	  9	  0	  0	  0	 22	  0	  0	  0	  3	  1	  1	  0	  1	  1	  0	  0	  0	  0	  1	  2	  0	  0	  3	  3	  0	  1	  0	  0	  0	  0	  0	  0	  0	  0	  0	  0	  0	  0	  0	  0	  0	  0	  0	  0	  0	  0	  0	  0	  0	  6	  0	  0	  0	  2	  0	  0	  0	  0	  0	  0	  2	  0	  0	  0	  0	  1	  0	  0	  0	  0	  2	  0	  0	  0	  0	  0	  0	  1	 33	  0	  0	 23	  2	  0	  0	  0	  0	  0	  3	  0	  0	  0	  0	  0	  0	  1	  0	  0	  0	  0	  0	  5	  0	  0	  0	  0	  0	  0	  0	  0	481	  0	  0	  0	  0	105
U_T2_R3_S2_ITS_S184	112	 19	  2	  6	  0	  0	  9	  0	  6	  0	  1	  4	  4	  0	 20	  0	  0	  0	  0	  0	  0	 34	  5	  1	  1	  1	  0	  0	  0	  0	  0	  2	  0	  0	  0	  0	  2	  0	  0	  0	  0	  0	  0	  1	  0	  0	  2	  1	  0	  0	  1	  6	 20	  5	  0	  4	 16	  0	  4	  8	  0	  0	  0	  1	  9	  1	 17	  0	  1	  2	  7	 70	  0	  1	  5	 13	 12	  4	  1	  0	  7	  0	  0	  0	  0	  0	  0	  0	  0	  0	  0	  0	  5	  0	  0	  1	  0	  0	  0	  0	  0	  1	  0	 13	  0	 10	  0	  7	  0	 32	  6	  0	  1	 44	  0	 23	  1	  4	  9	  3	  0	  0	  0	  0	 24	  3	  0	 28	  0	 14	  0	 34	  1	 17	  0	  0	  0	  0	  0	  0	  0	  0	  0	  0	  3	  0	  0	  1	 22	  0	  3	 22	  0	  2	  0	  4	 28	  2	  1	  0	  0	  0	 35	  0	  0	  2	  8	  1	  5	  0	  0	  0	  0	  0	  0	  0	  1	  1	  0	  1	  0	  0	  1	  0	  0	  0	  0	  0	  0	  0	  0	  0	  0	  0	  1	  1	  0	  0	  0	  0	  0	  8	  0	  0	  2	  0	  0	  0	  1	  0	  0	  0	  0	  0	  0	  0	  1	  0	  3	  0	  0	  0	  0	  0	  0	  0	  0	  1	  1	  1	  0	  0	  0	  0	  0	  8	  7	  0	  1	 24	  0	  0	  0	  0	  0	  0	  4	  0	  2	  0	  1	  0	  8	  0	  0	  0	  0	  0	  0	  1	  0	  0	  0	  2	  0	  0	  0	  0	483	  0	  0	  1	  0	136
U_T2_R3_S3_ITS_S101	 65	  7	  2	 18	  1	  0	 40	 14	  1	  0	  1	  2	  1	  0	  4	  0	  0	  0	  0	  0	  4	 80	  0	  2	  0	  1	  0	  0	  1	  0	  0	  0	  8	  0	  1	  0	  0	  0	  0	  1	  0	  0	  0	  0	  0	  0	  0	  0	  0	  0	  0	  6	 19	  1	  1	  7	 19	  0	  3	  9	  0	  0	  0	  1	 11	  0	  2	  0	  0	  0	  7	 27	  0	  0	  5	  6	  0	  3	  0	  0	  1	  0	  0	  0	  0	  0	  0	 10	  0	  0	  0	  0	  0	  0	  2	  0	  0	  0	  0	  0	  0	  0	  1	 19	  0	  6	  0	  9	  0	 17	  5	  0	  8	 39	  0	 66	  1	  6	 23	  0	  1	  4	  2	  0	 21	  2	  0	 13	  1	  8	  0	 28	  2	  4	  0	  0	  0	  1	  0	  1	  0	  0	  0	  0	  2	  0	  2	  1	 17	  0	  5	 11	  0	  2	  0	  1	 14	  2	  0	  0	  1	  0	 11	  0	  0	  0	  4	  0	  3	  0	  0	  0	  0	  1	  0	  0	  1	  1	  1	  0	  2	  0	  0	  0	  0	  0	  2	  0	  1	  0	  0	  0	  0	  0	  0	  0	  2	  0	  0	  0	  0	  0	  0	  0	  5	  0	  0	 19	  0	  0	  4	  0	  0	  0	  0	  0	  0	  0	  0	  0	  3	  0	  0	  0	  0	  0	  0	  1	  0	  0	  0	  0	  0	  0	  0	  4	 12	  0	  0	  8	  0	  0	  0	  0	  0	  0	  5	  0	  0	  0	  0	  0	  1	  0	  0	  0	  0	  0	  0	  0	  0	  0	  0	  0	  0	  0	  0	  0	648	  0	  0	  0	  0	 91
U_T2_R4_S1_ITS_S113	 80	  2	  2	  3	  0	  0	  7	  0	  0	  1	  0	  2	  0	  1	 11	  0	  0	  1	  0	  1	 22	 50	  4	  1	  0	  0	  0	  1	  0	  0	  0	  1	  0	  0	  0	  0	  0	  0	  0	  0	  0	  2	  0	  0	  0	  0	  0	  0	  0	  0	  0	  2	 16	  4	  0	  9	 26	  0	  5	  9	  0	  0	  0	  0	  6	  1	  4	  0	  0	  1	  1	 91	  0	  0	  1	  8	  0	  5	  0	  0	  8	  0	  0	  0	  0	  0	  0	  0	  0	  0	  0	  2	 13	  1	  0	  1	  0	  0	  0	  0	  0	  0	  1	 10	  0	  2	  0	  6	  0	 31	 31	  0	  0	 28	  9	 12	  0	  0	 13	  0	  0	  0	  3	  0	 26	  1	  0	 15	  0	  6	  0	 31	  2	  5	  0	  0	  0	  1	  1	  0	  0	  0	  1	  1	  7	  1	  1	  3	 40	  0	  0	 10	  0	  3	  0	  3	 10	  5	  1	 21	  0	  0	 18	  0	  0	  2	  8	  4	  3	  0	  0	  0	  0	  0	  0	  0	  0	  1	  0	  0	  0	  2	  0	  0	  0	  0	  0	  0	  0	  0	  0	  1	  0	  0	  6	  0	  0	  0	  0	  0	  0	  0	  1	  0	  0	  0	  0	  0	  1	  0	  3	  0	  0	  2	  0	  0	  2	  0	  1	  0	  0	  9	  0	  0	  0	  0	  0	  0	  0	  0	  1	  1	  0	  0	  0	  3	  7	  0	  1	 20	  0	  0	  0	  0	  0	  0	  1	  1	  0	  2	  0	  0	  0	  0	  0	  0	  0	  0	  2	  5	  0	  0	  0	  0	  0	  0	  0	  0	572	  0	  1	  0	  0	142
U_T2_R4_S2_ITS_S125	 87	  8	  0	  2	  0	  0	 18	  1	  1	  0	  3	  7	  0	  1	  6	  0	  0	  0	  0	  0	 10	  7	  0	  0	  0	  0	  0	  1	  0	  0	  0	  0	  0	  0	  0	  0	  0	  0	  0	  1	  0	  1	  4	  0	  0	  0	  3	  0	  0	  0	  0	  2	 19	  0	  0	  2	 16	  0	  4	  6	  0	  0	  0	  0	  4	  0	  2	  0	  0	  0	  9	115	  0	  0	  0	 13	  0	  1	  0	  0	  8	  0	  0	  0	  0	  0	  0	  0	  0	  0	  0	  0	 31	  0	  0	  0	  0	  1	  1	  1	  0	  0	  5	  9	  0	  4	  0	  6	  0	 16	 43	  0	  2	 40	  0	 62	  1	 13	  4	  2	  0	  2	  0	  0	 66	  8	  0	 56	  1	  5	  0	 26	  1	  1	  0	  0	  0	  0	  0	  0	  0	  0	  2	  0	  1	  1	  0	  0	113	  0	  0	 10	  0	  6	  0	  0	 23	  4	  0	  0	  0	  0	 10	  4	  0	  3	 11	  0	  7	  0	  0	  0	  0	  0	  0	  0	  4	 15	  0	  0	  2	  0	  0	  0	  0	  0	  0	  0	  0	  0	  0	  0	  0	  0	  0	  0	  1	  0	  0	  0	  0	  5	  0	  0	  0	  0	  0	  3	  0	  0	  0	  0	  0	  3	  0	  0	  0	  0	  0	  0	  0	  0	  0	  0	  0	  0	  0	  0	  0	  0	  0	  0	  0	  0	  0	  3	  1	  0	  3	 11	  0	  0	  1	  0	  0	  0	  4	  0	  0	  4	  0	  0	  3	  0	  0	  0	  0	  0	  0	  1	  0	  0	  0	  0	  0	  0	  0	  0	394	  0	  5	  0	  0	143
U_T2_R4_S3_ITS_S137	 82	  5	  1	  1	  0	  0	  8	  1	  4	  0	  0	  3	  0	  2	 15	  0	  0	  0	  0	  0	 53	 51	  3	  1	  0	  2	  0	  0	  0	  0	  0	  0	  1	  0	  0	  0	  1	  0	  0	  0	  0	  0	  0	  0	  0	  0	  0	  0	  0	  0	  2	 17	 26	  0	  0	  6	 14	  0	  4	  4	  0	  0	  0	  0	  6	  0	  8	  0	  0	  0	  2	 68	  0	  0	  2	  3	  0	  7	  4	  0	  0	  0	  0	  0	  0	  0	  0	  0	  0	  0	  0	  0	  2	  0	  0	  1	  0	  0	  0	  0	  0	  0	  1	  9	  0	  8	  0	  1	  0	 29	 18	  0	  0	 31	  0	 21	  0	  4	  6	  0	  0	  4	  5	  1	 49	  4	  0	 10	  0	 26	  0	 37	  0	  8	  0	  0	  0	  1	  0	  0	  0	  0	  1	  0	  5	  1	  1	  3	 40	  0	  5	 18	  0	 10	  0	  0	 31	  2	  0	 16	  0	  0	 20	  0	  0	  0	  8	  0	  2	  0	  0	  0	  0	  0	  0	  0	  0	  0	  0	  0	  3	  0	  0	  0	  0	  0	  0	  0	  1	  0	  1	  0	  0	  0	  0	  0	  0	  0	  0	  0	  0	  0	  0	  0	  8	  0	  0	  0	  0	  0	  6	  1	  0	100	  0	  0	  0	  0	  5	  0	  0	  0	  0	  0	  0	  1	  0	  0	  0	  0	  0	  0	  0	  0	  0	  7	  7	  0	  1	  7	  0	  0	  0	  0	  0	  0	  8	  0	  0	  1	  1	  0	  0	  0	  0	  0	  0	  0	  1	  2	  0	  0	  0	  0	  0	  1	  0	  0	455	  0	  0	  0	  0	107
U_T3_R1_S1_ITS_S103	108	  5	  0	  5	  0	  0	 11	  2	  0	  0	  0	  6	  1	  3	 13	  0	  0	  0	  0	  0	  0	 12	  2	  0	  0	  0	  0	  0	  1	  1	  0	  0	  2	  1	  0	  0	  0	  1	  0	  1	  0	  0	111	  0	  0	  0	  0	  0	  0	  0	  0	  4	  8	  4	  0	  4	 16	  1	  0	  3	  0	  0	  0	  0	  2	  0	  3	  0	  0	  0	  8	 37	  0	  0	  1	  6	  0	  3	  0	  1	  3	  0	  0	  0	  0	  0	  0	  0	  0	  0	  0	  0	 90	  1	  0	  0	  0	  0	  0	  0	  0	  0	  0	 33	  0	  5	  0	  4	  0	 21	 24	  1	  3	 40	  0	 71	  0	  8	  4	  0	  0	  9	  0	  0	 24	  5	  0	 10	  0	  7	  1	 27	  0	  8	  0	  0	  0	  2	  0	  0	  0	  1	  1	  0	  3	  0	  3	  1	 16	  0	  7	 20	  0	  7	  0	  4	 33	  0	  1	  0	  0	  0	 55	  0	  0	  0	  5	  0	  2	  0	  0	  1	  0	  0	  0	  0	  1	  0	  3	  0	  0	  0	  0	  0	  0	  0	  0	  1	  0	  0	  0	  1	  0	  0	  0	  0	  3	  0	  0	  0	  0	  0	  0	  0	  0	  0	  0	  0	  0	  0	  0	  0	  0	  2	  0	  0	  0	  0	  1	  0	  0	  1	  1	  0	  0	  0	  0	  2	  1	  0	  0	  0	  0	  0	  0	  4	 25	  0	  0	 15	  0	  0	  2	  0	  0	  0	  3	  0	  0	  0	  1	  0	  0	  1	  0	  0	  0	  0	  0	  2	  0	  0	  0	  0	  0	  0	  0	  2	454	  0	  1	  0	  0	 95
U_T3_R1_S2_ITS_S115	118	  3	  2	  3	  0	  0	  6	  0	  4	  0	  1	  2	  1	  0	 27	  0	  0	  0	  0	  0	  0	  3	  2	  0	  0	  0	  0	  0	  0	  0	  0	  2	  0	  0	  0	  0	  0	  0	  0	  0	  0	  0	  0	  0	  0	  0	  0	  0	  0	  0	  0	  5	 12	  3	  0	  5	  6	  1	  2	  7	  0	  0	  0	  0	  6	  0	 29	  0	  0	  0	  8	 49	  0	  0	  2	  6	  0	  6	  4	  0	  2	  0	  0	  1	  0	  0	  0	  0	  0	  0	  0	  2	  6	  0	  0	  0	  0	  0	  0	  0	  0	  0	  1	  8	  0	  3	  0	  3	  0	 20	 11	  0	  2	 34	  0	 67	  0	 11	  3	  0	  4	  3	  0	  2	 15	  9	  0	 15	  3	 12	  0	 44	  1	  6	  0	  0	  0	  4	  0	  1	  0	  0	  3	  0	  0	  0	  2	  3	 13	  0	  5	 27	  0	  2	  0	  2	 42	  0	  0	  0	  0	  0	 46	  0	  0	  0	  8	  0	  6	  0	  0	  0	  0	  0	  0	  0	  0	  3	  0	  0	  6	  0	  0	  0	  0	  0	  0	  0	  0	  0	  0	  0	  0	  0	  0	  0	  0	  1	  1	  0	  0	  0	  0	  0	  0	  0	  0	  3	112	  4	  0	  0	  0	  0	  0	  0	  0	  0	  0	  0	  0	  0	  0	  0	  0	  0	  0	  1	  0	  0	  0	  0	  0	  0	  0	 10	 11	  0	  0	 14	  0	  0	  0	  0	  0	  0	  0	  0	  0	  0	  0	  0	  0	  0	  0	  0	  0	  0	  0	  2	  0	  0	  0	  0	  0	  0	  0	  0	531	  0	  1	  0	  0	 93
U_T3_R1_S3_ITS_S127	137	  3	  2	  7	  0	  0	 10	  0	  2	  0	  0	  3	  0	  0	 19	  0	  0	  0	  0	  0	  0	 15	  3	  1	  0	  0	  0	  0	  1	  0	  0	  0	  1	  0	  0	  0	  0	  0	  0	  3	  0	  0	  0	  0	  0	  0	  0	  1	  0	  0	  0	  6	 11	  0	  0	  2	 12	  0	  2	 17	  0	  0	  0	  0	  2	  0	 21	  0	  0	  0	  6	 55	  0	  1	  1	  4	  1	  4	  0	  1	  7	  0	  0	  0	  0	  0	  0	  0	  0	  0	  0	  0	  1	  0	  0	  0	  0	  0	  0	  0	  1	  0	  0	  9	  0	  7	  0	  9	  0	 59	  9	  0	  2	 62	  0	 44	  1	 10	  9	  4	  0	  3	  1	  2	 20	  4	  0	 20	  2	 14	  0	 36	  0	  5	  0	  0	  0	  2	  0	  1	  0	  0	  0	  0	  0	  0	  1	  0	 43	  0	  3	 36	  0	  5	  0	  3	 32	  0	  2	  0	  0	  0	  8	  2	  0	  0	  5	  0	  0	  0	  0	  0	  0	  0	  0	  0	  1	  1	  1	  0	  1	  0	  0	  0	  0	  0	  0	  0	  0	  0	  0	  0	  0	  0	  0	  0	  0	  3	  0	  0	  0	  0	  0	  1	  0	  0	  0	  0	  2	  0	  9	  0	  0	  1	  0	  0	  0	  0	  2	  0	  0	  0	  0	  0	  0	  0	  0	  0	  1	  1	  0	  0	  0	  0	  0	 10	 17	  0	  0	 16	  0	  0	  0	  0	  0	  0	 16	  0	  0	  0	  0	  0	  0	  0	  1	  0	  0	  0	  1	  2	  1	  0	  0	  0	  0	  0	  0	  0	528	  0	  1	  0	  0	115
U_T3_R2_S1_ITS_S139	117	  6	  0	  6	  0	  0	  5	  4	  3	  0	  1	  0	  1	  1	 37	  0	  0	  0	  0	  1	  2	 40	  0	  4	  1	  0	  0	  0	  1	  0	  0	  1	  1	  0	  0	  0	  0	  0	  0	  1	  0	  1	  5	  0	  0	  0	  0	  0	  0	  4	  0	  7	 18	  3	  1	  1	  9	  1	  3	  5	  0	  0	  0	  1	  3	  0	 40	  0	  0	  1	  4	 76	  4	  2	  1	  0	  0	  2	  0	  0	  3	  0	  0	  0	  0	  1	  0	  0	  0	  0	  0	  0	  3	  0	  0	  0	  0	  1	  0	  0	  0	  0	  2	  7	  0	  4	  0	  4	  0	 23	  6	  0	  0	 57	  0	 56	  6	  5	  4	  1	  0	  4	  2	  4	 24	  5	  0	  9	  1	 11	  0	 40	  1	 10	  1	  0	  0	  4	  0	  1	  0	  0	  5	  0	  0	  0	  2	  0	 33	  0	  0	 26	  0	  0	  0	  4	 63	  2	  0	  0	  0	  0	 21	  0	  0	  0	  6	  4	  8	  0	  0	  0	  0	  0	  0	  0	  0	  0	  0	  0	  0	  0	  0	  0	  0	  0	  0	  0	  0	  0	  0	  0	  0	  0	  0	  0	  1	  0	  0	  0	  0	  0	  0	  0	  1	  0	  0	  2	  0	  0	  0	  0	  0	  0	  0	  0	  0	  0	  1	  0	  0	  0	  0	  0	  0	  0	  0	  1	  2	  2	  0	  0	  0	  0	  1	 16	  9	  0	  0	 26	  0	  0	  1	  0	  1	  0	 10	  0	  0	  0	  0	  0	  0	  0	  0	  0	  0	  0	  0	  4	  0	  0	  0	  0	  0	  0	  0	  1	476	  0	  9	  0	  0	107
U_T3_R2_S2_ITS_S151	190	  3	  0	  4	  0	  0	  4	  7	  2	  0	  0	  2	  0	  0	  9	  0	  0	  0	  0	  0	 14	  0	  2	  0	  3	  0	  0	  0	  4	  0	  6	  0	  0	  0	  0	  0	  0	  0	  0	  0	  0	  0	  0	  0	  0	  0	  0	  0	  0	  0	  0	  6	 11	  0	  0	  0	 19	  0	  0	 10	  0	  0	  0	  0	  4	  0	 33	  0	  0	  0	  3	 60	 46	  0	  0	  0	  0	  7	  0	  0	  0	  0	  0	  0	  0	  0	  0	  0	  0	  0	  0	  0	  9	  0	  0	  0	  0	  0	  0	  0	  0	  0	  0	 22	  0	  7	  0	  0	  0	 29	  0	  0	  0	 96	  0	204	  0	  4	  0	  0	  0	  0	  0	  0	 12	  4	  5	  0	  0	 16	  0	 87	  0	 45	  0	  0	  0	  0	  0	  0	  0	  0	  3	  0	  0	  0	  0	  0	 13	  0	 16	 13	  0	  0	  0	  0	  0	  0	  0	  0	  0	  0	 14	 22	  0	  0	  0	  0	  3	  0	  0	  0	  0	  0	  0	  0	  0	  0	  0	  0	  0	  0	  0	  0	  0	  0	  0	  0	  0	  0	  0	  0	  0	  0	  0	  0	  0	  0	  0	  0	  0	  0	  0	  0	  0	  0	  0	  0	  0	  0	  4	  0	  0	  0	  0	  0	  0	  0	  0	  0	  0	  0	  0	  0	  0	  0	  0	  0	  0	  4	  0	  0	  0	  0	  0	  3	  8	  0	  0	 41	  0	  0	  3	  0	  0	  0	 15	  0	  0	  0	  0	  0	  0	  0	  0	  0	  0	  0	  0	  5	  0	  0	  0	  0	  0	  0	  0	  0	353	  0	  0	  0	  0	 61
U_T3_R2_S3_ITS_S163	143	 12	  3	  3	  0	  0	  6	  0	  5	  0	  0	  0	  1	  0	 17	  0	  0	  0	  0	  0	  1	  7	  4	  0	  0	  1	  0	  0	  0	  1	  1	  0	  8	  0	  0	  0	  0	  1	  0	  4	  0	  0	  3	  0	  0	  0	  0	  0	  1	  0	  0	  5	 12	  3	  0	  4	 19	  0	  2	  9	  0	  0	  0	  1	  6	  2	 97	  0	  2	  0	  6	 95	  0	  0	  0	  2	  0	 11	  0	  1	  5	  0	  1	  3	  0	  1	  0	  0	  0	  0	  0	 13	  3	  1	  0	  0	  0	  0	  0	  0	  0	  0	  0	 10	  0	  8	  0	  3	  0	 27	  9	  0	  2	 45	  0	 25	  2	  6	  5	  0	  1	  0	  1	  2	 15	  1	  0	 19	  0	 10	  0	 52	  3	  4	  0	  0	  0	  0	  1	  0	  0	  0	  0	  0	  0	  2	  3	  0	 14	  1	  1	 13	  0	  5	  0	  6	 43	  0	  2	  0	  0	  0	 26	  3	  0	  2	  2	  0	  1	  0	  0	  0	  0	  0	  0	  0	  0	  5	  1	  0	  0	  0	  0	  0	  0	  0	  0	  0	  0	  0	  0	  1	  0	  0	  0	  0	  0	  0	  0	  0	  0	  0	  0	  0	  1	  0	  1	 10	  0	  0	  0	  1	  0	  0	  2	  0	  0	  0	  1	  0	  0	  0	  0	  0	  0	  0	  0	  1	  0	  2	  0	  0	  0	  0	  0	  6	 15	  0	  1	 12	  0	  1	  1	  0	  1	  0	  3	  0	  0	  0	  0	  0	  0	  0	  0	  0	  0	  0	  0	  3	  0	  0	  0	  0	  1	  0	  0	  0	491	  0	  1	  0	  0	107
U_T3_R3_S1_ITS_S175	149	  9	  0	  4	  0	  0	 18	  1	 11	  0	  0	  2	  0	  1	 28	  0	  0	  9	  0	  3	  0	 60	 12	  2	  0	  1	  0	  0	  0	  1	  0	  0	  0	  0	  0	  0	  0	  0	  0	  0	  0	  0	  0	  0	  0	  0	  0	  2	  0	  0	  0	  5	  7	  4	  0	 10	 30	  0	 11	  4	  0	  0	  0	  1	 11	  2	 14	  0	  0	  0	  9	 56	  0	  2	  0	  2	  2	  7	  1	  0	  1	  0	  0	  1	  0	  0	  0	  0	  0	  0	  0	  2	  8	  0	  0	  0	  0	  0	  0	  0	  0	  0	  3	  5	  0	  6	  0	  1	  0	 31	  2	  0	  5	 16	  0	 18	  0	  6	  5	  1	  2	  0	  0	  3	 17	  3	  0	 10	  0	 15	  0	 47	  1	  9	  0	  0	  0	  5	  0	  0	  1	  0	  1	  0	  1	  1	  3	  2	 35	  0	 10	 20	  0	  4	  0	  4	 34	  0	  0	  0	  1	  0	 47	  0	  0	  0	 10	  6	  4	  0	  0	  0	  1	  0	  0	  0	  6	  2	  0	  0	  5	  0	  0	  0	  0	  0	  0	  0	  1	  0	  0	  0	  0	  0	  0	  0	  0	  0	  0	  0	  0	  0	  0	  0	  0	  0	  0	  0	  0	  0	  0	  0	  0	  0	  0	  0	  0	  0	  0	  0	  0	  0	  0	  0	  0	  0	  0	  0	  0	  0	  0	  0	  0	  0	  0	 14	  3	  0	  0	 19	  0	  0	  0	  0	  0	  0	  0	  0	  0	  0	  0	  0	  0	  0	  0	  0	  0	  0	  0	  6	  0	  0	  0	  0	  0	  0	  0	  1	507	  0	  1	  0	  0	106
U_T3_R3_S2_ITS_S187	119	  4	  0	  5	  0	  0	 18	  0	  4	  0	  0	  1	  1	  1	 12	  0	  0	  0	  1	  0	  0	 23	  4	  0	  0	  0	  0	  0	  1	  3	  0	  0	  0	  0	  0	  0	  0	  0	  0	  1	  0	  0	  0	  0	  0	  0	  4	  0	  0	  0	  1	  6	  9	  8	  0	  5	 19	  0	  6	  8	  0	  0	  0	  0	 10	  0	 12	  0	  0	  1	  9	 65	  0	  3	  0	  8	  0	  4	  0	  2	  2	  0	  0	  0	  0	  1	  0	  0	  0	  0	  0	  1	  5	  0	  0	  0	  0	  0	  0	  0	  2	  0	  0	  6	  0	  6	  0	  4	  0	 22	 11	  0	  1	 16	  0	 19	  0	  4	  6	  0	  1	  0	  5	  0	 15	  3	  4	 12	  0	 12	  0	 43	  2	  7	  0	  0	  0	  1	  1	  0	  0	  1	  0	  0	  2	  0	  5	  1	 41	  0	  3	 34	  0	 10	  0	  3	 23	  0	  0	  0	  0	  0	 57	  0	  0	  2	  4	 10	  9	  0	  0	  0	  0	  0	  2	  0	  0	  3	  0	  0	  1	  0	  0	  0	  0	  0	  0	  0	  0	  0	  0	  0	  0	  0	  0	  0	  5	  0	  0	  0	  0	  0	  0	  0	  4	  0	  0	  0	  0	  0	  0	  0	  0	  0	  0	  0	  3	  0	  2	  0	  0	  1	  0	  1	  0	  0	  0	  0	  1	  4	  0	  1	  0	  0	  0	 13	 12	  0	  2	 21	  0	  0	  0	  0	  0	  0	  5	  0	  0	  3	  0	  0	  0	  0	  0	  1	  0	  1	  0	  1	  0	  0	  0	  0	  0	  0	  0	  0	565	  0	  1	  0	  0	122
U_T3_R3_S3_ITS_S104	 84	 12	  2	  3	  2	  0	  8	  2	  5	  0	  0	  2	  0	  0	 19	  0	  0	  1	  0	  0	  0	  8	  6	  0	  2	  0	  0	  0	  1	  0	  0	  0	  0	  0	  0	  0	  0	  0	  0	  4	  0	  1	  0	  0	  0	  0	  0	  0	  0	  2	  0	  1	 12	  0	  0	  2	  7	  0	  3	  8	  0	  0	  0	  1	  4	  0	 14	  0	  8	  0	  8	 93	  0	  0	  1	  3	  1	  5	  1	  0	  1	  0	  0	  0	  1	  0	  0	  0	  0	  0	  0	  2	  6	 29	  0	  2	  0	  0	  0	  0	  0	  0	  0	  6	  0	  8	  0	  3	  0	 20	  6	  0	  0	 23	  0	 27	  0	  1	  6	  3	  0	  0	  2	  0	 26	  2	  0	 14	  0	  9	  0	 57	  2	  5	  0	  0	  0	  5	  0	  1	  0	  0	  3	  0	  0	  1	  0	  2	 27	  0	  1	 18	  0	  3	  0	  0	 31	  0	  5	  0	  0	  0	 44	  0	  0	  0	  6	  7	  5	  1	  0	  0	  0	  0	  0	  0	  1	  2	  0	  0	  0	  0	  0	  0	  0	  2	  0	  0	  0	  0	  0	  0	  0	  0	  0	  0	  0	  0	  0	  0	  0	  1	  0	  0	  0	  0	  0	  6	  0	  0	  0	  0	  0	  0	  0	  0	  5	  2	  0	  0	  0	  0	  0	  0	  0	  0	  0	  0	  1	  0	  0	  0	  0	  0	  0	  8	  6	  0	  0	 10	  0	  0	  0	  0	  0	  0	  6	  0	  0	  0	  0	  0	  0	  0	  0	  0	  0	  0	  0	  1	  0	  0	  0	  0	  0	  1	  0	  0	665	  0	  0	  0	  0	 96
U_T3_R4_S1_ITS_S116	165	  6	  0	  1	  0	  0	  8	  2	  5	  0	  0	  0	  0	  0	 13	  0	  0	  0	  0	  0	  2	 48	  3	  0	  0	  0	  0	  1	  0	  0	  0	  0	  0	  0	  0	  0	  0	  0	  0	  6	  0	  1	  2	  0	  0	  0	  0	  0	  0	  0	  0	  4	 16	  0	  1	  7	  9	  0	  2	 44	  0	  0	  0	  0	  5	  1	 19	  0	  0	  0	 12	 52	  0	  0	  0	  0	  0	  6	  0	  3	  0	  0	  1	  1	  0	  1	  0	  0	  0	  0	  0	  3	  5	  2	  0	  0	  0	  0	  0	  0	  0	  0	  0	 22	  0	 12	  0	  6	  0	 57	  4	  0	  2	 70	  0	 16	  0	  9	  4	  0	  0	  1	  0	  0	 31	  5	  0	 22	  0	 12	  0	 56	  2	  4	  0	  0	  0	  1	  0	  0	  0	  0	  0	  0	  1	  0	  3	  1	 81	  0	  3	 18	  0	  3	  0	  8	 39	  0	  0	  0	  2	  0	 15	  0	  0	  2	  4	  0	  8	  0	  0	  1	  0	  0	  0	  0	  0	  1	  0	  0	  4	  0	  0	  0	  0	  0	  0	  0	  2	  0	  0	  0	  0	  0	  0	  0	  0	  0	  0	  0	  0	  0	  0	  0	  0	  0	  0	  0	  0	  0	  0	  1	  0	  0	  0	  0	  0	  0	  0	  0	  0	  0	  0	  2	  0	  0	  0	  0	  3	  3	  0	  0	  0	  0	  0	 10	  6	  0	  0	 25	  0	  0	  1	  0	  0	  0	  5	  0	  0	  2	  0	  1	  1	  0	  0	  0	  0	  0	  0	  4	  0	  0	  0	  0	  0	  0	  0	  0	416	  0	  0	  0	  0	101
U_T3_R4_S2_ITS_S128	114	  2	  0	  0	  0	  0	 10	  1	  2	  0	  0	  0	  0	  0	 13	  0	  0	  0	  0	  0	  0	 29	  9	  0	  1	  0	  0	  0	  0	  0	  0	  0	  0	  0	  0	  0	  0	  0	  0	  0	  0	  1	  1	  0	  0	  0	  0	  0	  0	  0	  0	  1	  7	  4	  0	  3	 22	  0	  3	 11	  0	  0	  0	  0	  5	  3	 15	  0	  0	  0	 20	 64	  0	  2	  0	  4	  0	  9	  4	  0	 10	  0	  0	  1	  0	  0	  0	  0	  0	  0	  0	  1	  3	  0	  0	 58	  0	  0	  0	  0	  2	  0	  1	  7	  0	  5	  0	  4	  0	 28	  8	  0	  8	 69	  0	 13	  0	  8	 14	  0	  1	  5	  5	  0	 26	  5	  0	 11	  1	  7	  0	 52	  0	  6	  0	  0	  0	  1	  0	  0	  0	  0	  0	  0	  7	  0	  5	  3	 30	  0	  1	 32	  0	 15	  0	  6	 26	  0	  2	  0	  0	  0	  1	  0	  0	  1	  7	  0	  0	  0	  0	  0	  0	  0	 26	  0	  2	  1	  0	  0	  0	  0	  0	  0	  0	  0	  2	  0	  1	  0	  0	  0	  0	  0	  0	  0	  0	  0	  0	  0	  0	  0	  0	  0	  0	  0	  0	  8	  0	  0	  0	  0	  0	  0	  0	  0	  0	  0	  0	  0	  0	  1	  0	  0	  0	  0	  0	  1	  1	  2	  0	  0	  0	  0	  0	 17	 32	  0	  1	 27	  0	  0	  0	  0	  0	  0	  5	  0	  0	  0	  0	  0	  0	  1	  0	  0	  0	  0	  0	  3	  0	  0	  0	  0	  0	  0	  0	  0	487	  0	  2	  0	  0	 94
U_T3_R4_S3_ITS_S140	147	  3	  2	  2	  0	  0	  8	  1	  7	  0	  0	  0	  1	  0	  6	  0	  0	  0	  0	  0	  0	 11	  5	  2	  0	  0	  0	  0	  0	  1	  0	  0	  0	  0	  0	  0	  0	  0	  0	  1	  0	  1	  1	  0	  0	  0	  0	  1	  0	  0	  0	  5	 10	  9	  0	  4	 15	  0	  7	 30	  0	  0	  0	  0	  8	  4	 22	  0	  0	  0	  5	 65	  0	  6	  0	  4	  1	 12	  1	  0	  4	  0	  0	  2	  0	  0	  0	  0	  1	  0	  0	  7	  0	  0	  0	  0	  0	  0	  0	  0	  0	  1	  1	  7	  0	  7	  0	  6	  0	 34	  9	  0	  0	 86	  0	 35	  4	  3	 13	  1	  0	  7	  0	  0	 25	  6	  0	 21	  2	  9	  0	 49	 10	 10	  0	  0	  2	  1	  0	  0	  0	  0	  2	  0	  0	  0	  0	  0	 22	  0	  0	 22	  2	  2	  0	  6	 40	  0	  4	  0	  0	  2	 12	  0	  0	  0	 16	  0	  1	  0	  0	  0	  0	  0	  0	  0	  0	  1	  0	  0	  3	  0	  1	  0	  0	  1	  0	  3	  0	  0	  0	  0	  1	  0	  0	  0	  0	  0	  0	  0	  0	  0	  0	  0	  0	  0	  0	  4	  0	  0	  0	  4	  0	  0	  0	  0	  0	  0	  0	  0	  0	  0	  0	  0	  0	  0	  0	  1	  4	  2	  0	  0	  0	  2	  0	 27	 11	  0	  3	 18	  0	  0	  0	  0	  0	  0	  3	  0	  0	  2	  0	  0	  0	  0	  0	  0	  0	  0	  5	  7	  0	  0	  0	  0	  0	  1	  0	  0	466	  0	  4	  0	  0	 94
U_T4_R1_S1_ITS_S106	188	 11	  0	  7	  3	  0	  5	  1	 12	  0	  0	  1	  3	  2	 27	  0	  0	  0	  0	  0	  0	 81	  2	  0	  4	  3	  0	  0	  0	  0	  0	  0	  2	  0	  0	  0	  0	  0	  0	  0	  0	  0	  2	  0	  1	  0	  0	  3	  1	  0	  0	  4	 16	  1	  0	  3	 16	  0	  4	  5	  0	  0	  0	  0	  6	  0	  8	  0	  0	  0	 13	 35	  2	  5	  2	  5	  0	  9	  2	  0	  8	  0	  0	  1	  0	  0	  0	  0	  0	  0	  0	  0	  5	 11	  0	  0	  0	  0	  0	  0	  0	  0	  2	 17	  0	 10	  0	  1	  1	 40	  7	  0	 13	 49	  1	 71	  2	 11	 17	  0	  0	  5	  0	  0	 18	  6	  0	  7	  0	 20	  0	 46	  0	  5	  0	  1	  0	  4	  0	  0	  0	  0	  2	  0	  2	  0	  0	  4	 44	  0	  0	 19	  0	  0	  0	  7	 45	  0	  3	  0	  0	  0	 27	  3	  0	  1	  3	 12	  1	  0	  0	  0	  0	  0	  0	  0	  1	  0	  0	  0	  0	  0	  0	  0	  0	  0	  0	  1	  0	  0	  0	  0	  1	  0	  0	  0	  0	  0	  0	  0	  0	  0	  0	  0	  0	  0	  0	  0	  0	  0	  0	  1	  0	  0	  0	  0	  0	  0	  0	  0	  0	  0	  1	  0	  0	  0	  0	  0	  1	  2	  0	  0	  0	  0	  0	  3	 16	  0	  0	 23	  0	  0	  5	  1	  0	  0	  5	  0	  0	  0	  0	  0	  0	  0	  0	  0	  1	  0	  0	  2	  0	  0	  0	  0	  0	  0	  0	  0	365	  0	  7	  0	  0	 87
U_T4_R1_S2_ITS_S118	155	  7	  0	  4	  5	  0	  5	  2	 10	  0	  0	  1	  2	  3	 19	  0	  0	  0	  0	  1	  0	 25	  4	  0	  0	  0	  0	  0	  0	  0	  0	  0	  0	  0	  0	  0	  0	  0	  0	  2	  0	  0	  1	  0	  0	  0	  0	  0	  0	  0	  0	  5	  5	  1	  0	  7	 27	  0	  4	  3	  0	  0	  0	  0	  3	  0	 13	  1	  0	  0	  9	 56	  0	  1	  2	  0	  0	 11	  0	  0	  1	  0	  0	  2	  1	  0	  0	  2	  0	  0	  0	137	  9	  0	  0	  0	  0	  0	  0	  0	  1	  0	  4	  9	  0	  8	  0	 10	  0	 25	 11	  0	  0	 45	  0	 46	  0	  3	 27	  0	  0	  4	  2	  3	 30	  2	  0	 15	  0	 23	  0	 38	  2	  8	  0	  0	  0	 13	  0	  0	  0	  0	  1	  0	  6	  0	  0	  5	 15	  0	 12	 23	  0	  2	  0	  1	 50	  2	  4	  0	  0	  0	 27	  0	  0	  0	  8	  2	  1	  0	  0	  0	  0	  0	  0	  0	  1	  3	  0	  0	  0	  0	  0	  0	  0	  0	  0	  0	  0	  0	  0	  0	  0	  0	  0	  0	  0	  0	  0	  0	  0	  0	  0	  0	  0	  0	  0	 13	  0	  0	  0	  0	  0	  0	  0	  0	  0	  0	  0	  0	  0	  1	  0	  0	  0	  0	  0	  1	  0	  0	  0	  0	  0	  0	  0	  0	 20	  0	  0	 34	  0	  0	  1	  0	  0	  0	  6	  0	  0	  1	  0	  0	  0	  0	  0	  0	  0	  0	  0	  0	  0	  0	  0	  0	  0	  0	  0	  0	373	  0	  0	  0	  0	 82
U_T4_R1_S3_ITS_S130	140	  4	  1	  6	  3	  0	  9	  0	  7	  0	  0	  2	  0	  1	 31	  0	  0	  0	  0	  0	  0	 22	  3	  1	  0	  1	  0	  0	  0	  3	  0	  0	  4	  0	  0	  0	  0	  0	  0	  2	  0	  0	  0	  0	  0	  0	  0	  0	  2	  0	  2	  2	  7	  3	  0	 17	 24	  0	  4	 71	  0	  0	  0	  1	  3	  0	 15	  0	  0	  0	  6	 37	  1	  1	  2	  2	  0	  9	  0	  0	  6	  0	  0	  0	  0	  0	  0	  0	  0	  0	  0	 16	  1	  1	  0	  1	  0	  0	  0	  0	  0	  0	  1	 13	  0	 10	  0	  1	  0	 29	 14	  0	  5	 55	  0	 72	  4	 10	 26	  0	  2	  5	  0	  1	 34	  6	  0	 27	  0	 31	  0	 51	  0	 16	  0	  0	  0	  6	  0	  0	  0	  0	  3	  0	  0	  0	  2	  0	 14	  0	  6	 13	  0	  7	  0	  3	 41	  1	  1	  0	  0	  0	 10	  0	  0	  0	  5	  0	  3	  1	  0	  0	  0	  0	  0	  0	  0	  1	  0	  0	  0	  0	  0	  0	  0	  0	  0	  0	  0	  0	  0	  0	  1	  0	  0	  0	  0	  0	  0	  0	  0	  0	  0	  0	  0	  0	  0	  0	  0	  0	  0	  0	  2	  1	  0	  0	  0	  0	  0	  0	  0	  0	  0	  0	  0	  0	  0	  0	  0	  2	  0	  0	  0	  0	  0	  0	 30	  0	  0	 28	  0	  0	  0	  0	  0	  0	  3	  0	  0	  2	  0	  0	  0	  0	  0	  0	  0	  0	  0	  6	  0	  0	  0	  0	  0	  0	  0	  0	352	  0	  5	  0	  0	134
U_T4_R2_S1_ITS_S142	156	  5	  0	 17	  0	  0	  6	  0	  4	  0	  0	  1	  0	  0	 11	  0	  0	  0	  0	  0	  0	 23	  5	  0	  0	  0	  0	  0	  1	  0	  0	  0	  3	  0	  0	  0	  0	  0	  0	 12	  0	  0	  0	  0	  0	  0	  0	  0	  1	  0	  0	  4	  3	  1	  0	  4	  5	  0	  3	  5	  1	  0	  0	  9	  1	  0	 11	  0	  0	  0	 18	 99	  0	  1	  1	  1	  0	  8	  4	  0	  4	  0	  0	  0	  0	  0	  0	  0	  0	  0	  0	  5	 90	  0	  0	  1	  0	  0	  0	  0	  0	  0	  1	  9	  0	  7	  0	  5	  0	 22	  0	  0	  6	 45	  1	 53	  0	  4	 17	  0	  2	  2	  0	  1	 16	  2	  2	  5	  0	  9	  0	 38	  2	  5	  0	  0	  1	 16	  0	  0	  0	  0	  8	  0	  0	  1	  0	  0	 24	  1	  1	  8	  0	  3	  1	  9	 30	  1	  0	 93	  0	  0	 13	  0	  0	  0	  5	  0	  0	  0	  0	  0	  0	  0	  0	  0	  0	  0	  0	  0	  7	  0	  0	  0	  1	  0	  0	  0	  0	  0	  0	  0	  0	  8	  0	  0	  0	  0	  0	  0	  0	  0	  0	  0	  0	  0	  0	  4	  0	  0	  0	  0	  0	  0	  0	  0	  0	  0	  0	  0	  0	  0	  0	  0	  0	  0	  0	  0	  0	  0	  0	  1	  1	  0	  0	  2	 24	  0	  0	 29	  1	  0	  1	  0	  0	  0	  2	  0	  0	  1	  0	  0	  0	  0	  0	  1	  0	  0	  0	  9	  0	  0	  0	  0	  0	  0	  0	  0	386	  0	  0	  0	  0	 99
U_T4_R2_S2_ITS_S154	129	 12	  0	  3	  0	  0	  8	  0	  3	  0	  0	  0	  0	  2	 22	  0	  0	  0	  0	  0	 18	 37	  7	  0	  3	  0	  0	  0	  0	  0	  0	  0	  3	  0	  0	  0	  0	  0	  0	  0	  0	  0	  2	  0	  0	  0	  0	  2	  0	  0	  0	  8	 11	  0	  0	  7	 76	  0	  1	  6	  0	  0	  0	  2	  7	  0	 30	  0	  0	 13	  3	 31	  0	  0	  2	  0	  0	  4	  0	  0	  2	  0	  0	  0	  0	  0	  0	  0	  0	  2	  0	 67	  5	  0	  0	  0	  0	  0	  0	  0	  0	  0	  0	 10	  0	  9	  3	  0	  0	 39	 16	  0	  4	 49	  0	 42	  0	  7	 46	  0	  3	  2	  0	 17	  9	  3	  0	  8	  0	  9	  0	 57	  5	  6	  0	  0	  0	  8	  0	  0	  0	  0	  1	  0	  1	  0	  3	  0	  9	  0	  0	 19	  0	  5	  0	  3	 41	  0	  0	  0	  0	  0	 17	  0	  0	  0	  5	  0	  0	  0	  0	  0	  0	  0	  0	  0	  0	  0	  0	  0	  0	  0	  0	  0	  0	  3	  0	  0	  0	  0	  0	  0	  0	  0	  0	  0	  0	  0	  0	  0	  0	  0	  0	  0	  0	  0	  0	  5	  0	  0	  0	  0	  0	  0	  0	  0	  0	  0	  0	  0	  0	  3	  0	  0	  0	  0	  0	  0	  1	  3	  0	  0	  0	  0	  0	  0	 25	  0	  0	 42	  0	  0	  0	  0	  0	  0	  4	  0	  0	  0	  0	  0	  0	  0	  0	  0	  0	  0	  0	  5	  0	  0	  0	  0	  0	  0	  0	  0	419	  0	  0	  0	  0	 76
U_T4_R2_S3_ITS_S166	165	  9	  3	  0	  2	  0	  4	  1	  6	  0	  0	  1	  1	  1	 21	  0	  0	  0	  0	  0	  5	 12	  0	  0	  1	  0	  0	  0	  0	  0	  0	  0	  0	  0	  0	  0	  0	  0	  0	  9	  0	  2	  1	  1	  0	  0	  0	  1	  1	  0	  0	 10	 15	  3	  1	 15	 16	  0	  2	 15	  0	  0	  0	  1	  3	  0	 13	  0	  0	  0	  7	 52	  0	  2	  0	  1	  0	  3	  0	  0	  4	  0	  0	  0	  0	  0	  0	  0	  0	  0	  0	  8	 11	  4	  0	  1	  0	  0	  0	  0	  0	  0	  0	  9	  0	  6	  0	  6	  0	 27	 10	  0	  2	 62	  0	 42	  4	  5	 32	  0	 21	  1	  2	  0	 18	  3	  0	  6	  0	 18	  0	 54	  1	  8	  0	  0	  0	 16	  0	  0	  0	  0	  0	  0	  4	  0	  3	  4	 13	  0	  2	 21	  0	  1	  0	 82	 29	  0	  2	  3	  0	  0	 23	  0	  0	  1	  4	  9	  2	  1	  0	  0	  0	  0	  0	  0	  0	  0	  2	  0	  3	  0	  0	  0	  0	  0	  0	  0	  0	  0	  0	  1	  0	  0	  0	  0	  0	  3	  0	  0	  0	  0	  0	  0	  0	  0	  0	  5	  0	  0	  0	  2	  0	  0	  0	  0	  0	  0	  0	  0	  0	  0	  0	  0	  0	  0	  0	  0	  1	  4	  0	  0	  0	  0	  0	  1	 24	  0	  0	 18	  0	  0	  0	  0	  0	  0	  2	  0	  0	  0	  0	  0	  0	  0	  0	  0	  0	  0	  0	  5	  0	  0	  0	  0	  0	  0	  0	  0	416	  0	  2	  0	  0	 90
U_T4_R3_S1_ITS_S178	100	  7	  2	  2	  0	  0	  5	  1	  5	  0	  0	  1	  0	  0	 19	  0	  0	  0	  1	  0	 48	 33	  2	  0	  0	  0	  0	  0	  0	  1	  0	  0	  0	  0	  0	  0	  0	  0	  0	  3	  0	  1	  0	  0	  0	  0	  0	  0	  0	  0	  0	  3	 12	  3	  1	 15	 15	  0	  2	  6	  0	  0	  0	  0	  9	  1	 17	  0	  0	  0	  4	 41	  1	  0	  3	  2	  2	 17	  1	  0	  8	  0	  4	  0	  1	  0	  0	  0	  4	  0	  1	  3	  7	  0	  0	  2	  8	  0	  0	  0	  1	  0	  0	  9	  0	  9	  0	  5	  0	 34	 18	  0	  3	 76	  0	 74	  4	  8	 17	  0	  0	  1	  7	  2	 24	  4	  0	 17	  0	 18	  0	 55	  8	 13	  0	  0	  0	  1	  0	  0	  0	  0	  2	  0	  4	  0	  0	  2	 12	  0	  0	 28	  0	  4	  0	  4	 35	  0	  0	  0	  0	  0	 11	  3	  0	  3	 18	  0	  0	  0	  0	  0	  0	  0	  0	  0	  4	  7	  0	  0	  6	  0	  0	  0	  0	  0	  0	  1	  0	  0	  0	  0	  0	  0	  0	  0	  0	  0	  0	  0	  0	  0	  0	  0	  0	  0	  0	  0	  0	  0	  0	  0	  0	  0	  0	  0	  0	  0	  0	  0	  0	  1	  0	  0	  0	  0	  0	  1	  1	  3	  0	  0	  0	  0	  0	  3	 20	  0	  0	 19	  0	  0	  0	  0	  3	  0	 14	  0	  0	  3	  0	  0	  0	  0	  0	  0	  0	  0	  2	  4	  0	  0	  0	  0	  0	  0	  0	  2	421	  0	  0	  0	  3	 94
U_T4_R3_S2_ITS_S190	103	 11	  2	  1	  0	  1	  6	  1	 18	  0	  0	  0	  0	  2	 28	  0	  0	  0	  0	  2	  0	 10	  4	  0	  0	  0	  0	  0	  0	  1	  0	  0	  1	  0	  0	  0	  0	  0	  0	 18	  2	  0	  1	  0	  0	  0	  0	  2	  0	  0	  0	  1	 22	  1	  1	 13	 33	  0	  5	 36	  0	  1	  0	  0	  5	  1	 28	  0	  0	  0	  4	 58	  0	  0	  1	  0	  0	  8	  2	  0	  6	  0	  0	  1	  0	  0	  0	  0	  0	  0	  0	  0	  2	  4	  0	  2	  0	  1	  0	  0	  0	  0	  2	 16	  0	  8	  0	  8	  0	 67	  6	  0	  0	 56	  0	 30	  0	  6	 36	  0	  0	  2	  0	  1	 51	  3	  0	 17	  0	 22	  0	 37	  4	 13	  0	  0	  0	  8	  0	  0	  0	  0	  0	  0	  5	  0	  1	  2	  3	  0	  6	 36	  0	  4	  0	  7	 43	  0	  1	  0	  0	  0	  4	  0	  0	  0	  6	  0	  1	  0	  0	  0	  0	  0	  0	  0	  0	  2	  0	  0	  0	  0	  0	  2	  0	  0	  2	  0	  0	  0	  0	  0	  0	  0	  0	  0	  0	  0	  0	  1	  0	  0	  0	  0	  0	  0	  0	  0	  0	  0	  0	  0	  0	  0	  0	  0	  0	  0	  0	  0	  0	  2	  3	  0	  0	  0	  0	  0	  2	  4	  0	  0	  7	  0	  0	  0	 11	  0	  0	 37	  0	  0	  0	  0	  0	  0	 21	  0	  0	  6	  1	  0	  0	  0	  0	  0	  0	  0	  0	  3	  0	  0	  0	  0	  0	  0	  0	  0	364	  0	  0	  0	  3	137
U_T4_R3_S3_ITS_S107	 52	  2	  3	  1	  0	  0	  2	  0	  4	  0	  0	  0	  0	  2	 14	  0	  0	  0	  0	  0	  1	 18	  0	  0	  0	  0	  0	  0	  0	  2	  0	  0	  0	  0	  0	  0	  0	  0	  0	  3	  0	  0	  0	  0	  0	  0	  0	  1	  0	  0	  0	  4	  4	  0	  0	  5	 26	  0	  1	 32	  0	  0	  0	  0	  7	  0	 24	  0	  0	  0	 12	 37	  0	  1	  1	  0	  0	  0	  1	  0	 17	  0	  0	  0	  0	  0	  0	  0	  0	  1	  0	  1	  2	  0	  0	  2	  0	  0	  0	  0	  0	  0	  2	 13	  0	  8	  0	  5	  0	 30	  6	  0	  4	 60	  0	 11	  0	  5	 17	  1	  2	  0	  1	  0	 24	  2	  0	 23	  1	 11	  0	 54	  1	  2	  0	  0	  0	 36	  0	  0	  0	  0	  4	  0	 13	  0	  0	  4	 12	  8	  0	 24	  0	  0	  0	  1	 33	  0	  0	 14	  0	  0	 13	  0	  0	  1	 15	  0	  1	  0	  0	  0	  0	  0	  0	  0	  0	  1	  0	  0	  1	  0	  0	  0	  0	  0	  0	  1	  0	  0	  0	  0	  0	  0	  0	  0	  0	  1	  0	  0	  0	  0	  0	  0	  0	  0	  0	  0	  0	  0	  0	  0	  0	  1	  0	  0	  0	  0	  0	  0	  0	  0	  0	  0	  0	  0	  0	  2	  0	  0	  0	  0	  0	  0	  0	  2	160	  0	  0	 35	  4	  0	  0	  0	  0	  0	  8	  1	  0	  5	  0	  0	  0	  0	  0	  0	  0	  0	  0	  5	  0	  0	  0	  0	  0	  0	  0	  0	501	  0	  0	  0	  0	 97
U_T4_R4_S1_ITS_S119	102	  2	  3	  4	  0	  0	  6	  0	  8	  0	  0	  2	  0	  0	 20	  0	  0	  0	  0	  0	 39	 25	  3	  0	  0	  1	  0	  2	  0	  0	  0	  0	  1	  0	  0	  0	  0	  1	  0	  2	  0	  0	  0	  0	  0	  0	  1	  1	  2	  0	  1	  4	 18	  1	  0	 12	 22	  0	  3	  6	  0	  0	  0	  0	 13	  0	  7	  0	  0	  0	  8	 40	  0	  4	  0	  6	  0	  7	  1	  2	 15	  0	  0	  0	  0	  0	  0	  0	  0	  0	  0	  1	  6	  0	  0	  0	  1	  0	  0	  0	  0	  0	  4	 16	  0	  4	  0	 10	  0	 20	 12	  0	  2	 18	  1	 46	  0	  0	 11	  0	  0	  6	  1	  2	 38	  2	  0	 22	  0	  5	  0	 69	  1	  6	  0	  0	  0	  2	  0	  1	  0	  0	  5	  0	  0	  1	  2	  3	  9	  0	  3	 23	  0	  3	  0	  0	 24	  0	  0	  2	  0	  1	 25	  0	  0	  0	 13	  0	  2	  0	  0	  1	  0	  0	  0	  0	  0	  1	  0	  0	  0	  0	  0	  0	  0	  0	  0	  1	  0	  0	  0	  0	  0	  0	  0	  0	  0	  0	  0	  0	  0	  0	  0	  0	  0	  0	  0	  0	 23	  0	  0	  0	  0	  3	  0	  0	  0	  0	  0	  0	  0	  0	  0	  0	  0	  0	  0	  0	  0	  2	  0	  0	  0	  0	  0	  1	  7	  0	  0	 12	  0	  0	  1	  0	  1	  0	  6	  0	  0	  0	  0	  0	  0	  0	  0	  0	  0	  2	  0	  0	  0	  0	  0	  0	  0	  0	  0	  1	588	  1	  0	  0	  0	101
U_T4_R4_S2_ITS_S131	 78	  5	  2	  5	  0	  0	  8	  0	  7	  0	  0	  1	  1	  0	 17	  0	  0	  0	  3	  0	 23	 12	  1	  0	  0	  0	  0	  0	  0	  0	  0	  0	  0	  0	  0	  0	  0	  0	  0	  1	  0	  0	  0	  0	  0	  0	  0	  3	  0	  0	  0	  5	  9	  1	  0	 19	 18	  0	  3	  6	  0	  0	  0	  0	  2	  1	  8	  0	  0	  0	 19	 51	  0	  1	  1	 14	  0	 34	  1	  0	 11	  0	  0	  0	  0	  0	  0	  0	  1	  0	  0	  6	  7	  0	  0	  0	  0	  0	  0	  0	  0	  0	  1	  7	  0	  6	  0	  8	  0	 20	 12	  0	  6	 56	  0	 47	  0	  5	 19	  0	  0	  2	  1	  2	 26	  9	  0	 55	  0	 50	  0	 51	  4	  9	  0	  1	  0	  9	  0	  0	  0	  0	  0	  0	 10	  0	  1	  2	 24	  0	  2	 15	  0	  4	  0	  0	 35	  0	  1	  0	  0	  0	 22	  0	  0	  0	 10	  1	  0	  0	  0	  1	  0	  0	  0	  0	  0	  2	  0	  0	  0	  0	  0	  0	  0	  0	  1	  0	  1	  0	  0	  0	  0	  0	  0	  0	  0	  0	  0	  0	  0	  0	  0	  0	  0	  0	  0	  1	  0	  0	  0	  0	  0	  1	  0	  0	  0	  0	  0	  0	  0	  0	  0	  0	  0	  0	  0	  0	  2	  1	  0	  1	  0	  0	  0	  8	  2	  0	  0	 18	  1	  0	  0	  0	  0	  0	 12	  0	  0	  0	  0	  0	  0	  0	  0	  0	  0	  0	  0	  4	  0	  0	  0	  0	  0	  0	  0	  4	484	  0	  2	  0	  0	106
U_T4_R4_S3_ITS_S143	 80	  4	  1	  3	  0	  0	  6	  1	 21	  0	  0	  2	  1	  0	 24	  0	  0	  0	  0	  0	  0	  4	  2	  0	  0	  0	  0	  1	  1	  0	  0	  0	  0	  0	  0	  0	  0	  0	  0	  0	  0	  0	  0	  0	  0	  0	  0	  0	  1	  0	  0	  1	 21	  3	  0	 11	 23	  0	  4	  5	  0	  0	  0	  0	  8	  1	 14	  0	  0	  0	 16	 53	  0	  5	  0	  3	  0	  5	 10	  0	  5	  0	  0	  0	  1	  0	  0	  0	  0	  0	  0	  5	  6	  1	  0	  0	  0	  0	  0	  0	  0	  0	  2	  9	  0	  2	  0	  9	  0	 18	 11	  0	 10	 47	  0	 46	  0	 12	 40	  1	  0	 15	  3	  0	 30	 19	  0	  8	  0	  2	  0	 47	  1	 14	  0	  0	  2	  4	  0	  0	  0	  1	 10	  0	  1	  0	  0	  5	 14	  0	  7	 20	  0	 22	  0	  0	 26	  9	  0	  5	  0	  0	  6	  0	  0	  2	 16	  0	  2	  0	  0	  1	  0	  0	  0	  0	  0	  0	  0	  0	  1	  0	  0	  0	  0	  1	  0	  0	  0	  0	  0	  0	  0	  0	  0	  0	  0	  0	  0	  0	  3	  0	  0	  0	  0	  0	  0	 32	  0	  0	  0	  0	  0	  2	  0	  0	  0	  0	  0	  0	  0	  0	  0	  0	  0	  0	  0	  0	  2	  8	  0	  0	  0	  0	  0	  0	 11	  0	  1	 15	  0	  0	  0	  0	  0	  0	 12	  0	  0	  1	  0	  0	  0	  0	  0	  0	  1	  0	  0	  1	  0	  0	  0	  0	  0	  0	  0	  1	554	  0	  1	  0	  0	 71
