GENE,GRCh37,p.CHANGE
APP,21:27264073:G:C,p.Lys724Asn
APP,21:27264077:T:C,p.Leu723Pro
APP,21:27264095:T:G,p.Val717Gly
APP,21:27264096:A:C,p.Val717Phe
APP,21:27264096:C:G,p.Val717Leu
APP,21:27264096:G:A,p.Val717Ile
APP,21:27264097:G:C,p.Ile716Met
APP,21:27264098:A:G,p.Ile716Thr
APP,21:27264099:A:T,p.Ile716Phe
APP,21:27264099:C:T,p.Ile716Val
APP,21:27264101:A:G,p.Val715Ala
APP,21:27264102:C:T,p.Val715Met
APP,21:27264104:C:T,p.Thr714Ile
APP,21:27264105:C:T,p.Thr714Ala
APP,21:27264132:C:G,p.Leu705Val
APP,21:27264165:C:T,p.Asp694Asn
APP,21:27264167:C:T,p.Glu693Gly
APP,21:27264168:G:A,p.Glu693Lys
APP,21:27264168:G:C,p.Glu693Gln
APP,21:27264170:C:G,p.Ala692Gly
APP,21:27269917:G:A,p.Asp678Asn
APP,NA,p.APPKM670/671NL
APP,NA,p.Glu682Lys
APP,NA,p.Glu693del
CHMP2B,3:87302571:G:T,p.Asp148Tyr
CHMP2B,3:87302622:C:T,p.Gln165X
CHMP2B,3:87302861:G:C,p.Danishp.
CHMP2B,3:87302948:A:C,p.Gln206His
FUS,16:31193959:TTC:*,p.Ser57del
FUS,16:31196410:G:T,p.Gly225Val
FUS,16:31196424:G:T,p.Gly230Cys
FUS,16:31196436:C:T,p.Arg234Cys
FUS,16:31196437:G:T,p.Arg234Leu
FUS,16:31202718:A:G,p.Arg514Gly
FUS,16:31202720:G:C,p.Arg514Ser
FUS,16:31202721:G:T,p.Gly515Cys
FUS,16:31202729:C:G,p.His517Gln
FUS,16:31202731:G:A,p.Arg518Lys
FUS,16:31202739:C:G,p.Arg521Gly
FUS,16:31202739:C:T,p.Arg521Cys
FUS,16:31202740:G:A,p.Arg521His
FUS,16:31202742:A:G,p.Arg522Gly
FUS,16:31202748:A:T,p.Arg524Trp
FUS,16:31202749:G:C,p.Arg524Thr
FUS,16:31202750:G:C,p.Arg524Ser
FUS,16:31202752:C:T,p.Pro525Leu
FUS,NA,p.Arg244Cys
FUS,NA,p.Gly156Glu
FUS,NA,p.Gly175_Gly176ins
FUS,NA,p.Gly466ValfsX15
FUS,NA,p.Gly507Asp
FUS,NA,p.Ser402_Pro411delinsGGGG
GRN,17:42422705:A:T,p.IVS1+3A>T
GRN,17:42422707:G:C,p.IVS1+5G>C
GRN,17:42426558:A:C,p.Ala9Asp
GRN,17:42426595:-:C,p.Asp22fs
GRN,17:42426622:-:CTGC,p.Cys31fs
GRN,17:42426634:C:*,p.Gly35fs
GRN,17:42426671:G:A,p.IVS2+1G>A
GRN,17:42426809:A:*,p.Thr52fs
GRN,17:42426889:AG:*,p.Gly79fs
GRN,17:42426898:C:*,p.Ser82fs
GRN,17:42427098:C:T,p.Arg110X
GRN,17:42427607:G:*,p.Val121fs
GRN,17:42427619:C:T,p.Gln125X
GRN,17:42427626:CT:*,p.Pro127fs
GRN,17:42427630:TAGT:*,p.Gln130fs
GRN,17:42427815:CTGCTGT:*,p.Cys157fs
GRN,17:42428135:CA:*,p.Ser226fs
GRN,17:42428169:G:A,p.Val200fs
GRN,17:42428169:G:C,p.Val200fs
GRN,17:42428403:A:G,p.Ala237fs
GRN,17:42428455:TG:*,p.Cys253X
GRN,17:42428509:CACT:*,p.Thr272fs
GRN,17:42428730:G:C,p.Val279fs
GRN,17:42428804:C:*,p.Trp304fs
GRN,17:42428806:G:A,p.Trp304X
GRN,17:42428826:CAGGTACCCAGGGGTGGCGGGTGGGTGGGCTGAGCACAGTGTGGCAGGCAGCCGGGCCCCAGTGCCCACCTGCCCTTCTTCATCTGCCCT:C,p.Ala155fs
GRN,17:42428829:G:A,p.Val279fs
GRN,17:42428926:C:A,p.Cys314X
GRN,17:42428982:G:*,p.Gly333fs
GRN,17:42428993:C:T,p.Gln337X
GRN,17:42429079:CT:*,p.Cys366fs
GRN,17:42429128:AC:A,p.Thr382fs
GRN,17:42429141:G:A,p.Trp386X
GRN,17:42429404:C:T,p.Gln401X
GRN,17:42429434:GT:*,p.Val411fs
GRN,17:42429435:-:GT,p.Ala412fs
GRN,17:42429455:C:T,p.Arg418X
GRN,17:42429598:-:C,p.Cys466fs
GRN,17:42429605:C:T,p.Gln468X
GRN,17:42429694:,p.IVS11-15_EX12+177del;?12;A472fs
GRN,17:42429772:C:T,p.Arg493X
GRN,17:42429857:G:A,p.Cys521Tyr
GRN,NA,p.Ala303fs
GRN,NA,p.Ala394fs
GRN,NA,p.Ala472_Gln548del
GRN,NA,p.Ala89fs
GRN,NA,p.Ala89fs
GRN,NA,p.Arg198fs
GRN,NA,p.Asn118fs
GRN,NA,p.Asp285fs
GRN,NA,p.Asp441fs
GRN,NA,p.Cys474fs
GRN,NA,p.Gln257fs
GRN,NA,p.Gln300X
GRN,NA,p.Gln341X
GRN,NA,p.Gln358X
GRN,NA,p.Gln415X
GRN,NA,p.Gln503X
GRN,NA,p.Glu316_Cys397del
GRN,NA,p.Glu498fs
GRN,NA,p.His340fs
GRN,NA,p.Lys259X
GRN,NA,p.Met1
GRN,NA,p.Phe86fs
GRN,NA,p.Pro100fs
GRN,NA,p.Pro357fs
GRN,NA,p.Ser116X
GRN,NA,p.Ser203fs
GRN,NA,p.Ser301fs
GRN,NA,p.Tyr294X
LRRK2,12:40704236:C:G,p.Arg1441Gly
LRRK2,12:40704236:C:T,p.Arg1441Cys
LRRK2,12:40704237:G:A,p.Arg1441His
LRRK2,12:40714916:A:G,p.Tyr1699Cys
LRRK2,12:40734202:G:A,p.Gly2019Ser
LRRK2,12:40734206:C:T,p.Ile2020Thr
MAPT,17:44039717:G:A,p.Arg5His
MAPT,17:44039717:G:T,p.Arg5Leu
MAPT,17:44073978:A:C,p.Lys257Thr
MAPT,17:44073986:A:G,p.Ile260Val
MAPT,17:44074004:C:G,p.Leu266Val
MAPT,17:44074023:G:T,p.Gly272Val
MAPT,17:44087666:G:T,p.IVS9-10G>T;g
MAPT,17:44087690:T:G,p.Asn279Lys
MAPT,17:44087705:T:C,p.Leu284
MAPT,17:44087739:A:C,p.Asn296His
MAPT,17:44087741:T:C,p.Asn296
MAPT,17:44087754:C:A,p.Pro301Thr
MAPT,17:44087754:C:T,p.Pro301Ser
MAPT,17:44087755:C:T,p.Pro301Leu
MAPT,17:44087761:G:T,p.Gly303Val
MAPT,17:44087767:G:A,p.Ser305Asn
MAPT,17:44087768:T:C,p.Ser305
MAPT,17:44087771:G:A,p.IVS10+3G>A
MAPT,17:44087779:T:C,p.IVS10+11T>C
MAPT,17:44087780:C:T,p.IVS10+12C>T
MAPT,17:44087781:A:G,p.IVS10+13A>G
MAPT,17:44087782:C:T,p.IVS10+14C>T
MAPT,17:44087784:C:T,p.IVS10+16C>T
MAPT,17:44087787:C:G,p.IVS10+19C>G
MAPT,17:44091637:T:G,p.Leu315Arg
MAPT,17:44091638:G:A,p.Leu315
MAPT,17:44091643:A:T,p.Lys317Met
MAPT,17:44091652:C:T,p.Ser320Phe
MAPT,17:44095989:G:A,p.Gly335Ser
MAPT,17:44095990:G:T,p.Gly335Val
MAPT,17:44095993:A:G,p.Gln336Arg
MAPT,17:44095995:G:A,p.Val337Met
MAPT,17:44096011:A:T,p.Glu342Val
MAPT,17:44096041:C:T,p.Ser352Leu
MAPT,17:44096073:G:A,p.Val363Ile
MAPT,17:44096092:A:T,p.Lys369Ile
MAPT,17:44101376:G:A,p.Gly389Arg
MAPT,17:44101427:C:T,p.Arg406Trp
MAPT,17:44101481:C:A,p.Gln424Lys
MAPT,17:44101491:C:T,p.Thr427Met
MAPT,NA,p.Gly273Arg
MAPT,NA,p.Ser305Ile
PARK2,6:161771149:-:T,p.Asp460fs
PARK2,6:161771199:C:G,p.Glu444Gln
PARK2,6:161771240:C:T,p.Gly430Asp
PARK2,6:161771243:C:T,p.Gly429Glu
PARK2,6:161781121:-:T,p.Asn428fs
PARK2,6:161781161:G:T,p.Thr415Asn
PARK2,6:161781213:C:T,p.Ala398Thr
PARK2,6:161781222:C:A,p.Glu395Stop
PARK2,6:161807897:G:A,p.Arg366Trp
PARK2,6:161969893:C:T,p.Gly359Asp
PARK2,6:161969918:G:T,p.Thr351Pro
PARK2,6:161969969:G:A,p.Arg334Cys
PARK2,6:161969986:C:T,p.Gly328Glu
PARK2,6:161969997:A:*,p.Val324fs
PARK2,6:161990387:G:T,p.Gln311His
PARK2,6:162206810:A:C,p.Cys289Gly
PARK2,6:162206827:A:G,p.Leu283Pro
PARK2,6:162206837:C:T,p.Asp280Asn
PARK2,6:162206871:A:T,p.Cys268Stop
PARK2,6:162206903:C:T,p.Val258Met
PARK2,6:162394349:G:A,p.Thr240Met
PARK2,6:162394349:G:C,p.Thr240Arg
PARK2,6:162394367:C:T,p.Arg234Gln
PARK2,6:162394433:C:T,p.Cys212Tyr
PARK2,6:162394434:A:C,p.Cys212Gly
PARK2,6:162394435:A:T,p.Lys211Asn
PARK2,6:162475167:T:G,p.Met192Leu
PARK2,6:162622214:A:T,p.Lys161Asn
PARK2,6:162683569:CCA:*,p.Pro133del
PARK2,6:162683592:CAGTGTGCAGAATGACAGCCAGCCCCACAGAGTCTCCTGG:*,p.Pro113fs/ex3?40bp
PARK2,6:162683734:C:A,p.Glu79Stop
PARK2,6:162683747:-:CA,p.Trp74fs
PARK2,6:162864346:A:T,p.Val56Glu
PARK2,6:162864356:-:A,p.Asp53Stop
PARK2,6:162864357:T:*,p.Asn52fs
PARK2,6:162864388:C:G,p.Arg42Pro
PARK2,6:162864388:C:T,p.Arg42His
PARK2,6:162864395:G:A,p.Gln40Stop
PARK2,6:162864410:CCT:C,p.Gln34fs
PARK2,6:162864415:C:T,p.Arg33Gln
PARK2,6:162864416:G:A,p.Arg33Stop
PARK2,6:162864421:G:T,p.Ala31Asp
PARK2,NA,p.Ala291fs
PARK2,NA,p.Arg348fs
PARK2,NA,p.Arg392fs
PARK2,NA,p.c.-39G>T
PARK2,NA,p.Cys238fs
PARK2,NA,p.Cys323fs
PARK2,NA,p.Cys431Phe
PARK2,NA,p.Gln171Stop
PARK2,NA,p.Gln311Stop
PARK2,NA,p.Glu409Stop
PARK2,NA,p.Gly179fs
PARK2,NA,p.IVS1+1G>A
PARK2,NA,p.IVS11-3C>G
PARK2,NA,p.Lys349fs
PARK2,NA,p.Met192Val
PARK2,NA,p.Met1Leu
PARK2,NA,p.partialex4del
PARK2,NA,p.Trp453Stop
PARK7,1:8045041:T:C,p.Leu166Pro
PINK1,1:20960111:A:T,p.Lys24fs
PINK1,1:20960426C:T,p.Gln129Stop
PINK1,1:20964449:C:G,p.Ala168Pro
PINK1,1:20966445:C:T,p.Arg246Stop
PINK1,1:20971144:C:T,p.Thr313Met
PINK1,1:20975547:G:A,p.Trp437Stop
PINK1,1:20975555:A:G,p.Gly440Glu
PINK1,1:20975602:C:T,p.Gln456Stop
PINK1,1:20975627:G:A,p.Arg464His
PINK1,1:20975710:C:T,p.Arg492Stop
PINK1,1:20976994:G:*,p.Lys520fs
PINK1,1:20977183:G:T,p.Stop582Leu
PINK1,NA,p.23bpdelex7
PINK1,NA,p.Asp297fs
PINK1,NA,p.Asp525fs
PINK1,NA,p.Cys549fs
PINK1,NA,p.Cys92Phe
PINK1,NA,p.Gln129fs
PINK1,NA,p.Glu239Stop
PINK1,NA,p.IVS7+1G>A
PINK1,NA,p.Pro196fs
PINK1,NA,p.Tyr258Stop
PSEN1,14:73637653:C:T,p.Ala79Val
PSEN1,14:73637661:C:G,p.Val82Leu
PSEN1,14:73637671:T:C,p.Leu85Pro
PSEN1,14:73637682:A:C,p.Val89Leu
PSEN1,14:73637692:C:G,p.Cys92Ser
PSEN1,14:73637697:G:A,p.Val94Met
PSEN1,14:73637703:G:T,p.Val96Phe
PSEN1,14:73637706:A:C,p.Val97Leu
PSEN1,14:73637730:A:T,p.Phe105Ile
PSEN1,14:73637732:A:C,p.Phe105Leu
PSEN1,14:73637736:T:G,p.Phe105Val
PSEN1,14:73637737:T:G,p.Phe105Cys
PSEN1,14:73637740:G:A,p.Arg108Gln
PSEN1,14:73637755:A:G,p.Leu113Gln
PSEN1,14:73637755:T:C,p.Leu113Pro
PSEN1,14:73640278:G:T,p.Tyr115Asp
PSEN1,14:73640278:T:C,p.Tyr115His
PSEN1,14:73640279:A:G,p.Tyr115Cys
PSEN1,14:73640282:C:A,p.Thr116Asn
PSEN1,14:73640282:C:T,p.Thr116Ile
PSEN1,14:73640284:A:G,p.Pro117Ala
PSEN1,14:73640284:C:T,p.Pro117Ser
PSEN1,14:73640285:C:G,p.Pro117Arg
PSEN1,14:73640285:C:T,p.Pro117Leu
PSEN1,14:73640293:A:G,p.Glu120Lys
PSEN1,14:73640294:A:G,p.Glu120Gly
PSEN1,14:73640295:A:C,p.Glu120Asp
PSEN1,14:73640302:G:A,p.Glu123Lys
PSEN1,14:73640338:A:G,p.Asn135Asp
PSEN1,14:73640339:A:G,p.Asn135Ser
PSEN1,14:73640342:C:G,p.Ala136Gly
PSEN1,14:73640350:A:G,p.Met139Val
PSEN1,14:73640351:A:G,p.Met139Lys
PSEN1,14:73640351:T:C,p.Met139Thr
PSEN1,14:73640352:C:T,p.Met139Ile
PSEN1,14:73640362:A:T,p.Ile143Phe
PSEN1,14:73640363:A:G,p.Ile143Asn
PSEN1,14:73640363:T:C,p.Ile143Thr
PSEN1,14:73640364:T:G,p.Ile143Met
PSEN1,14:73640371:A:G,p.Met146Val
PSEN1,14:73640371:A:T,p.Met146Leu
PSEN1,14:73640373:G:A,p.Met146Ile
PSEN1,14:73640374:A:C,p.Thr147Pro
PSEN1,14:73640375:C:T,p.Thr147Ile
PSEN1,14:73640392:C:G,p.Leu153Val
PSEN1,14:73640395:A:T,p.Tyr154Asn
PSEN1,14:73640396:A:G,p.Tyr154Cys
PSEN1,14:73640401:-:TTATAT,p.InsFI
PSEN1,14:73640411:A:T,p.Tyr159Phe
PSEN1,14:73653567:C:T,p.His163Tyr
PSEN1,14:73653568:A:G,p.His163Arg
PSEN1,14:73653575:C:G,p.Trp165Gly
PSEN1,14:73653575:G:C,p.Trp165Cys
PSEN1,14:73653576:C:G,p.Leu166Val
PSEN1,14:73653576:CTT:*,p.Leu166del
PSEN1,14:73653577:A:T,p.Leu166His
PSEN1,14:73653577:G:T,p.Leu166Arg
PSEN1,14:73653577:T:C,p.Leu166Pro
PSEN1,14:73653585:C:T,p.Ser169Pro
PSEN1,14:73653586:C:T,p.Ser169Leu
PSEN1,14:73653589:C:T,p.Ser170Phe
PSEN1,14:73653592:C:T,p.Leu171Pro
PSEN1,14:73653598:G:T,p.Leu173Trp
PSEN1,14:73653599:C:G,p.Leu173Phe
PSEN1,14:73653600:A:C,p.Leu174Met
PSEN1,14:73653601:G:T,p.Leu174Arg
PSEN1,14:73653609:C:T,p.Phe177Leu
PSEN1,14:73653610:C:T,p.Phe177Ser
PSEN1,14:73653612:C:T,p.Ser178Pro
PSEN1,14:73653628:G:T,p.Gly183Val
PSEN1,14:73653683:T:C,p.Ile168Thr
PSEN1,14:73659355:G:T,p.Glu184Asp
PSEN1,14:73659407:A:T,p.Ile202Phe
PSEN1,14:73659419:A:G,p.Gly206Ser
PSEN1,14:73659420:G:A,p.Gly206Asp
PSEN1,14:73659420:G:C,p.Gly206Ala
PSEN1,14:73659420:G:T,p.Gly206Val
PSEN1,14:73659428:A:G,p.Gly209Arg
PSEN1,14:73659429:G:A,p.Gly209Glu
PSEN1,14:73659429:G:T,p.Gly209Val
PSEN1,14:73659438:A:C,p.Ser212Tyr
PSEN1,14:73659440:A:C,p.Ile213Leu
PSEN1,14:73659440:A:T,p.Ile213Phe
PSEN1,14:73659441:C:T,p.Ile213Thr
PSEN1,14:73659443:C:G,p.His214Asp
PSEN1,14:73659443:C:T,p.His214Tyr
PSEN1,14:73659452:C:G,p.Gly217Arg
PSEN1,14:73659453:A:G,p.Gly217Asp
PSEN1,14:73659458:C:T,p.Leu219Phe
PSEN1,14:73659459:G:T,p.Leu219Arg
PSEN1,14:73659459:T:C,p.Leu219Pro
PSEN1,14:73659468:A:G,p.Gln222Arg
PSEN1,14:73659469:G:C,p.Gln222His
PSEN1,14:73659479:C:T,p.Leu226Phe
PSEN1,14:73659480:T:G,p.Leu134Arg
PSEN1,14:73659480:T:G,p.Leu226Arg
PSEN1,14:73659488:A:T,p.Ile229Phe
PSEN1,14:73659492:G:T,p.Ser230Ile
PSEN1,14:73659493:G:T,p.Ser230Arg
PSEN1,14:73659494:A:G,p.Ala231Thr
PSEN1,14:73659495:C:T,p.Ala231Val
PSEN1,14:73659500:A:G,p.Met233Val
PSEN1,14:73659500:A:T,p.Met233Leu
PSEN1,14:73659501:C:T,p.Met233Thr
PSEN1,14:73659502:C:G,p.Met233Ile
PSEN1,14:73659506:C:G,p.Leu235Val
PSEN1,14:73659507:C:T,p.Leu235Pro
PSEN1,14:73659512:A:G,p.Phe237Ile
PSEN1,14:73659512:T:C,p.Phe237Leu
PSEN1,14:73659517:C:G,p.Ile238Met
PSEN1,14:73659520:C:G,p.Lys239Asn
PSEN1,14:73659536:A:C,p.Thr245Pro
PSEN1,14:73659540:C:A,p.Ala246Glu
PSEN1,14:73659551:G:T,p.Leu250Val
PSEN1,14:73659552:T:C,p.Leu250Ser
PSEN1,14:73659570:A:C,p.Tyr256Ser
PSEN1,14:73664748:C:T,p.Ala260Val
PSEN1,14:73664750:C:G,p.Val261Leu
PSEN1,14:73664750:G:T,p.Val261Phe
PSEN1,14:73664753:T:G,p.Leu262Val
PSEN1,14:73664755:C:G,p.Leu262Phe
PSEN1,14:73664756:C:T,p.Cys263Arg
PSEN1,14:73664757:G:T,p.Cys263Phe
PSEN1,14:73664760:C:T,p.Pro264Leu
PSEN1,14:73664765:G:A,p.Gly266Ser
PSEN1,14:73664768:C:T,p.Pro267Ser
PSEN1,14:73664769:C:T,p.Pro267Leu
PSEN1,14:73664774:C:G,p.Arg269Gly
PSEN1,14:73664775:A:G,p.Arg269His
PSEN1,14:73664780:C:G,p.Leu271Val
PSEN1,14:73664784:C:T,p.Val272Ala
PSEN1,14:73664787:A:C,p.Glu273Ala
PSEN1,14:73664787:A:G,p.Glu273Gly
PSEN1,14:73664790:C:G,p.Thr274Arg
PSEN1,14:73664802:C:G,p.Arg278Thr
PSEN1,14:73664802:G:A,p.Arg278Lys
PSEN1,14:73664802:G:T,p.Arg278Ile
PSEN1,14:73664803:A:C,p.Arg278Ser
PSEN1,14:73664808:A:C,p.Glu280Ala
PSEN1,14:73664808:A:G,p.Glu280Gly
PSEN1,14:73664813:C:G,p.Leu282Val
PSEN1,14:73664813:C:T,p.Leu282Phe
PSEN1,14:73664814:T:G,p.Leu282Arg
PSEN1,14:73664819:C:T,p.Pro284Ser
PSEN1,14:73664820:C:T,p.Pro284Leu
PSEN1,14:73664823:C:T,p.Ala285Val
PSEN1,14:73664825:C:G,p.Leu286Val
PSEN1,14:73664826:C:T,p.Leu286Pro
PSEN1,14:73673096:A:C,p.Thr291Pro
PSEN1,14:73678575:C:T,p.Arg352Cys
PSEN1,14:73678594:G:A,p.Arg358Gln
PSEN1,14:73678614:T:G,p.Ser365Ala
PSEN1,14:73678650:A:T,p.Arg377Trp
PSEN1,14:73683834:G:T,p.Arg377Met
PSEN1,14:73683837:A:C,p.Gly378Glu
PSEN1,14:73683837:G:T,p.Gly378Val
PSEN1,14:73683845:C:G,p.Leu381Val
PSEN1,14:73683855:C:G,p.Gly384Ala
PSEN1,14:73683861:C:T,p.Phe386Ser
PSEN1,14:73683862:A:C,p.Phe386Leu
PSEN1,14:73683873:G:T,p.Ser390Ile
PSEN1,14:73683875:G:T,p.Val391Phe
PSEN1,14:73683878:C:G,p.Leu392Val
PSEN1,14:73683879:C:T,p.Leu392Pro
PSEN1,14:73683885:G:T,p.Gly394Val
PSEN1,14:73683918:A:G,p.Asn405Ser
PSEN1,14:73683927:T:C,p.Ile408Thr
PSEN1,14:73683929:G:A,p.Ala409Thr
PSEN1,14:73683933:G:A,p.Cys410Tyr
PSEN1,14:73683938:G:A,p.Val412Ile
PSEN1,14:73685847:A:C,p.Leu418Phe
PSEN1,14:73685852:G:T,p.Leu420Arg
PSEN1,14:73685863:C:G,p.Leu424Val
PSEN1,14:73685863:C:T,p.Leu424Phe
PSEN1,14:73685864:A:T,p.Leu424His
PSEN1,14:73685864:G:T,p.Leu424Arg
PSEN1,14:73685869:C:G,p.Ala426Pro
PSEN1,14:73685885:C:A,p.Ala431Glu
PSEN1,14:73685885:C:T,p.Ala431Val
PSEN1,14:73685893:A:C,p.Ala434Thr
PSEN1,14:73685896:C:T,p.Leu435Phe
PSEN1,14:73685899:C:T,p.Pro436Ser
PSEN1,14:73685900:C:A,p.Pro436Gln
PSEN1,14:73685909:G:T,p.Ile439Ser
PSEN1,NA,p.869-22_869-23ins18
PSEN1,NA,p.Ala275Val
PSEN1,NA,p.Ala396Thr
PSEN1,NA,p.Ala434Cys
PSEN1,NA,p.Gln223Arg
PSEN1,NA,p.Glu184Gly
PSEN1,NA,p.His131Arg
PSEN1,NA,p.His163Pro
PSEN1,NA,p.Ile143Val
PSEN1,NA,p.Ile168del
PSEN1,NA,p.Ile83Thr
PSEN1,NA,p.Leu150Pro
PSEN1,NA,p.Leu174del
PSEN1,NA,p.Leu235Arg
PSEN1,NA,p.Leu248Arg
PSEN1,NA,p.Leu248Pro
PSEN1,NA,p.Leu381Phe
PSEN1,NA,p.Ser169del
PSEN1,NA,p.Thr99Ala
PSEN2,1:227069661:C:T,p.Thr18Met
PSEN2,1:227069694:G:A,p.Arg29His
PSEN2,1:227069708:G:A,p.Gly34Ser
PSEN2,1:227071448:C:T,p.Arg62Cys
PSEN2,1:227071449:G:A,p.Arg62His
PSEN2,1:227071469:C:G,p.Pro69Ala
PSEN2,1:227071475:C:T,p.Arg71Trp
PSEN2,1:227071518:C:T,p.Ala85Val
PSEN2,1:227073246:A:C,p.Thr122Pro
PSEN2,1:227073247:C:G,p.Thr122Arg
PSEN2,1:227073258:G:A,p.Glu126Lys
PSEN2,1:227073271:C:T,p.Ser130Leu
PSEN2,1:227073297:G:A,p.Val139Met
PSEN2,1:227073303:A:T,p.Asn141Tyr
PSEN2,1:227073304:A:T,p.Asn141Ile
PSEN2,1:227073310:T:A,p.Leu143His
SNCA,4:90749300:C:T,p.Ala53Thr
SNCA,4:90749321:C:T,p.Glu46Lys
SNCA,4:90756731:C:G,p.Ala30Pro
TARDBP,1:11078893:A:G,p.Asp169Gly
TARDBP,1:11082266:A:G,p.Asn267Ser
TARDBP,1:11082325:G:A,p.Gly287Ser
TARDBP,1:11082335:C:G,p.Gly290Ala
TARDBP,1:11082347:C:G,p.Gly294Ala
TARDBP,1:11082347:G:T,p.Gly294Val
TARDBP,1:11082349:A:C,p.Gly295Ser
TARDBP,1:11082349:C:G,p.Gly295Arg
TARDBP,1:11082358:A:G,p.Gly298Ser
TARDBP,1:11082409:G:A ,p.Ala315Thr
TARDBP,1:11082428:C:G,p.Ala321Gly
TARDBP,1:11082428:C:T,p.Ala321Val
TARDBP,1:11082457:A:C,p.Gln331Lys
TARDBP,1:11082461:G:A,p.Ser332Asn
TARDBP,1:11082470:G:A,p.Gly335Asp
TARDBP,1:11082475:A:G,p.Met337Val
TARDBP,1:11082501:A:C,p.Asn345Lys
TARDBP,1:11082508:G:T,p.Gly348Cys
TARDBP,1:11082509:G:T,p.Gly348Val
TARDBP,1:11082521:A:G,p.Asn352Ser
TARDBP,1:11082549:A:C,p.Arg361Ser
TARDBP,1:11082553:C:G,p.Pro363Ala
TARDBP,1:11082588:T:A,p.Tyr374X
TARDBP,1:11082601:C:T,p.Ser379Pro
TARDBP,1:11082602:C:G,p.Ser379Cys
TARDBP,1:11082610:A:G,p.Ala382Thr
TARDBP,1:11082610:C:G,p.Ala382Pro
TARDBP,1:11082613:A:G,p.Ile383Val
TARDBP,1:11082634:A:G,p.Asn390Asp
TARDBP,1:11082635:A:G,p.Asn390Ser
TARDBP,1:11082644:C:T,p.Ser393Leu
TARDBP,NA,p.Gln343Arg
TARDBP,NA,p.Lys263Glu
TBK1,12:64849654:C:T,p.Gln2X
TBK1,12:64858235:C:T,p.Arg117X
TBK1,12:64875767:A:*,p.Thr320fs
TBK1,12:64879775:C:T,p.Arg440X
TBK1,12:64879798:G:A,p.Ala417X
TBK1,12:64882268:AATT:*,p.Ile450fs
TBK1,12:64883824:T:G,p.Tyr482X
TBK1,12:64891000:GAA:*,p.Glu643del
TBK1,12:64891767:G:A,p.Glu696Lys
TBK1,NA,p.Asp167del
TBK1,NA,p.Gln655X
TBK1,NA,p.Gly272_Thr331del
TBK1,NA,p.Ile399fs
TBK1,NA,p.Leu654fs
TBK1,NA,p.Lys401Glu
TBK1,NA,p.Met690_Arg713del
TBK1,NA,p.Pro400fs
TBK1,NA,p.Ser398fs
TBK1,NA,p.Ser518fs
TBK1,NA,p.Thr156fs
TBK1,NA,p.Thr77fs
TBK1,NA,p.Tyr185X
TBK1,NA,p.Val479fs
VCP,9:35065360:C:G,p.Arg155Pro
VCP,9:35064164:C:A,p.Ala232Glu
VCP,9:35067906:C:G,p.Arg95Gly
VCP,9:35065252:G:A,p.Arg191Gln
VCP,9:35065348:G:A,p.Arg159His
VCP,9:35061056:C:A,p.Ala439Ser
VCP,9:35061056:C:G,p.Ala439Pro
VCP,9:35061609:T:G,p.Asn387His
VCP,9:35063002:T:C,p.Thr262Ala
VCP,9:35064266:A:C,p.Leu198Trp
VCP,9:35065349:G:A,p.Arg159Cys
VCP,9:35065355:C:G,p.Gly157Arg
VCP,9:35065360:C:A,p.Arg155Leu
VCP,9:35065360:C:T,p.Arg155His
VCP,9:35065361:G:A,p.Arg155Cys
VCP,9:35065361:G:T,p.Arg155Ser
VCP,9:35066707:G:A,p.Pro137Leu
VCP,9:35067907:G:A,p.Arg95Cys
VCP,9:35067913:G:A,p.Arg93Cys
